tok	normtok	lemma	pos	rfpos	sentstart	fictional	cat
Der	Der	d	ART	ART.Def.Nom.Sg.Masc	yes	yes	x
Guldensack	Guldensack	Guldensack	NN	N.Reg.Nom.Sg.Masc	no	yes	x
Die	Die	d	ART	ART.Def.Nom.Sg.Fem	yes	yes	x
alte	alte	alt	ADJA	ADJA.Pos.Nom.Sg.Fem	no	yes	x
Kramerschusterin	Kramerschusterin	Kramerschusterin	NN	N.Reg.Nom.Sg.Fem	no	yes	x
richtete	richtete	richten	VVFIN	VFIN.Full.3.Sg.Past.Ind	no	yes	x
ihrem	ihrem	ihr	PPOSAT	PRO.Poss.Attr.-.Dat.Sg.Masc	no	yes	x
Sohn	Sohn	Sohn	NN	N.Reg.Dat.Sg.Masc	no	yes	x
,	,	,	$,	SYM.Pun.Comma	no	yes	x
dem	dem	d	ART	ART.Def.Dat.Sg.Masc	no	yes	x
Martl	Martl	Martl	NE	N.Reg.Dat.Sg.Masc	no	yes	x
,	,	,	$,	SYM.Pun.Comma	no	yes	x
die	die	d	ART	ART.Def.Acc.Sg.Fem	no	yes	x
Hochzeit	Hochzeit	Hochzeit	NN	N.Reg.Acc.Sg.Fem	no	yes	x
zu	zu	zu	PTKVZ	PART.Verb	no	yes	x
.	.	.	$.	SYM.Pun.Sent	no	yes	x
Und	Und	und	KON	CONJ.Coord.-	yes	yes	x
da	da	da	KOUS	CONJ.SubFin.-	no	yes	x
es	es	es	PPER	PRO.Pers.Subst.3.Nom.Sg.Neut	no	yes	x
ans	ans	ans	APPRART	APPRART.Acc.Sg.Neut	no	yes	x
Richtigmachen	Richtigmachen	Richtigmachen	NN	N.Reg.Acc.Sg.Neut	no	yes	x
ging	ging	gehen	VVFIN	VFIN.Full.3.Sg.Past.Ind	no	yes	x
,	,	,	$,	SYM.Pun.Comma	no	yes	x
ließ	ließ	lassen	VVFIN	VFIN.Full.3.Sg.Past.Ind	no	yes	x
sie	sie	sie	PPER	PRO.Pers.Subst.3.Nom.Sg.Fem	no	yes	x
den	den	d	ART	ART.Def.Acc.Sg.Masc	no	yes	x
Braunen	Braunen	Braune	NN	N.Reg.Acc.Sg.Masc	no	yes	x
vor	vor	vor	APPR	APPR.Vor	no	yes	x
das	das	d	ART	ART.Def.Acc.Sg.Neut	no	yes	x
Gäuwagerl	Gäuwagerl	Gäuwagerl	NN	N.Reg.Acc.Sg.Neut	no	yes	x
spannen	spannen	spannen	VVINF	VINF.Full.-	no	yes	x
,	,	,	$,	SYM.Pun.Comma	no	yes	x
zog	zog	ziehen	VVFIN	VFIN.Full.3.Sg.Past.Ind	no	yes	x
ihr	ihr	ihr	PPOSAT	PRO.Poss.Attr.-.Acc.Sg.Neut	no	yes	x
Feiertagsgewand	Feiertagsgewand	Feiertagsgewand	NN	N.Reg.Acc.Sg.Neut	no	yes	x
an	an	an	PTKVZ	PART.Verb	no	yes	x
und	und	und	KON	CONJ.Coord.-	no	yes	x
sagte	sagte	sagen	VVFIN	VFIN.Full.3.Sg.Past.Ind	no	yes	x
:	:	:	$.	SYM.Pun.Colon	no	yes	x
»	&quot;	&quot;	$(	N.Reg.Nom.Sg.Masc	no	yes	x
Alsdann	Alsdann	alsdann	ADV	ADV	no	yes	x
,	,	,	$,	SYM.Pun.Comma	no	yes	x
Martl	Martl	Martl	NE	ADJD.Pos	no	yes	x
,	,	,	$,	SYM.Pun.Comma	no	yes	x
jetzt	jetzt	jetzt	ADV	ADV	no	yes	x
fahr	fahre	fahren	VVFIN	VFIN.Full.3.Sg.Pres.Subj	no	yes	x
ma	ma	Ma	NE	N.Name.Nom.Sg.*	no	yes	x
zum	zum	zum	APPRART	APPRART.Dat.Sg.Masc	no	yes	x
Notar	Notar	Notar	NN	N.Reg.Dat.Sg.Masc	no	yes	x
,	,	,	$,	SYM.Pun.Comma	no	yes	x
daß	daß	daß	KOUS	CONJ.SubFin.-	no	yes	x
er	er	er	PPER	PRO.Pers.Subst.3.Nom.Sg.Masc	no	yes	x
mir	mir	mich	PRF	PRO.Pers.Subst.1.Dat.Sg.*	no	yes	x
mein	mein	mein	PPOSAT	PRO.Poss.Attr.-.Nom.Sg.Masc	no	yes	x
Austrag	Austrag	Austrag	NN	N.Reg.Nom.Sg.Masc	no	yes	x
schreibt	schreibt	schreiben	VVFIN	VFIN.Full.3.Sg.Pres.Ind	no	yes	x
.	.	.	$.	SYM.Pun.Sent	no	yes	x
«	&quot;	&quot;	$(	CARD	no	yes	x
Der	Der	d	ART	ART.Def.Nom.Sg.Masc	yes	yes	x
Martl	Martl	Martl	NE	N.Reg.Nom.Sg.Masc	no	yes	x
meinte	meinte	meinen	VVFIN	VFIN.Full.3.Sg.Past.Ind	no	yes	x
freilich	freilich	freilich	ADV	ADV	no	yes	x
,	,	,	$,	SYM.Pun.Comma	no	yes	x
dies	dies	diese	PDS	PRO.Dem.Subst.-.Nom.Sg.Neut	no	yes	x
wär'	wäre	sein	VAFIN	VFIN.Sein.3.Sg.Past.Subj	no	yes	x
doch	doch	doch	ADV	ADV	no	yes	x
nicht	nicht	nicht	PTKNEG	PART.Neg	no	yes	x
notwendig	notwendig	notwendig	ADJD	ADJD.Pos	no	yes	x
bei	bei	bei	APPR	APPR.Dat	no	yes	x
einem	einem	eine	ART	ART.Indef.Dat.Sg.Masc	no	yes	x
Sohn	Sohn	Sohn	NN	N.Reg.Dat.Sg.Masc	no	yes	x
,	,	,	$,	SYM.Pun.Comma	no	yes	x
wie	wie	wie	PWAV	PROADV.Inter	no	yes	x
er	er	er	PPER	PRO.Pers.Subst.3.Nom.Sg.Masc	no	yes	x
einer	einer	eine	ART	PRO.Indef.Subst.-.Nom.Sg.Masc	no	yes	x
sei	sei	sein	VAFIN	VFIN.Sein.3.Sg.Pres.Subj	no	yes	x
;	;	;	$.	SYM.Pun.Sent	no	yes	x
und	und	und	KON	CONJ.Coord.-	no	yes	x
auch	auch	auch	ADV	ADV	no	yes	x
seine	seine	seine	PPOSAT	PRO.Poss.Attr.-.Acc.Sg.Fem	no	yes	x
Hochzeiterin	Hochzeiterin	Hochzeiterin	NN	N.Reg.Acc.Sg.Fem	no	yes	x
,	,	,	$,	SYM.Pun.Comma	no	yes	x
die	die	die	PRELS	ART.Def.Acc.Pl.Masc	no	yes	x
Brunnfärberlies	Brunnfärberlies	Brunnfärberlies	NE	N.Reg.Acc.Pl.Masc	no	yes	x
,	,	,	$,	SYM.Pun.Comma	no	yes	x
pflichtete	pflichtete	pflichten	VVFIN	VFIN.Full.3.Sg.Past.Ind	no	yes	x
ihm	ihm	er	PPER	PRO.Pers.Subst.3.Dat.Sg.*	no	yes	x
darin	darin	darin	PAV	PROADV.Dem	no	yes	x
bei	bei	bei	PTKVZ	PART.Verb	no	yes	x
und	und	und	KON	CONJ.Coord.-	no	yes	x
sagte	sagte	sagen	VVFIN	VFIN.Full.3.Sg.Past.Ind	no	yes	x
:	:	:	$.	SYM.Pun.Colon	no	yes	x
»	&quot;	&quot;	$(	N.Reg.Nom.Sg.Masc	no	yes	x
Zu	Zu	zu	APPR	APPR.Dat	no	yes	x
was	was	was	PRELS	PRO.Indef.Subst.-.*.*.Neut	no	yes	x
an	an	an	APPR	APPR.An	no	yes	x
Notare	Notare	Notar	NN	N.Reg.Acc.Pl.Masc	no	yes	x
!	!	!	$.	SYM.Pun.Sent	no	yes	x
Mir	Mir	Ich	NE	N.Name.Dat.Sg.*	yes	yes	x
san	san	San	NE	ADJD.Pos	no	yes	x
do	da	da	ADV	ADV	no	yes	x
koane	koane	Koane	NE	ADJA.Pos.Nom.Sg.Masc	no	yes	x
Rauber	Räuber	Räuber	NE	N.Reg.Nom.Sg.Masc	no	yes	x
und	und	und	KON	CONJ.Coord.-	no	yes	x
koane	koane	Koane	NE	ADJA.Pos.Nom.Sg.Masc	no	yes	x
Spitzbuam	Spitzbuam	Spitzbuam	NE	N.Reg.Nom.Sg.Masc	no	yes	x
!	!	!	$.	SYM.Pun.Sent	no	yes	x
Mir	Mir	Ich	NE	N.Name.Nom.Sg.*	yes	yes	x
woaß	woaß	Woaß	NE	VFIN.Full.3.Sg.Past.Ind	no	yes	x
do	da	da	ADV	ADV	no	yes	x
selm	selm	Selm	NE	ADJD.Pos	no	yes	x
,	,	,	$,	SYM.Pun.Comma	no	yes	x
was	was	was	PRELS	PRO.Rel.Subst.-.Nom.Sg.Neut	no	yes	x
si	si	Si	NE	ADJD.Pos	no	yes	x
g'hört	gehört	gehören	VVFIN	VFIN.Full.3.Sg.Pres.Ind	no	yes	x
!	!	!	$.	SYM.Pun.Sent	no	yes	x
Bei	Bei	bei	APPR	APPR.Dat	yes	yes	x
ins	ins	ins	APPRART	APPRART.Acc.Sg.Neut	no	yes	x
geht	geht	gehen	VVFIN	VFIN.Full.3.Sg.Pres.Ind	no	yes	x
's	es	es	PPER	PRO.Pers.Subst.3.Nom.Sg.Neut	no	yes	x
enk	eng	eng	ADJD	ADJD.Pos	no	yes	x
gar	gar	gar	ADV	ADV	no	yes	x
nia	nie	nie	ADV	ADV	no	yes	x
schlecht	schlecht	schlecht	ADJD	ADJD.Pos	no	yes	x
,	,	,	$,	SYM.Pun.Comma	no	yes	x
Muatta	Muta	Muta	NN	FM	no	yes	x
.	.	.	$.	SYM.Pun.Sent	no	yes	x
«	&quot;	&quot;	$(	FM	no	yes	x
Aber	Aber	aber	KON	CONJ.Coord.Aber	yes	yes	x
die	die	d	ART	ART.Def.Nom.Sg.Fem	no	yes	x
Kramerschusterin	Kramerschusterin	Kramerschusterin	NN	N.Reg.Nom.Sg.Fem	no	yes	x
lachte	lachte	lachen	VVFIN	VFIN.Full.3.Sg.Past.Ind	no	yes	x
bloß	bloß	bloß	ADV	ADV	no	yes	x
ein	ein	eine	ART	ART.Indef.Nom.Sg.Neut	no	yes	x
seltsames	seltsames	seltsam	ADJA	ADJA.Pos.Nom.Sg.Neut	no	yes	x
Lachen	Lachen	Lachen	NN	N.Reg.Nom.Sg.Neut	no	yes	x
und	und	und	KON	CONJ.Coord.-	no	yes	x
erwiderte	erwiderte	erwidern	VVFIN	VFIN.Full.3.Sg.Past.Ind	no	yes	x
nichts	nichts	nichts	PIS	PRO.Indef.Subst.-.*.*.Neut	no	yes	x
weiter	weiter	weiter	ADV	ADV	no	yes	x
als	als	als	KOKOM	APPR.Als	no	yes	x
:	:	:	$.	SYM.Pun.Colon	no	yes	x
»	&quot;	&quot;	$(	N.Reg.Nom.Sg.Fem	yes	yes	x
Die	Die	d	ART	ART.Def.Nom.Pl.Neut	no	yes	x
weißen	weißen	weiß	ADJA	ADJA.Pos.Nom.Pl.Neut	no	yes	x
Haar	Haar	Haar	NN	N.Reg.Nom.Sg.Neut	no	yes	x
und	und	und	KON	CONJ.Coord.-	no	yes	x
der	der	d	ART	ART.Def.Nom.Sg.Masc	no	yes	x
Schimmel	Schimmel	Schimmel	NN	N.Reg.Nom.Sg.Masc	no	yes	x
am	am	am	APPRART	APPRART.Dat.Sg.Neut	no	yes	x
Brot	Brot	Brot	NN	N.Reg.Dat.Sg.Neut	no	yes	x
wachsen	wachsen	wachsen	VVINF	VFIN.Full.3.Pl.Pres.Ind	no	yes	x
,	,	,	$,	SYM.Pun.Comma	no	yes	x
bal	Ball	Ball	NN	N.Reg.Nom.Sg.Masc	no	yes	x
d'	d'	D'	NE	N.Name.*.*.*	no	yes	x
Kinder	Kinder	Kind	NN	N.Reg.Nom.Pl.Neut	no	yes	x
Herr	Herr	Herr	NN	N.Reg.Nom.Sg.Masc	no	yes	x
werden	werden	werden	VAINF	VINF.Aux.-	no	yes	x
.	.	.	$.	SYM.Pun.Sent	no	yes	x
–	-	-	$(	SYM.Pun.Hyph	yes	yes	x
Bevor	Bevor	bevor	KOUS	CONJ.SubFin.-	yes	yes	x
ma	ma	Ma	NE	N.Name.*.*.*	no	yes	x
si	si	Si	NE	N.Name.*.*.*	no	yes	x
net	net	Net	NE	N.Name.*.*.*	no	yes	x
niederlegt	niederlegt	niederlegen	VVFIN	VFIN.Full.3.Sg.Pres.Ind	no	yes	x
,	,	,	$,	SYM.Pun.Comma	no	yes	x
soll	soll	sollen	VMFIN	VFIN.Mod.3.Sg.Pres.Ind	no	yes	x
ma	ma	Ma	NE	N.Name.*.*.*	no	yes	x
si	si	Si	NE	N.Name.*.*.*	no	yes	x
net	net	Net	NE	N.Name.*.*.*	no	yes	x
ganz	ganz	ganz	ADV	ADV	no	yes	x
ausziagn	ausziagn	Ausziagn	NE	VINF.Full.-	no	yes	x
.	.	.	$.	SYM.Pun.Sent	no	yes	x
Kunnt	kund	kund	PTKVZ	PART.Verb	yes	yes	x
mir	mir	ich	PPER	PRO.Pers.Subst.1.Dat.Sg.*	no	yes	x
leicht	leicht	leicht	ADJD	ADJD.Pos	no	yes	x
aa	aa	Aa	NE	ADJD.Pos	no	yes	x
geh'	gehe	gehen	VVFIN	VFIN.Full.3.Sg.Pres.Subj	no	yes	x
wia	wie	wie	KOKOM	CONJ.Comp.-	no	yes	x
mein	mein	mein	PPOSAT	PRO.Poss.Attr.-.Nom.Sg.Masc	no	yes	x
Baserl	Baserl	Baserl	NN	N.Reg.Nom.Sg.Masc	no	yes	x
,	,	,	$,	SYM.Pun.Comma	no	yes	x
der	der	d	ART	PRO.Rel.Subst.-.Nom.Sg.Masc	no	yes	x
alten	alten	alt	ADJA	ADJA.Pos.Acc.Sg.Masc	no	yes	x
Windlsusann	Windlsusann	Windlsusann	NN	N.Reg.Acc.Sg.Masc	no	yes	x
,	,	,	$,	SYM.Pun.Comma	no	yes	x
oder	oder	oder	KON	CONJ.Coord.-	no	yes	x
mein	mein	mein	PPOSAT	PRO.Poss.Attr.-.Nom.Sg.Masc	no	yes	x
Vettern	Vettern	Vetter	NN	N.Reg.Nom.Pl.Masc	no	yes	x
,	,	,	$,	SYM.Pun.Comma	no	yes	x
an	an	an	APPR	APPR.An	no	yes	x
Schimmelkaschban	Schimmelkaschban	Schimmelkaschban	NN	N.Name.Nom.Sg.*	no	yes	x
vo	vo	vo	XY	N.Name.Nom.Sg.*	no	yes	x
Kreiz	Kreiz	Kreiz	NE	N.Name.Dat.Sg.*	no	yes	x
.	.	.	$.	SYM.Pun.Sent	no	yes	x
«	&quot;	&quot;	$(	N.Reg.Nom.Sg.Masc	no	yes	x
Ach	Ach	ach	ITJ	ITJ	yes	yes	freeIndirect
ja	ja	ja	ITJ	ITJ	no	yes	freeIndirect
–	-	-	$(	SYM.Pun.Hyph	no	yes	freeIndirect
der	der	d	ART	ART.Def.Nom.Sg.Masc	no	yes	freeIndirect
Schimmelkaschber	Schimmelkascheber	Schimmelkascheber	NN	N.Reg.Nom.Sg.Masc	no	yes	freeIndirect
!	!	!	$.	SYM.Pun.Sent	no	yes	freeIndirect
Das	Das	die	PDS	PRO.Dem.Subst.-.Nom.Sg.Neut	yes	yes	x
mag	mag	mögen	VMFIN	VFIN.Mod.3.Sg.Pres.Ind	no	yes	x
jetzt	jetzt	jetzt	ADV	ADV	no	yes	x
leichtlich	leichtlich	leichtlich	ADJD	ADV	no	yes	x
an	an	an	PTKVZ	APPR.An	no	yes	x
die	die	d	ART	ART.Def.Acc.Pl.Neut	no	yes	x
fünfzig	fünfzig	fünfzig	CARD	CARD	no	yes	x
Jahre	Jahre	Jahr	NN	N.Reg.Acc.Pl.Neut	no	yes	x
her	her	her	APZR	APZR	no	yes	x
sein	sein	sein	VAINF	VINF.Sein.-	no	yes	x
;	;	;	$.	SYM.Pun.Sent	no	yes	x
da	da	da	ADV	ADV	no	yes	x
kam	kam	kommen	VVFIN	VFIN.Full.3.Sg.Past.Ind	no	yes	x
dem	dem	d	ART	ART.Def.Dat.Sg.Masc	no	yes	x
Kaschber	Kaschber	Kaschber	NN	N.Reg.Dat.Sg.Masc	no	yes	x
ein	ein	eine	ART	ART.Indef.Acc.Sg.Neut	no	yes	x
neues	neues	neu	ADJA	ADJA.Pos.Acc.Sg.Neut	no	yes	x
Regiment	Regiment	Regiment	NN	N.Reg.Acc.Sg.Neut	no	yes	x
ins	ins	ins	APPRART	APPRART.Acc.Sg.Neut	no	yes	x
Haus	Haus	Haus	NN	N.Reg.Acc.Sg.Neut	no	yes	x
.	.	.	$.	SYM.Pun.Sent	no	yes	x
Sein	Sein	sein	PPOSAT	PRO.Poss.Attr.-.Nom.Sg.Masc	yes	yes	x
einziger	einziger	einzig	ADJA	ADJA.Pos.Nom.Sg.Masc	no	yes	x
Bub	Bub	Bub	NN	N.Reg.Nom.Sg.Masc	no	yes	x
,	,	,	$,	SYM.Pun.Comma	no	yes	x
der	der	d	ART	ART.Def.Nom.Sg.Masc	no	yes	x
Simmer	Simmer	Simmer	NE	N.Reg.Nom.Sg.Masc	no	yes	x
,	,	,	$,	SYM.Pun.Comma	no	yes	x
hatte	hatte	haben	VAFIN	VFIN.Haben.3.Sg.Past.Ind	no	yes	x
ihm	ihm	er	PPER	PRO.Pers.Subst.3.Dat.Sg.Masc	no	yes	x
eine	eine	eine	ART	ART.Indef.Acc.Sg.Fem	no	yes	x
Hochzeiterin	Hochzeiterin	Hochzeiterin	NN	N.Reg.Acc.Sg.Fem	no	yes	x
heimgebracht	heimgebracht	heimbringen	VVPP	VPP.Full.Psp	no	yes	x
:	:	:	$.	SYM.Pun.Colon	no	yes	x
die	die	d	ART	ART.Def.Acc.Sg.Fem	no	yes	x
Lebzelterannemirl	Lebzelterannemirl	Lebzelterannemirl	NN	N.Reg.Acc.Sg.Fem	no	yes	x
.	.	.	$.	SYM.Pun.Sent	no	yes	x
Und	Und	und	KON	CONJ.Coord.-	yes	yes	x
da	da	da	KOUS	CONJ.SubFin.-	no	yes	x
dem	dem	d	ART	ART.Def.Dat.Sg.Masc	no	yes	x
Kaschber	Kaschber	Kaschber	NN	N.Reg.Dat.Sg.Masc	no	yes	x
sein	sein	sein	PPOSAT	PRO.Poss.Attr.-.Nom.Sg.Masc	no	yes	x
Buckel	Buckel	Buckel	NN	N.Reg.Nom.Sg.Masc	no	yes	x
sich	sich	sich	PRF	PRO.Refl.Subst.3.Acc.Sg.*	no	yes	x
gemach	gemach	gemach	ADV	ADV	no	yes	x
krummte	krumte	krumen	VVFIN	VFIN.Full.3.Sg.Past.Ind	no	yes	x
wie	wie	wie	KOKOM	CONJ.Comp.-	no	yes	x
der	der	d	ART	ART.Def.Nom.Sg.Masc	no	yes	x
Stamm	Stamm	Stamm	NN	N.Reg.Nom.Sg.Masc	no	yes	x
des	des	d	ART	ART.Def.Gen.Sg.Neut	no	yes	x
alten	alten	alt	ADJA	ADJA.Pos.Gen.Sg.Neut	no	yes	x
Zwetschgenbaumes	Zwetschgenbaumes	Zwetschgenbaum	NN	N.Reg.Gen.Sg.Neut	no	yes	x
vor	vor	vor	APPR	APPR.Vor	no	yes	x
seiner	seiner	seine	PPOSAT	PRO.Poss.Attr.-.Dat.Sg.Fem	no	yes	x
Haustür	Haustür	Haustür	NN	N.Reg.Dat.Sg.Fem	no	yes	x
,	,	,	$,	SYM.Pun.Comma	no	yes	x
da	da	da	KOUS	CONJ.SubFin.-	no	yes	x
er	er	er	PPER	PRO.Pers.Subst.3.Nom.Sg.Masc	no	yes	x
auch	auch	auch	ADV	ADV	no	yes	x
seinem	seinem	seine	PPOSAT	PRO.Poss.Attr.-.Dat.Sg.Neut	no	yes	x
guten	guten	gut	ADJA	ADJA.Pos.Dat.Sg.Neut	no	yes	x
und	und	und	KON	CONJ.Coord.-	no	yes	x
rechtschaffenen	rechtschaffenen	rechtschaffen	ADJA	ADJA.Pos.Dat.Sg.Neut	no	yes	x
Handwerk	Handwerk	Handwerk	NN	N.Reg.Dat.Sg.Neut	no	yes	x
,	,	,	$,	SYM.Pun.Comma	no	yes	x
der	der	d	ART	ART.Def.Dat.Sg.Fem	no	yes	x
Schuhmacherei	Schuhmacherei	Schuhmacherei	NN	N.Reg.Dat.Sg.Fem	no	yes	x
,	,	,	$,	SYM.Pun.Comma	no	yes	x
nimmer	nimmer	nimmer	ADV	ADV	no	yes	x
so	so	so	ADV	ADV	no	yes	x
nachgehen	nachgehen	nachgehen	VVINF	VINF.Full.-	no	yes	x
konnte	konnte	können	VMFIN	VFIN.Mod.3.Sg.Past.Ind	no	yes	x
,	,	,	$,	SYM.Pun.Comma	no	yes	x
wie	wie	wie	PWAV	PROADV.Inter	no	yes	x
es	es	es	PPER	PRO.Pers.Subst.3.Nom.Sg.Neut	no	yes	x
notgetan	notgetan	nottuen	VVPP	VPP.Full.Psp	no	yes	x
hätte	hätte	haben	VAFIN	VFIN.Haben.3.Sg.Past.Subj	no	yes	x
,	,	,	$,	SYM.Pun.Comma	no	yes	x
so	so	so	ADV	ADV	no	yes	x
legte	legte	legen	VVFIN	VFIN.Full.3.Sg.Past.Ind	no	yes	x
er	er	er	PPER	PRO.Pers.Subst.3.Nom.Sg.Masc	no	yes	x
Ahle	Ahle	Ahle	NN	N.Reg.Acc.Sg.Fem	no	yes	x
und	und	und	KON	CONJ.Coord.-	no	yes	x
Zwirn	Zwirn	Zwirn	NN	N.Reg.Acc.Sg.Masc	no	yes	x
beiseite	beiseite	beiseite	PTKVZ	PART.Verb	no	yes	x
,	,	,	$,	SYM.Pun.Comma	no	yes	x
zog	zog	ziehen	VVFIN	VFIN.Full.3.Sg.Past.Ind	no	yes	x
den	den	d	ART	ART.Def.Acc.Sg.Masc	no	yes	x
pichigen	pichen	pichen	VVFIN	ADJA.Pos.Acc.Sg.Masc	no	yes	x
Schaberer	Schabere	Schabere	NN	N.Reg.Acc.Sg.Masc	no	yes	x
aus	aus	aus	PTKVZ	PART.Verb	no	yes	x
und	und	und	KON	CONJ.Coord.-	no	yes	x
meinte	meinte	meinen	VVFIN	VFIN.Full.3.Sg.Past.Ind	no	yes	x
:	:	:	$.	SYM.Pun.Colon	no	yes	x
»	&quot;	&quot;	$(	ADJA.Pos.Nom.Sg.Neut	yes	yes	x
Ja	Ja	ja	PTKANT	N.Reg.Nom.Sg.Neut	no	yes	x
no	no	No	NE	N.Name.Nom.Sg.*	no	yes	x
,	,	,	$,	SYM.Pun.Comma	no	yes	x
in	in	in	APPR	APPR.In	no	yes	x
Gottesnam	Gottesnam	Gottesnam	NE	N.Name.Dat.Sg.Neut	no	yes	x
.	.	.	$.	SYM.Pun.Sent	no	yes	x
Muaßt	Muaßt	Muaßt	NE	VIMP.Full.2.Pl	yes	yes	x
halt	halte	halten	VVFIN	VFIN.Full.1.Sg.Pres.Ind	no	yes	x
du	du	du	PPER	PRO.Pers.Subst.2.Nom.Sg.*	no	yes	x
weiterwerka	weiterwerke	weiterwerken	VVFIN	VFIN.Full.1.Sg.Pres.Ind	no	yes	x
,	,	,	$,	SYM.Pun.Comma	no	yes	x
Simmer	Simmer	Simmer	NE	ADJD.Comp	no	yes	x
.	.	.	$.	SYM.Pun.Sent	no	yes	x
Du	Du	du	PPER	PRO.Pers.Subst.2.Nom.Sg.*	yes	yes	x
hast	hast	haben	VAFIN	VFIN.Haben.2.Sg.Pres.Ind	no	yes	x
es	es	es	PPER	PRO.Pers.Subst.3.Acc.Sg.Neut	no	yes	x
ehnder	ehnder	Ehnder	NE	ADJD.Comp	no	yes	x
im	im	im	APPRART	APPRART.Dat.Sg.Masc	no	yes	x
Kreiz	Kreiz	Kreiz	NE	N.Reg.Dat.Sg.Masc	no	yes	x
und	und	und	KON	CONJ.Coord.-	no	yes	x
in	in	in	APPR	APPR.In	no	yes	x
die	die	d	ART	ART.Def.Acc.Sg.Fem	no	yes	x
Arm	Arm	Arm	NN	N.Reg.Acc.Sg.Masc	no	yes	x
,	,	,	$,	SYM.Pun.Comma	no	yes	x
daß	daß	daß	KOUS	CONJ.SubFin.-	no	yes	x
d'	d'	D'	NE	N.Name.*.*.*	no	yes	x
an	an	an	APPR	PART.Verb	no	yes	x
Pechdraht	Pechdraht	Pechdraht	NN	VFIN.Full.3.Sg.Pres.Ind	no	yes	x
durchziagst	durchziagst	Durchziagst	NE	ADJD.Pos	no	yes	x
durch	durch	durch	APPR	APPR.Acc	no	yes	x
Oberleder	Oberleder	Oberleder	NN	N.Reg.Acc.Sg.Neut	no	yes	x
,	,	,	$,	SYM.Pun.Comma	no	yes	x
Brandsohl'n	Brandsohlen	Brandsohle	NN	N.Reg.Acc.Pl.Fem	no	yes	x
und	und	und	KON	CONJ.Coord.-	no	yes	x
Sohlleder	Sohlleder	Sohlleder	NN	N.Reg.Acc.Pl.Neut	no	yes	x
,	,	,	$,	SYM.Pun.Comma	no	yes	x
daß	daß	daß	KOUS	CONJ.SubFin.-	no	yes	x
aus	aus	aus	APPR	APPR.Dat	no	yes	x
dera	Derra	Derra	NE	N.Name.Dat.Sg.*	no	yes	x
Dreifaltigkeit	Dreifaltigkeit	Dreifaltigkeit	NN	N.Reg.Acc.Sg.Fem	no	yes	x
a	a	A	NE	APPR.-	no	yes	x
feste	feste	fest	ADJA	ADJA.Pos.Acc.Sg.Fem	no	yes	x
Dreieinigkeit	Dreieinigkeit	Dreieinigkeit	NN	N.Reg.Acc.Sg.Fem	no	yes	x
wird	wird	werden	VAFIN	VFIN.Aux.3.Sg.Pres.Ind	no	yes	x
.	.	.	$.	SYM.Pun.Sent	no	yes	x
Heirat	Heirat	Heirat	NN	N.Reg.Acc.Sg.Fem	yes	yes	x
dei	dei	Dei	NE	CARD	no	yes	x
Annemirl	Annemirl	Annemirl	NE	N.Name.Nom.Sg.Neut	no	yes	x
und	und	und	KON	CONJ.Coord.-	no	yes	x
haus	Haus	Haus	NN	N.Name.Nom.Sg.Neut	no	yes	x
guat	gut	gut	ADJD	ADJD.Pos	no	yes	x
.	.	.	$.	SYM.Pun.Sent	no	yes	x
Mei'	Mai	Mai	NN	N.Name.Gen.Sg.*	yes	yes	x
Geld	Geld	Geld	NN	N.Reg.Nom.Sg.Neut	no	yes	x
und	und	und	KON	CONJ.Coord.-	no	yes	x
mein	mein	mein	PPOSAT	PRO.Poss.Attr.-.Nom.Sg.Masc	no	yes	x
Seg'n	Segen	Segen	NN	N.Reg.Nom.Sg.Masc	no	yes	x
sollts	sollte_es	sollen_es	VMFIN	N.Name.*.*.*	no	yes	x
hab	habe	haben	VAFIN	VFIN.Haben.3.Sg.Pres.Subj	no	yes	x
'n	'n	Eine	NE	N.Name.*.*.*	no	yes	x
.	.	.	$.	SYM.Pun.Sent	no	yes	x
«	&quot;	&quot;	$(	ADJA.Pos.Nom.Sg.Masc	no	yes	x
Heißa	Heiße	heiß	ADJA	N.Reg.Nom.Sg.Masc	yes	yes	freeIndirect
!	!	!	$.	SYM.Pun.Sent	no	yes	freeIndirect
Da	Da	da	ADV	ADV	yes	yes	freeIndirect
gab	gab	geben	VVFIN	VFIN.Full.3.Sg.Past.Ind	no	yes	freeIndirect
's	es	es	PPER	PRO.Pers.Subst.3.Nom.Sg.Neut	no	yes	freeIndirect
eine	eine	eine	ART	ART.Indef.Acc.Sg.Fem	no	yes	freeIndirect
lustige	lustige	lustig	ADJA	ADJA.Pos.Acc.Sg.Fem	no	yes	freeIndirect
Hochzeit	Hochzeit	Hochzeit	NN	N.Reg.Acc.Sg.Fem	no	yes	freeIndirect
und	und	und	KON	CONJ.Coord.-	no	yes	freeIndirect
einen	einen	eine	ART	ART.Indef.Acc.Sg.Masc	no	yes	freeIndirect
fröhlichen	fröhlichen	fröhlich	ADJA	ADJA.Pos.Acc.Sg.Masc	no	yes	freeIndirect
Einstand	Einstand	Einstand	NN	N.Reg.Acc.Sg.Masc	no	yes	freeIndirect
!	!	!	$.	SYM.Pun.Sent	no	yes	freeIndirect
Und	Und	und	KON	CONJ.Coord.-	yes	yes	x
des	des	d	ART	ART.Def.Gen.Sg.Neut	no	yes	x
Lebzelters	Lebzelters	Lebzelter	NN	N.Reg.Gen.Sg.Neut	no	yes	x
Annemirl	Annemirl	Annemirl	NE	N.Name.Nom.Sg.Neut	no	yes	x
wurde	wurde	werden	VAFIN	VFIN.Aux.3.Sg.Past.Ind	no	yes	x
eine	eine	eine	ART	ART.Indef.Nom.Sg.Fem	no	yes	x
gar	gar	gar	ADV	ADV	no	yes	x
riegelsame	Riegelsame	riegelsame	ADJA	ADJA.Pos.Nom.Sg.Fem	no	yes	x
Schimmelschusterin	Schimmelschusterin	Schimmelschusterin	NN	N.Reg.Nom.Sg.Fem	no	yes	x
und	und	und	KON	CONJ.Coord.-	no	yes	x
war	war	sein	VAFIN	VFIN.Sein.3.Sg.Past.Ind	no	yes	x
so	so	so	ADV	ADV	no	yes	x
honigsüß	honigsüß	honigsüß	ADJD	ADJD.Pos	no	yes	x
mit	mit	mit	APPR	APPR.Dat	no	yes	x
ihrem	ihrem	ihr	PPOSAT	PRO.Poss.Attr.-.Dat.Sg.Masc	no	yes	x
Schwiegervater	Schwiegervater	Schwiegervater	NN	N.Reg.Dat.Sg.Masc	no	yes	x
,	,	,	$,	SYM.Pun.Comma	no	yes	x
grad	gerade	gerade	ADV	ADV	no	yes	x
wie	wie	wie	KOKOM	CONJ.Comp.-	no	yes	x
ein	ein	eine	ART	ART.Indef.Nom.Sg.Neut	no	yes	x
Mettränklein	Metteränklein	Metteranklein	NN	N.Reg.Nom.Sg.Neut	no	yes	x
oder	oder	oder	KON	CONJ.Coord.-	no	yes	x
ein	ein	eine	ART	ART.Indef.Nom.Sg.Neut	no	yes	x
Zuckerzelten	Zuckerzelten	Zuckerzelt	NN	N.Reg.Nom.Sg.Neut	no	yes	x
aus	aus	aus	APPR	APPR.Dat	no	yes	x
ihres	ihres	ihr	PPOSAT	PRO.Poss.Attr.-.Gen.Sg.Masc	no	yes	x
Vaters	Vaters	Vater	NN	N.Reg.Gen.Sg.Masc	no	yes	x
süßer	süßer	süß	ADJA	ADJA.Pos.Gen.Sg.Fem	no	yes	x
Werkstatt	Werkstatt	Werkstatt	NN	N.Reg.Gen.Sg.Fem	no	yes	x
.	.	.	$.	SYM.Pun.Sent	no	yes	x
So	So	so	ADV	ADV	yes	yes	x
mag	mag	mögen	VMFIN	VFIN.Mod.3.Sg.Pres.Ind	no	yes	x
's	es	es	PPER	PRO.Pers.Subst.3.Nom.Sg.Neut	no	yes	x
auch	auch	auch	ADV	ADV	no	yes	x
gekommen	gekommen	kommen	VVPP	VPP.Full.Psp	no	yes	x
sein	sein	sein	VAINF	VINF.Sein.-	no	yes	x
,	,	,	$,	SYM.Pun.Comma	no	yes	x
daß	daß	daß	KOUS	CONJ.SubFin.-	no	yes	x
der	der	d	ART	ART.Def.Nom.Sg.Masc	no	yes	x
gut	gut	gut	ADJD	ADJD.Pos	no	yes	x
'	'	'	$(	SYM.Quot.Right	no	yes	x
Schimmelkaschber	Schimmelkascheber	Schimmelkascheber	NN	N.Reg.Nom.Sg.Masc	no	yes	x
willig	willig	willig	ADJD	ADJD.Pos	no	yes	x
und	und	und	KON	CONJ.Coord.-	no	yes	x
zufrieden	zufrieden	zufrieden	ADJD	ADJD.Pos	no	yes	x
in	in	in	APPR	APPR.In	no	yes	x
seine	seine	seine	PPOSAT	PRO.Poss.Attr.-.Acc.Sg.Fem	no	yes	x
Austragskammer	Austragskammer	Austragskammer	NN	N.Reg.Acc.Sg.Fem	no	yes	x
zog	zog	ziehen	VVFIN	VFIN.Full.3.Sg.Past.Ind	no	yes	x
,	,	,	$,	SYM.Pun.Comma	no	yes	x
daß	daß	daß	KOUS	CONJ.SubFin.-	no	yes	x
er	er	er	PPER	PRO.Pers.Subst.3.Nom.Sg.Masc	no	yes	x
schöne	schöne	schön	ADJA	ADJA.Pos.Acc.Sg.Neut	no	yes	x
Wort	Wort	Wort	NN	N.Reg.Acc.Sg.Neut	no	yes	x
für	für	für	APPR	APPR.Acc	no	yes	x
bare	bare	bar	ADJA	ADJA.Pos.Acc.Sg.Fem	no	yes	x
Münz	Münz	Münz	NE	VIMP.Full.2.Sg	no	yes	x
'	'	'	$(	SYM.Quot.Right	no	yes	x
nahm	nahm	nehmen	VVFIN	VFIN.Full.3.Sg.Past.Ind	no	yes	x
und	und	und	KON	CONJ.Coord.-	no	yes	x
sich	sich	sich	PRF	PRO.Refl.Subst.3.Acc.Sg.*	no	yes	x
an	an	an	APPR	APPR.An	no	yes	x
den	den	d	ART	ART.Def.Acc.Sg.Masc	no	yes	x
Ofen	Ofen	Ofen	NN	N.Reg.Acc.Sg.Masc	no	yes	x
setzte	setzte	setzen	VVFIN	VFIN.Full.3.Sg.Past.Ind	no	yes	x
,	,	,	$,	SYM.Pun.Comma	no	yes	x
eh'	ehe	ehe	KOUS	CONJ.SubFin.-	no	yes	x
er	er	er	PPER	PRO.Pers.Subst.3.Nom.Sg.Masc	no	yes	x
ihn	ihn	er	PPER	PRO.Pers.Subst.3.Acc.Sg.Masc	no	yes	x
geheizt	geheizt	heizen	VVPP	VPP.Full.Psp	no	yes	x
hatte	hatte	haben	VAFIN	VFIN.Haben.3.Sg.Past.Ind	no	yes	x
.	.	.	$.	SYM.Pun.Sent	no	yes	x
Daß	Daß	daß	KOUS	CONJ.SubFin.-	yes	yes	x
er	er	er	PPER	PRO.Pers.Subst.3.Nom.Sg.Masc	no	yes	x
sich	sich	sich	PRF	PRO.Refl.Subst.3.Acc.Sg.*	no	yes	x
seinen	seinen	seine	PPOSAT	PRO.Poss.Attr.-.Dat.Pl.Masc	no	yes	x
Ausbeding	Ausbedinge	ausbedingen	VVFIN	N.Reg.Dat.Pl.Masc	no	yes	x
weder	weder	weder	KON	CONJ.Coord.-	no	yes	x
verbriefen	verbriefen	verbriefen	VVFIN	ADJD.Pos	no	yes	x
ließ	ließ	lassen	VVFIN	VFIN.Full.3.Sg.Past.Ind	no	yes	x
noch	noch	noch	ADV	CONJ.Coord.Noch	no	yes	x
siegeln	siegeln	siegeln	VVINF	VFIN.Full.3.Pl.Pres.Ind	no	yes	x
.	.	.	$.	SYM.Pun.Sent	no	yes	x
Und	Und	und	KON	CONJ.Coord.-	yes	yes	x
da	da	da	KOUS	CONJ.SubFin.-	no	yes	x
ihm	ihm	er	PPER	PRO.Pers.Subst.3.Dat.Sg.Masc	no	yes	x
seine	seine	seine	PPOSAT	PRO.Poss.Attr.-.Nom.Pl.Masc	no	yes	x
Annemirl	Annemirl	Annemirl	NN	N.Reg.Nom.Pl.Masc	no	yes	x
die	die	d	ART	ART.Def.Acc.Sg.Fem	no	yes	x
schöne	schöne	schön	ADJA	ADJA.Pos.Acc.Sg.Fem	no	yes	x
,	,	,	$,	SYM.Pun.Comma	no	yes	x
große	große	groß	ADJA	ADJA.Pos.Acc.Sg.Fem	no	yes	x
Kammer	Kammer	Kammer	NN	N.Reg.Acc.Sg.Fem	no	yes	x
neben	neben	neben	APPR	APPR.Nom	no	yes	x
der	der	d	ART	ART.Def.Dat.Sg.Fem	no	yes	x
Stube	Stube	Stube	NN	N.Reg.Dat.Sg.Fem	no	yes	x
einrichtete	einrichtete	einrichten	VVFIN	VFIN.Full.3.Sg.Past.Ind	no	yes	x
,	,	,	$,	SYM.Pun.Comma	no	yes	x
da	da	da	KOUS	CONJ.SubFin.-	no	yes	x
sie	sie	sie	PPER	PRO.Pers.Subst.3.Nom.Sg.Fem	no	yes	x
ihm	ihm	er	PPER	PRO.Pers.Subst.3.Dat.Sg.Masc	no	yes	x
gleich	gleich	gleich	ADV	ADV	no	yes	x
am	am	am	APPRART	APPRART.Dat.Sg.Masc	no	yes	x
ersten	ersten	erst	ADJA	ADJA.Pos.Dat.Sg.Masc	no	yes	x
Tag	Tag	Tag	NN	N.Reg.Dat.Sg.Masc	no	yes	x
nach	nach	nach	APPR	APPR.Dat	no	yes	x
der	der	d	ART	ART.Def.Dat.Sg.Fem	no	yes	x
Hochzeit	Hochzeit	Hochzeit	NN	N.Reg.Dat.Sg.Fem	no	yes	x
seine	seine	seine	PPOSAT	PRO.Poss.Attr.-.Acc.Sg.Fem	no	yes	x
Leibspeis	Leibspeis	Leibspeis	NN	N.Reg.Acc.Sg.Fem	no	yes	x
'	'	'	$(	SYM.Quot.Right	no	yes	x
kochte	kochte	kochen	VVFIN	VFIN.Full.3.Sg.Past.Ind	no	yes	x
,	,	,	$,	SYM.Pun.Comma	no	yes	x
da	da	da	ADV	ADV	no	yes	x
dachte	dachte	denken	VVFIN	VFIN.Full.3.Sg.Past.Ind	no	yes	x
er	er	er	PPER	PRO.Pers.Subst.3.Nom.Sg.Masc	no	yes	x
nicht	nicht	nicht	PTKNEG	PART.Neg	no	yes	x
daran	daran	daran	PAV	PROADV.Dem	no	yes	x
,	,	,	$,	SYM.Pun.Comma	no	yes	x
daß	daß	daß	KOUS	CONJ.SubFin.-	no	yes	x
es	es	es	PPER	PRO.Pers.Subst.3.Nom.Sg.Neut	no	yes	x
mit	mit	mit	APPR	APPR.Dat	no	yes	x
dem	dem	d	ART	ART.Def.Dat.Sg.Masc	no	yes	x
Kinderdank	Kinderdank	Kinderdank	NN	N.Reg.Dat.Sg.Masc	no	yes	x
und	und	und	KON	CONJ.Coord.-	no	yes	x
der	der	d	ART	ART.Def.Dat.Sg.Fem	no	yes	x
Kindeslieb	Kindeslieb	Kindeslieb	NN	N.Name.Dat.Sg.Fem	no	yes	x
'	'	'	$(	SYM.Quot.Right	no	yes	x
geht	geht	gehen	VVFIN	VFIN.Full.3.Sg.Pres.Ind	no	yes	x
wie	wie	wie	KOKOM	CONJ.Comp.-	no	yes	x
mit	mit	mit	APPR	APPR.Dat	no	yes	x
dem	dem	d	ART	ART.Def.Dat.Sg.Masc	no	yes	x
Stamm	Stamm	Stamm	NN	N.Reg.Dat.Sg.Masc	no	yes	x
eines	eines	eine	ART	ART.Indef.Gen.Sg.Masc	no	yes	x
Fichtenbaumes	Fichtenbaumes	Fichtenbaum	NN	N.Reg.Gen.Sg.Masc	no	yes	x
:	:	:	$.	SYM.Pun.Colon	no	yes	x
Je	Je	je	ADV	ADV	yes	yes	x
mehr	mehr	mehr	ADV	ADV	no	yes	x
er	er	er	PPER	PRO.Pers.Subst.3.Nom.Sg.Masc	no	yes	x
sich	sich	sich	PRF	PRO.Refl.Subst.3.Acc.Sg.*	no	yes	x
in	in	in	APPR	APPR.In	no	yes	x
die	die	d	ART	ART.Def.Acc.Sg.Fem	no	yes	x
Läng'	Läng	Läng	NE	N.Reg.Acc.Sg.Fem	no	yes	x
zieht	zieht	ziehen	VVFIN	VFIN.Full.3.Sg.Pres.Ind	no	yes	x
,	,	,	$,	SYM.Pun.Comma	no	yes	x
desto	desto	desto	ADV	ADV	no	yes	x
magerer	magerer	mager	ADJD	ADJD.Comp	no	yes	x
wird	wird	werden	VAFIN	VFIN.Aux.3.Sg.Pres.Ind	no	yes	x
er	er	er	PPER	PRO.Pers.Subst.3.Nom.Sg.Masc	no	yes	x
–	-	-	$(	SYM.Pun.Hyph	no	yes	x
und	und	und	KON	CONJ.Coord.-	no	yes	x
zuletzt	zuletzt	zuletzt	ADV	ADV	no	yes	x
hört	hört	hören	VVFIN	VFIN.Full.3.Sg.Pres.Ind	no	yes	x
er	er	er	PPER	PRO.Pers.Subst.3.Nom.Sg.Masc	no	yes	x
ganz	ganz	ganz	ADV	ADV	no	yes	x
auf	auf	auf	PTKVZ	PART.Verb	no	yes	x
.	.	.	$.	SYM.Pun.Sent	no	yes	x
Wohl	Wohl	wohl	ADV	ADV	yes	yes	x
hatte	hatte	haben	VAFIN	VFIN.Haben.3.Sg.Past.Ind	no	yes	x
ihm	ihm	er	PPER	PRO.Pers.Subst.3.Dat.Sg.*	no	yes	x
sein	sein	sein	PPOSAT	PRO.Poss.Attr.-.Nom.Sg.Masc	no	yes	x
Vetter	Vetter	Vetter	NN	N.Reg.Nom.Sg.Masc	no	yes	x
,	,	,	$,	SYM.Pun.Comma	no	yes	x
der	der	d	ART	ART.Def.Nom.Sg.Masc	no	yes	x
Pfarrer	Pfarrer	Pfarrer	NN	N.Reg.Nom.Sg.Masc	no	yes	x
von	von	von	APPR	APPR.Dat	no	yes	x
Michelsberg	Michelsberg	Michelsberg	NE	N.Name.Dat.Sg.Neut	no	yes	x
,	,	,	$,	SYM.Pun.Comma	no	yes	x
gut	gut	gut	ADJD	ADJD.Pos	no	yes	x
geraten	geraten	geraten	VVPP	VPP.Full.Psp	no	yes	x
und	und	und	KON	CONJ.Coord.-	no	yes	x
hatte	hatte	haben	VAFIN	VFIN.Haben.3.Sg.Past.Ind	no	yes	x
gemeint	gemeint	meinen	VVPP	VPP.Full.Psp	no	yes	x
:	:	:	$.	SYM.Pun.Colon	no	yes	x
»	&quot;	&quot;	$(	CARD	yes	yes	x
Tu	Tu	Tu	NE	VIMP.Full.2.Sg	no	yes	x
dich	dich	du	PPER	PRO.Pers.Subst.2.Acc.Sg.*	no	yes	x
versorgen	versorgen	versorgen	VVINF	VFIN.Full.3.Pl.Pres.Ind	no	yes	x
!	!	!	$.	SYM.Pun.Sent	no	yes	x
Das	Das	d	ART	ART.Def.Nom.Sg.Neut	yes	yes	x
Gute	Gute	Gut	NN	N.Reg.Nom.Sg.Neut	no	yes	x
,	,	,	$,	SYM.Pun.Comma	no	yes	x
was	was	was	PRELS	PRO.Rel.Subst.-.Acc.Sg.Neut	no	yes	x
d'	d'	D'	NE	N.Name.*.*.*	no	yes	x
den	den	d	ART	ART.Def.Dat.Pl.Neut	no	yes	x
Kindern	Kindern	Kind	NN	N.Reg.Dat.Pl.Neut	no	yes	x
gegeben	gegeben	geben	VVPP	VPP.Full.Psp	no	yes	x
hast	hast	haben	VAFIN	VFIN.Haben.2.Sg.Pres.Ind	no	yes	x
in	in	in	APPR	APPR.In	no	yes	x
Heuwägen	Heuwägen	Heuwagen	NN	N.Reg.Acc.Pl.Fem	no	yes	x
,	,	,	$,	SYM.Pun.Comma	no	yes	x
das	das	die	PDS	PRO.Dem.Subst.-.Acc.Sg.Neut	no	yes	x
werden	werden	werden	VAFIN	VFIN.Aux.3.Pl.Pres.Ind	no	yes	x
sie	sie	sie	PPER	PRO.Pers.Subst.3.Nom.Pl.*	no	yes	x
dir	dir	du	PPER	PRO.Pers.Subst.2.Dat.Sg.*	no	yes	x
vergelten	vergelten	vergelten	VVFIN	VINF.Full.-	no	yes	x
in	in	in	APPR	APPR.In	no	yes	x
Fingerhüten	Fingerhüten	Fingerhut	NN	N.Reg.Acc.Pl.Fem	no	yes	x
!	!	!	$.	SYM.Pun.Sent	no	yes	x
«	&quot;	&quot;	$(	CARD	no	yes	x
Alles	Alles	alle	PIS	PRO.Indef.Subst.-.Nom.Sg.Neut	yes	yes	x
es	es	es	PPER	PRO.Pers.Subst.3.Acc.Sg.Neut	no	yes	x
half	half	helfen	VVFIN	VFIN.Full.3.Sg.Past.Ind	no	yes	x
nichts	nichts	nichts	PIS	PRO.Indef.Subst.-.*.*.Neut	no	yes	x
.	.	.	$.	SYM.Pun.Sent	no	yes	x
Der	Der	d	ART	ART.Def.Nom.Sg.Masc	yes	yes	x
Tag	Tag	Tag	NN	N.Reg.Nom.Sg.Masc	no	yes	x
erschien	erschien	erscheinen	VVFIN	VFIN.Full.3.Sg.Past.Ind	no	yes	x
dem	dem	d	ART	ART.Def.Dat.Sg.Masc	no	yes	x
Kaschber	Kaschber	Kaschber	NN	N.Reg.Dat.Sg.Masc	no	yes	x
freundlich	freundlich	freundlich	ADJD	ADJD.Pos	no	yes	x
,	,	,	$,	SYM.Pun.Comma	no	yes	x
und	und	und	KON	CONJ.Coord.-	no	yes	x
so	so	so	ADV	ADV	no	yes	x
vergaß	vergaß	vergessen	VVFIN	VFIN.Full.3.Sg.Past.Ind	no	yes	x
er	er	er	PPER	PRO.Pers.Subst.3.Nom.Sg.Masc	no	yes	x
auf	auf	auf	APPR	APPR.Auf	no	yes	x
den	den	d	ART	ART.Def.Acc.Sg.Masc	no	yes	x
Abend	Abend	Abend	NN	N.Reg.Acc.Sg.Masc	no	yes	x
.	.	.	$.	SYM.Pun.Sent	no	yes	x
–	-	-	$(	SYM.Pun.Hyph	yes	yes	x
Da	Da	da	ADV	ADV	yes	yes	x
geschah	geschah	geschehen	VVFIN	VFIN.Full.3.Sg.Past.Ind	no	yes	x
es	es	es	PPER	PRO.Pers.Subst.3.Nom.Sg.Neut	no	yes	x
,	,	,	$,	SYM.Pun.Comma	no	yes	x
daß	daß	daß	KOUS	CONJ.SubFin.-	no	yes	x
die	die	d	ART	ART.Def.Nom.Sg.Fem	no	yes	x
Annemirl	Annemirl	Annemirl	NN	N.Reg.Nom.Sg.Fem	no	yes	x
krank	krank	krank	ADJD	ADJD.Pos	no	yes	x
wurde	wurde	werden	VAFIN	VFIN.Aux.3.Sg.Past.Ind	no	yes	x
–	-	-	$(	SYM.Pun.Hyph	no	yes	x
daß	daß	daß	KOUS	CONJ.SubFin.-	no	yes	x
man	man	man	PIS	PRO.Indef.Subst.-.Nom.Sg.*	no	yes	x
eine	eine	eine	ART	ART.Indef.Acc.Sg.Fem	no	yes	x
Wiege	Wiege	Wiege	NN	N.Reg.Acc.Sg.Fem	no	yes	x
in	in	in	APPR	APPR.In	no	yes	x
die	die	d	ART	ART.Def.Acc.Sg.Fem	no	yes	x
Stube	Stube	Stube	NN	N.Reg.Acc.Sg.Fem	no	yes	x
stellte	stellte	stellen	VVFIN	VFIN.Full.3.Sg.Past.Ind	no	yes	x
–	-	-	$(	SYM.Pun.Hyph	no	yes	x
daß	daß	daß	KOUS	CONJ.SubFin.-	no	yes	x
ein	ein	eine	ART	ART.Indef.Nom.Sg.Masc	no	yes	x
Schimmelkaschberl	Schimmelkaschbel	Schimmelkaschbel	NN	N.Reg.Nom.Sg.Masc	no	yes	x
und	und	und	KON	CONJ.Coord.-	no	yes	x
ein	ein	eine	ART	ART.Indef.Nom.Sg.Masc	no	yes	x
Simmerl	Simmerl	Simmerl	NE	N.Reg.Nom.Sg.Masc	no	yes	x
zugleich	zugleich	zugleich	ADV	ADV	no	yes	x
kamen	kamen	kommen	VVFIN	VFIN.Full.3.Pl.Past.Ind	no	yes	x
!	!	!	$.	SYM.Pun.Sent	no	yes	x
Und	Und	und	KON	CONJ.Coord.-	yes	yes	x
ein	ein	eine	ART	ART.Indef.Acc.Sg.Neut	no	yes	x
Jahr	Jahr	Jahr	NN	N.Reg.Acc.Sg.Neut	no	yes	x
darauf	darauf	darauf	PAV	PROADV.Dem	no	yes	x
eine	eine	eine	ART	PRO.Indef.Subst.-.Nom.Sg.Fem	no	yes	x
Annemirl	.	.	$.	SYM.Pun.Sent	no	yes	x
.	.	.	$.	SYM.Pun.Sent	no	yes	x
Und	Und	und	KON	CONJ.Coord.-	yes	yes	x
darnach	danach	danach	PAV	PROADV.Dem	no	yes	x
noch	noch	noch	ADV	ADV	no	yes	x
drei	drei	drei	CARD	CARD	no	yes	x
–	-	-	$(	SYM.Pun.Hyph	no	yes	x
vier	vier	vier	CARD	CARD	no	yes	x
.	.	.	$.	SYM.Pun.Sent	no	yes	x
Und	Und	und	KON	CONJ.Coord.-	yes	yes	x
dann	dann	dann	ADV	ADV	no	yes	x
kam	kam	kommen	VVFIN	VFIN.Full.3.Sg.Past.Ind	no	yes	x
der	der	d	ART	ART.Def.Nom.Sg.Masc	no	yes	x
Tag	Tag	Tag	NN	N.Reg.Nom.Sg.Masc	no	yes	x
,	,	,	$,	SYM.Pun.Comma	no	yes	x
wo	wo	wo	PWAV	PROADV.Inter	no	yes	x
die	die	d	ART	ART.Def.Nom.Sg.Fem	no	yes	x
Schimmelschusterin	Schimmelschusterin	Schimmelschusterin	NN	N.Reg.Nom.Sg.Fem	no	yes	x
zu	zu	zu	APPR	APPR.Dat	no	yes	x
dem	dem	d	ART	ART.Def.Dat.Sg.Masc	no	yes	x
Alten	Alten	Alte	NN	ADJA.Pos.Dat.Sg.Masc	no	yes	x
sagte	sagte	sagen	VVFIN	VFIN.Full.3.Sg.Past.Ind	no	yes	x
:	:	:	$.	SYM.Pun.Colon	no	yes	x
»	&quot;	&quot;	$(	ADJA.Pos.Nom.Sg.Masc	no	yes	x
Vater	Vater	Vater	NN	N.Reg.Nom.Sg.Masc	no	yes	x
,	,	,	$,	SYM.Pun.Comma	no	yes	x
jetz	jetzt	jetzt	ADV	ADV	no	yes	x
brauch'	brauche	brauchen	VVFIN	VFIN.Full.3.Sg.Pres.Subj	no	yes	x
i	i	I	NE	FM	no	yes	x
enka	enka	Enka	NE	FM	no	yes	x
Kammer	Kammer	Kammer	NN	N.Reg.Nom.Sg.Fem	no	yes	x
.	.	.	$.	SYM.Pun.Sent	no	yes	x
Ös	Ös	ösen	ADV	N.Reg.Nom.Pl.Fem	yes	yes	x
könnts	könnt	können	VMFIN	VFIN.Full.2.Pl.Pres.Ind	no	yes	x
ja	ja	ja	ADV	ADV	no	yes	x
dees	dees	Dees	NE	ADJA.Pos.Acc.Sg.Neut	no	yes	x
hintere	hintere	hinter	ADJA	ADJA.Pos.Acc.Sg.Neut	no	yes	x
Kammerl	Kamel	Kamel	NN	N.Reg.Acc.Sg.Neut	no	yes	x
für	für	für	APPR	APPR.Acc	no	yes	x
enk	eng	eng	ADJD	ADJD.Pos	no	yes	x
nehma	nehme	nehmen	VVFIN	VFIN.Full.3.Sg.Pres.Subj	no	yes	x
.	.	.	$.	SYM.Pun.Sent	no	yes	x
An	An	an	APPR	APPR.An	yes	yes	x
Knecht	Knecht	Knecht	NE	N.Reg.Dat.Sg.Masc	no	yes	x
oder	oder	oder	KON	CONJ.Coord.-	no	yes	x
a	a	A	NE	N.Name.*.*.*	no	yes	x
Magd	Magd	Magd	NN	N.Reg.Dat.Sg.Fem	no	yes	x
werd	werde	werden	VAFIN	VFIN.Aux.3.Sg.Pres.Subj	no	yes	x
'n	'n	eine	ART	N.Name.*.*.*	no	yes	x
mir	mir	ich	PPER	PRO.Pers.Subst.1.Dat.Sg.*	no	yes	x
ja	ja	ja	ADV	ADV	no	yes	x
do'	da	da	ADV	CONJ.SubFin.-	no	yes	x
net	net	Net	NE	N.Name.*.*.*	no	yes	x
dinga	dinge	dingen	VVFIN	N.Name.*.*.*	no	yes	x
.	.	.	$.	SYM.Pun.Sent	no	yes	x
«	&quot;	&quot;	$(	ADJA.Pos.Nom.Sg.Neut	no	yes	x
Ja	Ja	ja	PTKANT	N.Reg.Nom.Sg.Neut	yes	yes	freeIndirect
,	,	,	$,	SYM.Pun.Comma	no	yes	freeIndirect
ja	ja	ja	PTKANT	ITJ	no	yes	freeIndirect
.	.	.	$.	SYM.Pun.Sent	no	yes	freeIndirect
Da	Da	da	ADV	ADV	yes	yes	x
kam	kam	kommen	VVFIN	VFIN.Full.3.Sg.Past.Ind	no	yes	x
der	der	d	ART	ART.Def.Nom.Sg.Masc	no	yes	x
Kaschber	Kaschber	Kaschber	NN	N.Reg.Nom.Sg.Masc	no	yes	x
in	in	in	APPR	APPR.In	no	yes	x
die	die	d	ART	ART.Def.Acc.Sg.Fem	no	yes	x
Magdkammer	Magdkammer	Magdkammer	NN	N.Reg.Acc.Sg.Fem	no	yes	x
.	.	.	$.	SYM.Pun.Sent	no	yes	x
Bald	Bald	bald	ADV	ADV	yes	yes	x
darauf	darauf	darauf	PAV	PROADV.Dem	no	yes	x
gab's	gab_es	geben_es	VVFIN	ADJA.Pos.Acc.Sg.Neut	no	yes	x
wieder	wieder	wieder	ADV	ADV	no	yes	x
eine	eine	eine	ART	ART.Indef.Acc.Sg.Fem	no	yes	x
Änderung	Änderung	Änderung	NN	N.Reg.Acc.Sg.Fem	no	yes	x
,	,	,	$,	SYM.Pun.Comma	no	yes	x
indem	indem	indem	KOUS	CONJ.SubFin.-	no	yes	x
der	der	d	ART	ART.Def.Nom.Sg.Masc	no	yes	x
Simmer	Simmer	Simmer	NE	N.Name.Nom.Sg.Masc	no	yes	x
nämlich	nämlich	nämlich	ADV	ADV	no	yes	x
meinte	meinte	meinen	VVFIN	VFIN.Full.3.Sg.Past.Ind	no	yes	x
:	:	:	$.	SYM.Pun.Colon	no	yes	x
»	&quot;	&quot;	$(	N.Reg.Nom.Sg.Fem	yes	yes	x
Wia	Wie	wie	PWAV	PROADV.Inter	no	yes	x
wär	wäre	sein	VAFIN	VFIN.Sein.3.Sg.Past.Subj	no	yes	x
's	es	es	PPER	PRO.Pers.Subst.3.Nom.Sg.Neut	no	yes	x
denn	denn	denn	ADV	ADV	no	yes	x
,	,	,	$,	SYM.Pun.Comma	no	yes	x
Vata	Fata	Fatum	NN	N.Reg.*.*.*	no	yes	x
,	,	,	$,	SYM.Pun.Comma	no	yes	x
wennst	wenn_du_es	Wenn_Du_Es	NE	N.Name.Acc.Pl.*	no	yes	x
von	von	von	APPR	APPR.Dat	no	yes	x
morg'n	morgen	morgen	ADV	ADV	no	yes	x
ab	ab	ab	ADV	ADV	no	yes	x
hint	hint	hint	ADV	ADJD.Pos	no	yes	x
in	in	in	APPR	APPR.In	no	yes	x
deiner	deiner	deine	PPOSAT	PRO.Poss.Attr.-.Dat.Sg.Fem	no	yes	x
Kammer	Kammer	Kammer	NN	N.Reg.Dat.Sg.Fem	no	yes	x
essen	essen	essen	VVINF	VINF.Full.-	no	yes	x
tatst	tatst	tun	VVFIN	VFIN.Full.3.Sg.Pres.Ind	no	yes	x
?	?	?	$.	SYM.Pun.Sent	no	yes	x
Da	Da	da	ADV	CONJ.SubFin.-	yes	yes	x
am	am	am	APPRART	APPRART.Dat.Sg.Masc	no	yes	x
Tisch	Tisch	Tisch	NN	N.Reg.Dat.Sg.Masc	no	yes	x
is	is	is	FM	FM	no	yes	x
gar	gar	gar	ADV	ADV	no	yes	x
koa	koa	koa	ADJA	FM	no	yes	x
rechter	rechter	recht	ADJA	ADJA.Pos.Nom.Sg.Masc	no	yes	x
Platz	Platz	Platz	NN	N.Reg.Nom.Sg.Masc	no	yes	x
nimmer	nimmer	nimmer	ADV	ADV	no	yes	x
für	für	für	APPR	APPR.Acc	no	yes	x
di'	di	Di	NE	N.Name.*.*.*	no	yes	x
!	!	!	$.	SYM.Pun.Sent	no	yes	x
San	San	San	NE	N.Name.*.*.*	yes	yes	x
ma	ma	ma	XY	N.Name.*.*.*	no	yes	x
eh	ehe	ehe	XY	CONJ.SubFin.-	no	yes	x
scho	scho	scho	XY	ADJD.Pos	no	yes	x
achte	achte	acht	ADJA	ADJA.Pos.Nom.Sg.Masc	no	yes	x
oder	oder	oder	KON	CONJ.Coord.-	no	yes	x
gar	gar	gar	ADV	ADV	no	yes	x
neune	Neun	neun	CARD	CARD	no	yes	x
!	!	!	$.	SYM.Pun.Sent	no	yes	x
«	&quot;	&quot;	$(	CARD	no	yes	x
Und	Und	und	KON	CONJ.Coord.-	yes	yes	x
dann	dann	dann	ADV	ADV	no	yes	x
wurden	wurden	werden	VAFIN	VFIN.Aux.3.Pl.Past.Ind	no	yes	x
sie	sie	sie	PPER	PRO.Pers.Subst.3.Nom.Pl.*	no	yes	x
ihrer	ihrer	ihr	PPOSAT	PRO.Poss.Attr.-.Dat.Sg.Fem	no	yes	x
zehn	zehn	zehn	CARD	CARD	no	yes	x
;	;	;	$.	SYM.Pun.Sent	no	yes	x
und	und	und	KON	CONJ.Coord.-	no	yes	x
die	die	d	ART	ART.Def.Nom.Pl.Fem	no	yes	x
Hennen	Hennen	Henne	NN	N.Reg.Nom.Pl.Fem	no	yes	x
legten	legten	legen	VVFIN	VFIN.Full.3.Pl.Past.Ind	no	yes	x
doch	doch	doch	ADV	ADV	no	yes	x
im	im	im	APPRART	APPRART.Dat.Sg.Masc	no	yes	x
Tag	Tag	Tag	NN	N.Reg.Dat.Sg.Masc	no	yes	x
bloß	bloß	bloß	ADV	ADV	no	yes	x
neun	neun	neun	CARD	CARD	no	yes	x
Eier	Eier	Ei	NN	N.Reg.Acc.Pl.Neut	no	yes	x
,	,	,	$,	SYM.Pun.Comma	no	yes	x
und	und	und	KON	CONJ.Coord.-	no	yes	x
die	die	d	ART	ART.Def.Nom.Pl.Fem	no	yes	x
Kühe	Kühe	Kuh	NN	N.Reg.Nom.Pl.Fem	no	yes	x
gaben	gaben	geben	VVFIN	VFIN.Full.3.Pl.Past.Ind	no	yes	x
bloß	bloß	bloß	ADV	ADV	no	yes	x
für	für	für	APPR	APPR.Acc	no	yes	x
neun	neun	neun	CARD	CARD	no	yes	x
Personen	Personen	Person	NN	N.Reg.Acc.Pl.Fem	no	yes	x
die	die	d	ART	ART.Def.Acc.Sg.Fem	no	yes	x
Milch	Milch	Milch	NN	N.Reg.Acc.Sg.Fem	no	yes	x
–	-	-	$(	SYM.Pun.Hyph	no	yes	x
und	und	und	KON	CONJ.Coord.-	no	yes	x
der	der	d	ART	ART.Def.Nom.Sg.Masc	no	yes	x
Simmer	Simmer	Simmer	NE	N.Reg.Nom.Sg.Masc	no	yes	x
verdiente	verdiente	verdienen	VVFIN	VFIN.Full.3.Sg.Past.Ind	no	yes	x
bloß	bloß	bloß	ADV	ADV	no	yes	x
für	für	für	APPR	APPR.Acc	no	yes	x
neune	Neun	neun	CARD	CARD	no	yes	x
die	die	d	ART	ART.Def.Acc.Pl.Masc	no	yes	x
Kreuzer	Kreuzer	Kreuzer	NN	N.Reg.Acc.Pl.Masc	no	yes	x
zu	zu	zu	APPR	APPR.Dat	no	yes	x
Fleisch	Fleisch	Fleisch	NN	N.Reg.Dat.Sg.Neut	no	yes	x
und	und	und	KON	CONJ.Coord.-	no	yes	x
Bier	Bier	Bier	NN	N.Reg.Dat.Sg.Neut	no	yes	x
!	!	!	$.	SYM.Pun.Sent	no	yes	x
Da	Da	da	ADV	ADV	yes	yes	x
sah	sah	sehen	VVFIN	VFIN.Full.3.Sg.Past.Ind	no	yes	x
es	es	es	PPER	PRO.Pers.Subst.3.Nom.Sg.Neut	no	yes	x
denn	denn	denn	ADV	ADV	no	yes	x
bald	bald	bald	ADV	ADV	no	yes	x
gar	gar	gar	ADV	ADV	no	yes	x
armselig	armselig	armselig	ADJD	ADJD.Pos	no	yes	x
und	und	und	KON	CONJ.Coord.-	no	yes	x
mager	mager	mager	ADJD	ADJD.Pos	no	yes	x
aus	aus	aus	APPR	PART.Verb	no	yes	x
bei	bei	bei	APPR	APPR.Dat	no	yes	x
dem	dem	d	ART	ART.Def.Dat.Sg.Masc	no	yes	x
alten	alten	alt	ADJA	ADJA.Pos.Dat.Sg.Masc	no	yes	x
Schimmel	Schimmel	Schimmel	NN	N.Reg.Dat.Sg.Masc	no	yes	x
;	;	;	$.	SYM.Pun.Sent	no	yes	x
und	und	und	KON	CONJ.Coord.-	no	yes	x
er	er	er	PPER	PRO.Pers.Subst.3.Nom.Sg.Masc	no	yes	x
wär'	wäre	sein	VAFIN	VFIN.Sein.3.Sg.Past.Subj	no	yes	x
froh	froh	froh	ADJD	ADJD.Pos	no	yes	x
gewesen	gewesen	sein	VAPP	VPP.Sein.Psp	no	yes	x
,	,	,	$,	SYM.Pun.Comma	no	yes	x
wenn	wenn	wenn	KOUS	CONJ.SubFin.-	no	yes	x
ihm	ihm	er	PPER	PRO.Pers.Subst.3.Dat.Sg.Masc	no	yes	x
der	der	d	ART	ART.Def.Nom.Sg.Masc	no	yes	x
Schreiner	Schreiner	Schreiner	NE	N.Reg.Nom.Sg.Masc	no	yes	x
endlich	endlich	endlich	ADV	ADV	no	yes	x
hätt'	hätte	haben	VAFIN	VFIN.Haben.3.Sg.Past.Subj	no	yes	x
das	das	d	ART	ART.Def.Acc.Sg.Neut	no	yes	x
Maß	Maß	Maß	NN	N.Reg.Acc.Sg.Neut	no	yes	x
nehmen	nehmen	nehmen	VVINF	VINF.Full.-	no	yes	x
mögen	mögen	mögen	VMFIN	VINF.Mod.-	no	yes	x
zu	zu	zu	APPR	APPR.Dat	no	yes	x
seiner	seiner	seine	PPOSAT	PRO.Poss.Attr.-.Dat.Sg.Fem	no	yes	x
letzten	letzten	letzte	ADJA	ADJA.Pos.Dat.Sg.Neut	no	yes	x
Truchen	Trugen	tragen	VVFIN	N.Reg.Dat.Sg.Neut	no	yes	x
.	.	.	$.	SYM.Pun.Sent	no	yes	x
Am	Am	am	APPRART	APPRART.Dat.Sg.Neut	yes	yes	x
End'	Ende	Ende	NN	N.Reg.Dat.Sg.Neut	no	yes	x
vergaßen	vergaßen	vergessen	VVFIN	VFIN.Full.3.Pl.Past.Ind	no	yes	x
sie	sie	sie	PPER	PRO.Pers.Subst.3.Nom.Pl.*	no	yes	x
auch	auch	auch	ADV	ADV	no	yes	x
noch	noch	noch	ADV	ADV	no	yes	x
,	,	,	$,	SYM.Pun.Comma	no	yes	x
ihm	ihm	er	PPER	PRO.Pers.Subst.3.Dat.Sg.Masc	no	yes	x
seine	seine	seine	PPOSAT	PRO.Poss.Attr.-.Nom.Sg.Fem	no	yes	x
Kammer	Kammer	Kammer	NN	N.Reg.Nom.Sg.Fem	no	yes	x
zu	zu	zu	PTKZU	PART.Verb	no	yes	x
heizen	,	,	$,	SYM.Pun.Comma	no	yes	x
,	,	,	$,	SYM.Pun.Comma	no	yes	x
und	und	und	KON	CONJ.Coord.-	no	yes	x
da	da	da	KOUS	CONJ.SubFin.-	no	yes	x
man	man	man	PIS	PRO.Indef.Subst.-.Nom.Sg.*	no	yes	x
gerade	gerade	gerade	ADV	ADV	no	yes	x
einen	einen	eine	ART	ART.Indef.Acc.Sg.Masc	no	yes	x
harten	harten	hart	ADJA	ADJA.Pos.Acc.Sg.Masc	no	yes	x
Winter	Winter	Winter	NN	N.Reg.Acc.Sg.Masc	no	yes	x
hatte	hatte	haben	VAFIN	VFIN.Haben.3.Sg.Past.Ind	no	yes	x
,	,	,	$,	SYM.Pun.Comma	no	yes	x
so	so	so	ADV	ADV	no	yes	x
durfte	durfte	dürfen	VMFIN	VFIN.Mod.3.Sg.Past.Ind	no	yes	x
der	der	d	ART	ART.Def.Nom.Sg.Masc	no	yes	x
gute	gute	gut	ADJA	ADJA.Pos.Nom.Sg.Masc	no	yes	x
Kaschber	Kaschber	Kaschber	NN	N.Reg.Nom.Sg.Masc	no	yes	x
nicht	nicht	nicht	PTKNEG	PART.Neg	no	yes	x
einmal	einmal	einmal	ADV	ADV	no	yes	x
mehr	mehr	mehr	ADV	ADV	no	yes	x
eine	eine	eine	ART	ART.Indef.Acc.Sg.Fem	no	yes	x
Zähre	Zähre	Zähre	NN	N.Reg.Acc.Sg.Fem	no	yes	x
aus	aus	aus	APPR	APPR.Dat	no	yes	x
den	den	d	ART	ART.Def.Dat.Pl.Neut	no	yes	x
Augen	Augen	Auge	NN	N.Reg.Dat.Pl.Neut	no	yes	x
fallen	fallen	fallen	VVINF	VINF.Full.-	no	yes	x
lassen	lassen	lassen	VVINF	VINF.Full.-	no	yes	x
,	,	,	$,	SYM.Pun.Comma	no	yes	x
denn	denn	denn	KON	CONJ.Coord.Denn	no	yes	x
sie	sie	sie	PPER	PRO.Pers.Subst.3.Nom.Sg.Fem	no	yes	x
wär'	wäre	sein	VAFIN	VFIN.Sein.3.Sg.Past.Subj	no	yes	x
ihm	ihm	er	PPER	PRO.Pers.Subst.3.Dat.Sg.*	no	yes	x
leichtlich	leichtlich	leichtlich	ADJD	ADV	no	yes	x
an	an	an	APPR	APPR.An	no	yes	x
die	die	d	ART	ART.Def.Acc.Sg.Fem	no	yes	x
Wange	Wange	Wange	NN	N.Reg.Acc.Sg.Fem	no	yes	x
gefroren	gefroren	gefrieren	VVPP	VPP.Full.Psp	no	yes	x
oder	oder	oder	KON	CONJ.Coord.-	no	yes	x
in	in	in	APPR	APPR.In	no	yes	x
den	den	d	ART	ART.Def.Acc.Sg.Masc	no	yes	x
Bart	Bart	Bart	NN	N.Reg.Acc.Sg.Masc	no	yes	x
.	.	.	$.	SYM.Pun.Sent	no	yes	x
In	In	in	APPR	APPR.In	yes	yes	x
solcher	solcher	solch	PIAT	PRO.Indef.Attr.-.Dat.Sg.Fem	no	yes	x
Not	Not	Not	NN	N.Reg.Dat.Sg.Fem	no	yes	x
und	und	und	KON	CONJ.Coord.-	no	yes	x
Armseligkeit	Armseligkeit	Armseligkeit	NN	N.Reg.Dat.Sg.Fem	no	yes	x
gedachte	gedachte	gedenken	VVFIN	VFIN.Full.3.Sg.Past.Ind	no	yes	x
nun	nun	nun	ADV	ADV	no	yes	x
der	der	d	ART	ART.Def.Nom.Sg.Masc	no	yes	x
alte	alte	alt	ADJA	ADJA.Pos.Nom.Sg.Masc	no	yes	x
Schimmel	Schimmel	Schimmel	NN	N.Reg.Nom.Sg.Masc	no	yes	x
seines	seines	seine	PPOSAT	PRO.Poss.Attr.-.Gen.Sg.Masc	no	yes	x
hochwürdigen	hochwürdigen	hochwürdig	ADJA	ADJA.Pos.Gen.Sg.Masc	no	yes	x
Vetters	Vetters	Vetter	NN	N.Reg.Gen.Sg.Masc	no	yes	x
,	,	,	$,	SYM.Pun.Comma	no	yes	x
des	des	d	ART	ART.Def.Gen.Sg.Masc	no	yes	x
Pfarrers	Pfarrers	Pfarrer	NN	N.Reg.Gen.Sg.Masc	no	yes	x
von	von	von	APPR	APPR.Dat	no	yes	x
Michelsberg	Michelsberg	Michelsberg	NE	N.Name.Dat.Sg.Neut	no	yes	x
.	.	.	$.	SYM.Pun.Sent	no	yes	x
Und	Und	und	KON	CONJ.Coord.-	yes	yes	x
da	da	da	KOUS	CONJ.SubFin.-	no	yes	x
er	er	er	PPER	PRO.Pers.Subst.3.Nom.Sg.Masc	no	yes	x
den	den	d	ART	ART.Def.Acc.Sg.Masc	no	yes	x
festen	festen	fest	ADJA	ADJA.Pos.Acc.Sg.Masc	no	yes	x
Glauben	Glauben	Glauben	NN	N.Reg.Acc.Sg.Masc	no	yes	x
trug	trug	tragen	VVFIN	VFIN.Full.3.Sg.Past.Ind	no	yes	x
,	,	,	$,	SYM.Pun.Comma	no	yes	x
daß	daß	daß	KOUS	CONJ.SubFin.-	no	yes	x
dies	dies	diese	PDS	PRO.Dem.Subst.-.Nom.Sg.Neut	no	yes	x
der	der	d	ART	ART.Def.Nom.Sg.Masc	no	yes	x
letzte	letzte	letzte	ADJA	ADJA.Pos.Nom.Sg.Masc	no	yes	x
Winter	Winter	Winter	NN	N.Reg.Nom.Sg.Masc	no	yes	x
wär'	wäre	sein	VAFIN	VFIN.Sein.3.Sg.Past.Subj	no	yes	x
,	,	,	$,	SYM.Pun.Comma	no	yes	x
der	der	die	PRELS	PRO.Rel.Subst.-.Nom.Sg.Masc	no	yes	x
ihn	ihn	er	PPER	PRO.Pers.Subst.3.Acc.Sg.Masc	no	yes	x
auf	auf	auf	APPR	APPR.Auf	no	yes	x
dieser	dieser	diese	PDAT	PRO.Dem.Attr.-.Dat.Sg.Fem	no	yes	x
armseligen	armseligen	armselig	ADJA	ADJA.Pos.Dat.Sg.Fem	no	yes	x
Erdenwelt	Erdenwelt	Erdenwelt	NN	N.Reg.Dat.Sg.Fem	no	yes	x
schinde	schinde	schinden	VVFIN	VFIN.Full.3.Sg.Pres.Subj	no	yes	x
und	und	und	KON	CONJ.Coord.-	no	yes	x
zernigle	zernigle	Zernigle	NE	VFIN.Full.3.Sg.Pres.Subj	no	yes	x
,	,	,	$,	SYM.Pun.Comma	no	yes	x
daß	daß	daß	KOUS	CONJ.SubFin.-	no	yes	x
der	der	d	ART	PRO.Dem.Subst.-.Nom.Sg.Masc	no	yes	x
Auswärts	Auswärts	auswärts	ADV	ADV	no	yes	x
ihm	ihm	er	PPER	PRO.Pers.Subst.3.Dat.Sg.Masc	no	yes	x
wahrscheinlich	wahrscheinlich	wahrscheinlich	ADJD	ADJD.Pos	no	yes	x
nur	nur	nur	ADV	ADV	no	yes	x
noch	noch	noch	ADV	ADV	no	yes	x
das	das	d	ART	ART.Def.Nom.Sg.Neut	no	yes	x
schwarze	schwarze	schwarz	ADJA	ADJA.Pos.Nom.Sg.Neut	no	yes	x
Erdhäuflein	Erdhäuflein	Erdehaufenlein	NN	N.Reg.Nom.Sg.Neut	no	yes	x
über	über	über	APPR	APPR.über	no	yes	x
seiner	seiner	seine	PPOSAT	PRO.Poss.Attr.-.Dat.Sg.Fem	no	yes	x
Totenkammer	Totenkammer	Totenkammer	NN	N.Reg.Dat.Sg.Fem	no	yes	x
ein	ein	eine	ART	ART.Indef.*.*.*	no	yes	x
wenig	wenig	wenig	PIS	PRO.Indef.Subst.-.*.*.*	no	yes	x
erwärmen	erwärmen	erwärmen	VVFIN	VINF.Full.-	no	yes	x
und	und	und	KON	CONJ.Coord.-	no	yes	x
mit	mit	mit	APPR	APPR.Dat	no	yes	x
Gras	Gras	Gras	NN	N.Reg.Dat.Sg.Neut	no	yes	x
und	und	und	KON	CONJ.Coord.-	no	yes	x
Blumen	Blumen	Blume	NN	N.Reg.Dat.Pl.Fem	no	yes	x
schmücken	schmücken	schmücken	VVINF	VINF.Full.-	no	yes	x
würde	würde	werden	VAFIN	VFIN.Aux.3.Sg.Past.Subj	no	yes	x
,	,	,	$,	SYM.Pun.Comma	no	yes	x
so	so	so	ADV	ADV	no	yes	x
bedachte	bedachte	bedacht	ADJA	VFIN.Full.3.Sg.Past.Ind	no	yes	x
er	er	er	PPER	PRO.Pers.Subst.3.Nom.Sg.Masc	no	yes	x
bei	bei	bei	APPR	APPR.Dat	no	yes	x
sich	sich	sich	PRF	PRO.Refl.Subst.3.Dat.Sg.*	no	yes	x
:	:	:	$.	SYM.Pun.Colon	no	yes	x
»	&quot;	&quot;	$(	CARD	yes	yes	x
Es	Es	es	PPER	PRO.Pers.Subst.3.Nom.Sg.Neut	no	yes	x
ist	ist	sein	VAFIN	VFIN.Sein.3.Sg.Pres.Ind	no	yes	x
wohl	wohl	wohl	ADV	ADV	no	yes	x
besser	besser	gut	ADJD	ADJD.Comp	no	yes	x
,	,	,	$,	SYM.Pun.Comma	no	yes	x
ich	ich	ich	PPER	PRO.Pers.Subst.1.Nom.Sg.*	no	yes	x
bring'	bringe	bringen	VVFIN	VFIN.Full.1.Sg.Pres.Ind	no	yes	x
auch	auch	auch	ADV	ADV	no	yes	x
mit	mit	mit	APPR	APPR.Dat	no	yes	x
dem	dem	d	ART	ART.Def.Dat.Sg.Masc	no	yes	x
da	da	da	ADV	ADV	no	yes	x
droben	droben	droben	ADV	ADV	no	yes	x
mein'	meine	meine	PPOSAT	PRO.Poss.Attr.-.Nom.Sg.Fem	no	yes	x
Sach	Sache	Sache	NN	N.Reg.Nom.Sg.Fem	no	yes	x
ins	ins	ins	APPRART	APPRART.Acc.Sg.Neut	no	yes	x
reine	reine	rein	ADJA	ADJA.Pos.Acc.Sg.Neut	no	yes	x
;	;	;	$.	SYM.Pun.Sent	no	yes	x
wer	wer	wer	PWS	PRO.Inter.Subst.-.Nom.Sg.Masc	no	yes	x
kann	kann	können	VMFIN	VFIN.Mod.3.Sg.Pres.Ind	no	yes	x
sagen	sagen	sagen	VVINF	VINF.Full.-	no	yes	x
,	,	,	$,	SYM.Pun.Comma	no	yes	x
wie	wie	wie	PWAV	PROADV.Inter	no	yes	x
's	es	es	PPER	PRO.Pers.Subst.3.Nom.Sg.Neut	no	yes	x
geht	geht	gehen	VVFIN	VFIN.Full.3.Sg.Pres.Ind	no	yes	x
,	,	,	$,	SYM.Pun.Comma	no	yes	x
und	und	und	KON	CONJ.Coord.-	no	yes	x
nix	nix	Nix	NE	PRO.Indef.Subst.-.*.*.*	no	yes	x
G'wiss	Gewiss	gewiß	ADV	ADJD.Pos	no	yes	x
's	es	es	PPER	PRO.Pers.Subst.3.Nom.Sg.Neut	no	yes	x
weiß	weiß	wissen	VVFIN	VFIN.Full.3.Sg.Pres.Ind	no	yes	x
der	der	d	ART	ART.Def.Nom.Sg.Masc	no	yes	x
Mensch	Mensch	Mensch	NN	N.Reg.Nom.Sg.Masc	no	yes	x
nit	nicht	nicht	PTKNEG	PART.Neg	no	yes	x
.	.	.	$.	SYM.Pun.Sent	no	yes	x
«	&quot;	&quot;	$(	N.Reg.Nom.Sg.Masc	no	yes	x
Also	Also	also	ADV	ADV	yes	yes	x
ließ	ließ	lassen	VVFIN	VFIN.Full.3.Sg.Past.Ind	no	yes	x
er	er	er	PPER	PRO.Pers.Subst.3.Nom.Sg.Masc	no	yes	x
sich	sich	sich	PRF	PRO.Refl.Subst.3.Dat.Sg.*	no	yes	x
eines	eines	eine	ART	ART.Indef.Gen.Sg.Masc	no	yes	x
Tages	Tages	Tag	NN	N.Reg.Gen.Sg.Masc	no	yes	x
von	von	von	APPR	APPR.Dat	no	yes	x
einem	einem	eine	ART	ART.Indef.Dat.Sg.Neut	no	yes	x
Fuhrwerk	Fuhrwerk	Fuhrwerk	NN	N.Reg.Dat.Sg.Neut	no	yes	x
aus	aus	aus	APPR	APPR.Dat	no	yes	x
Michelsberg	Michelsberg	Michelsberg	NE	N.Name.Dat.Sg.Neut	no	yes	x
mitnehmen	mitnehmen	mitnehmen	VVINF	VINF.Full.-	no	yes	x
und	und	und	KON	CONJ.Coord.-	no	yes	x
suchte	suchte	suchen	VVFIN	VFIN.Full.3.Sg.Past.Ind	no	yes	x
seinen	seinen	seine	PPOSAT	PRO.Poss.Attr.-.Acc.Sg.Masc	no	yes	x
Vetter	Vetter	Vetter	NN	N.Reg.Acc.Sg.Masc	no	yes	x
auf	auf	auf	PTKVZ	PART.Verb	no	yes	x
,	,	,	$,	SYM.Pun.Comma	no	yes	x
um	um	um	KOUI	CONJ.SubInf.-	no	yes	x
ihm	ihm	er	PPER	PRO.Pers.Subst.3.Dat.Sg.Masc	no	yes	x
zu	zu	zu	PTKZU	PART.Zu	no	yes	x
beichten	beichten	beichten	VVINF	VINF.Full.-	no	yes	x
und	und	und	KON	CONJ.Coord.-	no	yes	x
dem	dem	d	ART	ART.Def.Dat.Sg.Masc	no	yes	x
Herrgott	Herrgott	Herrgott	NN	N.Reg.Dat.Sg.Masc	no	yes	x
seine	seine	seine	PPOSAT	PRO.Poss.Attr.-.Acc.Sg.Fem	no	yes	x
Rechnung	Rechnung	Rechnung	NN	N.Reg.Acc.Sg.Fem	no	yes	x
zu	zu	zu	PTKZU	PART.Zu	no	yes	x
bezahlen	bezahlen	bezahlen	VVINF	VINF.Full.-	no	yes	x
.	.	.	$.	SYM.Pun.Sent	no	yes	x
Daheim	Daheim	daheim	ADV	ADV	yes	yes	x
,	,	,	$,	SYM.Pun.Comma	no	yes	x
bei	bei	bei	APPR	APPR.Dat	no	yes	x
seinem	seinem	seine	PPOSAT	PRO.Poss.Attr.-.Dat.Sg.Masc	no	yes	x
Sohn	Sohn	Sohn	NN	N.Reg.Dat.Sg.Masc	no	yes	x
,	,	,	$,	SYM.Pun.Comma	no	yes	x
dem	dem	d	ART	ART.Def.Dat.Sg.Neut	no	yes	x
Simmer	Simmer	Simmer	NE	N.Reg.Dat.Sg.Neut	no	yes	x
,	,	,	$,	SYM.Pun.Comma	no	yes	x
herrschte	herrschte	herrschen	VVFIN	VFIN.Full.3.Sg.Past.Ind	no	yes	x
darüber	darüber	darüber	PAV	PROADV.Dem	no	yes	x
große	große	groß	ADJA	ADJA.Pos.Acc.Sg.Fem	no	yes	x
Freude	Freude	Freude	NN	N.Reg.Acc.Sg.Fem	no	yes	x
.	.	.	$.	SYM.Pun.Sent	no	yes	x
Hatte	Hatte	haben	VAFIN	VFIN.Haben.3.Sg.Past.Ind	yes	yes	x
man	man	man	PIS	PRO.Indef.Subst.-.Nom.Sg.*	no	yes	x
doch	doch	doch	ADV	ADV	no	yes	x
endlich	endlich	endlich	ADV	ADV	no	yes	x
die	die	d	ART	ART.Def.Acc.Sg.Fem	no	yes	x
gewisse	gewisse	gewiß	ADJA	ADJA.Pos.Acc.Sg.Fem	no	yes	x
Aussicht	Aussicht	Aussicht	NN	N.Reg.Acc.Sg.Fem	no	yes	x
,	,	,	$,	SYM.Pun.Comma	no	yes	x
daß	daß	daß	KOUS	CONJ.SubFin.-	no	yes	x
einmal	einmal	einmal	ADV	ADV	no	yes	x
ein	ein	eine	ART	ART.Indef.Nom.Sg.Masc	no	yes	x
Beschluß	Beschluß	Beschluß	NN	N.Reg.Nom.Sg.Masc	no	yes	x
herging	herging	hergehen	VVFIN	VFIN.Full.3.Sg.Past.Ind	no	yes	x
mit	mit	mit	APPR	APPR.Dat	no	yes	x
dem	dem	d	ART	ART.Def.Dat.Sg.Masc	no	yes	x
alten	alten	alt	ADJA	ADJA.Pos.Dat.Sg.Masc	no	yes	x
Fresser	Fresser	Fresser	NN	N.Reg.Dat.Sg.Masc	no	yes	x
–	-	-	$(	SYM.Pun.Hyph	no	yes	x
dem	dem	d	ART	ART.Def.Dat.Sg.Masc	no	yes	x
Hausbettler	Hausbettler	Hausbettler	NN	N.Reg.Dat.Sg.Masc	no	yes	x
,	,	,	$,	SYM.Pun.Comma	no	yes	x
dem	dem	d	ART	ART.Def.Dat.Sg.Masc	no	yes	x
notigen	notigen	notig	ADJA	ADJA.Pos.Dat.Sg.Masc	no	yes	x
!	!	!	$.	SYM.Pun.Sent	no	yes	x
Das	Das	d	ART	ART.Def.Nom.Sg.Neut	yes	yes	x
Bißlein	Bißlein	Bißlein	NN	N.Reg.Nom.Sg.Neut	no	yes	x
,	,	,	$,	SYM.Pun.Comma	no	yes	x
was	was	was	PRELS	PRO.Rel.Subst.-.Acc.Sg.Neut	no	yes	x
der	der	d	ART	PRO.Dem.Subst.-.Nom.Sg.Masc	no	yes	x
an	an	an	APPR	APPR.An	no	yes	x
barem	barem	bar	ADJA	ADJA.Pos.Dat.Sg.Neut	no	yes	x
Gelde	Gelde	Geld	NN	N.Reg.Dat.Sg.Neut	no	yes	x
eingelegt	eingelegt	einlegen	VVPP	VPP.Full.Psp	no	yes	x
hatte	hatte	haben	VAFIN	VFIN.Haben.3.Sg.Past.Ind	no	yes	x
ins	ins	ins	APPRART	APPRART.Acc.Sg.Neut	no	yes	x
Geschäft	Geschäft	Geschäft	NN	N.Reg.Acc.Sg.Neut	no	yes	x
,	,	,	$,	SYM.Pun.Comma	no	yes	x
das	das	die	PDS	PRO.Dem.Subst.-.Acc.Sg.Neut	no	yes	x
hatte	hatte	haben	VAFIN	VFIN.Haben.3.Sg.Past.Ind	no	yes	x
er	er	er	PPER	PRO.Pers.Subst.3.Nom.Sg.Masc	no	yes	x
wohl	wohl	wohl	ADV	ADV	no	yes	x
leichtlich	leichtlich	leichtlich	ADJD	ADV	no	yes	x
schon	schon	schon	ADV	ADV	no	yes	x
ein	ein	eine	ART	ART.Indef.Acc.Sg.Neut	no	yes	x
dutzendmal	dutzendmal	dutzendmal	ADV	ADV	no	yes	x
verzehrt	verzehrt	verzehren	VVPP	VPP.Full.Psp	no	yes	x
!	!	!	$.	SYM.Pun.Sent	no	yes	x
Und	Und	und	KON	CONJ.Coord.-	yes	yes	x
umsonst	umsonst	umsonst	ADV	ADV	no	yes	x
,	,	,	$,	SYM.Pun.Comma	no	yes	x
heißt's	heißt_es	Heißt_Es	NE	ADJA.Pos.Nom.Sg.Neut	no	yes	x
,	,	,	$,	SYM.Pun.Comma	no	yes	x
ist	ist	sein	VAFIN	VFIN.Sein.3.Sg.Pres.Ind	no	yes	x
bloß	bloß	bloß	ADV	ADV	no	yes	x
der	der	d	ART	ART.Def.Nom.Sg.Masc	no	yes	x
Tod	Tod	Tod	NN	N.Reg.Nom.Sg.Masc	no	yes	x
–	-	-	$(	SYM.Pun.Hyph	no	yes	x
und	und	und	KON	CONJ.Coord.-	no	yes	x
der	der	d	ART	PRO.Dem.Subst.-.Nom.Sg.Masc	no	yes	x
kost't	kostet	kosten	VVFIN	VFIN.Full.3.Sg.Pres.Ind	no	yes	x
's	es	es	PPER	PRO.Pers.Subst.3.Acc.Sg.Neut	no	yes	x
Leben	Leben	Leben	NN	N.Reg.Acc.Sg.Neut	no	yes	x
.	.	.	$.	SYM.Pun.Sent	no	yes	x
Derweilen	Derweil	derweil	ADV	ADV	yes	yes	x
aber	aber	aber	ADV	ADV	no	yes	x
der	der	d	ART	ART.Def.Nom.Sg.Masc	no	yes	x
junge	junge	jung	ADJA	ADJA.Pos.Nom.Sg.Masc	no	yes	x
Schimmelschuster	Schimmelschuster	Schimmelschuster	NN	N.Reg.Nom.Sg.Masc	no	yes	x
und	und	und	KON	CONJ.Coord.-	no	yes	x
seine	seine	seine	PPOSAT	PRO.Poss.Attr.-.Nom.Sg.Fem	no	yes	x
Annemirl	Annemirl	Annemirl	NN	N.Reg.Nom.Sg.Fem	no	yes	x
sich	sich	sich	PRF	PRO.Refl.Subst.3.Acc.Sg.*	no	yes	x
auf	auf	auf	APPR	APPR.Auf	no	yes	x
das	das	d	ART	ART.Def.Acc.Sg.Neut	no	yes	x
Absterbensamen	Absterbensamen	Absterbensamen	NN	N.Reg.Acc.Sg.Neut	no	yes	x
ihres	ihres	ihr	PPOSAT	PRO.Poss.Attr.-.Gen.Sg.Masc	no	yes	x
alten	alten	alt	ADJA	ADJA.Pos.Gen.Sg.Masc	no	yes	x
Vaters	Vaters	Vater	NN	N.Reg.Gen.Sg.Masc	no	yes	x
freuten	freuten	freuen	VVFIN	VFIN.Full.3.Pl.Past.Ind	no	yes	x
,	,	,	$,	SYM.Pun.Comma	no	yes	x
kam	kam	kommen	VVFIN	VFIN.Full.3.Sg.Past.Ind	no	yes	x
der	der	d	ART	ART.Def.Nom.Sg.Masc	no	yes	x
nach	nach	nach	APPR	APPR.Dat	no	yes	x
abgetaner	abgetaner	abgetun	ADJA	ADJA.Pos.Dat.Sg.Fem	no	yes	x
Buß	Buße	Buße	NN	N.Reg.Dat.Sg.Fem	no	yes	x
und	und	und	KON	CONJ.Coord.-	no	yes	x
Beicht	Beichte	Beichte	NN	N.Reg.Dat.Sg.Fem	no	yes	x
mit	mit	mit	APPR	APPR.Dat	no	yes	x
der	der	d	ART	ART.Def.Dat.Sg.Fem	no	yes	x
Postkutsche	Postkutsche	Postkutsche	NN	N.Reg.Dat.Sg.Fem	no	yes	x
wieder	wieder	wieder	ADV	ADV	no	yes	x
daheim	daheim	daheim	ADV	ADV	no	yes	x
an	an	an	PTKVZ	PART.Verb	no	yes	x
,	,	,	$,	SYM.Pun.Comma	no	yes	x
kreuzvergnügt	kreuzvergnügt	kreuzvergnügt	ADJD	ADJD.Pos	no	yes	x
und	und	und	KON	CONJ.Coord.-	no	yes	x
schnackerfidel	schnackerfidel	schnackerfidel	ADJD	ADJD.Pos	no	yes	x
,	,	,	$,	SYM.Pun.Comma	no	yes	x
ging	ging	gehen	VVFIN	VFIN.Full.3.Sg.Past.Ind	no	yes	x
ohne	ohne	ohne	APPR	APPR.Acc	no	yes	x
einen	einen	eine	ART	ART.Indef.Acc.Sg.Masc	no	yes	x
Grüßderhimmel	Grüßderhimmel	Grüßderhimmel	NN	N.Reg.Acc.Sg.Masc	no	yes	x
in	in	in	APPR	APPR.In	no	yes	x
seine	seine	seine	PPOSAT	PRO.Poss.Attr.-.Acc.Sg.Fem	no	yes	x
Kammer	Kammer	Kammer	NN	N.Reg.Acc.Sg.Fem	no	yes	x
und	und	und	KON	CONJ.Coord.-	no	yes	x
riegelte	riegelte	riegeln	VVFIN	VFIN.Full.3.Sg.Past.Ind	no	yes	x
sich	sich	sich	PRF	PRO.Refl.Subst.3.Acc.Sg.*	no	yes	x
dorten	dorten	dorten	ADV	ADJD.Pos	no	yes	x
ein	ein	ein	PTKVZ	PART.Verb	no	yes	x
.	.	.	$.	SYM.Pun.Sent	no	yes	x
Schob	Schob	schieben	VVFIN	N.Name.Nom.Sg.Masc	yes	yes	x
auch	auch	auch	ADV	ADV	no	yes	x
noch	noch	noch	ADV	ADV	no	yes	x
die	die	d	ART	ART.Def.Acc.Pl.Masc	no	yes	x
Vorhäng	Vorhänge	Vorhang	NN	N.Reg.Acc.Pl.Masc	no	yes	x
zu	zu	zu	PTKZU	ADV	no	yes	x
an	an	an	APPR	APPR.An	no	yes	x
Fenstern	Fenstern	Fenster	NN	N.Reg.Dat.Pl.Neut	no	yes	x
und	und	und	KON	CONJ.Coord.-	no	yes	x
an	an	an	APPR	APPR.An	no	yes	x
der	der	d	ART	ART.Def.Dat.Sg.Fem	no	yes	x
Tür	Tür	Tür	NN	N.Reg.Dat.Sg.Fem	no	yes	x
,	,	,	$,	SYM.Pun.Comma	no	yes	x
zog	zog	ziehen	VVFIN	VFIN.Full.3.Sg.Past.Ind	no	yes	x
ein	ein	eine	ART	ART.Indef.Nom.Sg.Neut	no	yes	x
artig's	artiges	artig	ADJA	ADJA.Pos.Nom.Sg.Neut	no	yes	x
Säcklein	Säcklein	Sacklein	NN	N.Reg.Nom.Sg.Neut	no	yes	x
aus	aus	aus	APPR	APPR.Dat	no	yes	x
der	der	d	ART	ART.Def.Dat.Sg.Fem	no	yes	x
Joppe	Joppe	Joppe	NN	N.Reg.Dat.Sg.Fem	no	yes	x
und	und	und	KON	CONJ.Coord.-	no	yes	x
leerte	leerte	leern	VVFIN	VFIN.Full.3.Sg.Past.Ind	no	yes	x
es	es	es	PPER	PRO.Pers.Subst.3.Acc.Sg.Neut	no	yes	x
schmunzelnd	schmunzelnd	schmunzelnd	ADJD	ADJD.Pos	no	yes	x
auf	auf	auf	APPR	APPR.Auf	no	yes	x
den	den	d	ART	ART.Def.Acc.Sg.Masc	no	yes	x
wurmstichigen	wurmstichigen	wurmstichig	ADJA	ADJA.Pos.Acc.Sg.Masc	no	yes	x
Tisch	Tisch	Tisch	NN	N.Reg.Acc.Sg.Masc	no	yes	x
.	.	.	$.	SYM.Pun.Sent	no	yes	x
Heißa	Heiße	heiß	ADJA	N.Reg.Nom.Sg.Masc	yes	yes	x
!	!	!	$.	SYM.Pun.Sent	no	yes	x
Das	Das	die	PDS	PRO.Dem.Subst.-.Nom.Sg.Neut	yes	yes	x
klirrte	klirrte	klirren	VVFIN	VFIN.Full.3.Sg.Past.Ind	no	yes	x
und	und	und	KON	CONJ.Coord.-	no	yes	x
klang	klang	klingen	VVFIN	VFIN.Full.3.Sg.Past.Ind	no	yes	x
–	-	-	$(	SYM.Pun.Hyph	no	yes	x
das	das	die	PDS	PRO.Dem.Subst.-.Nom.Sg.Neut	no	yes	x
gleißte	gleißte	gleißen	VVFIN	VFIN.Full.3.Sg.Past.Ind	no	yes	x
und	und	und	KON	CONJ.Coord.-	no	yes	x
glänzte	glänzte	glänzen	VVFIN	VFIN.Full.3.Sg.Past.Ind	no	yes	x
!	!	!	$.	SYM.Pun.Sent	no	yes	x
Und	Und	und	KON	CONJ.Coord.-	yes	yes	x
der	der	d	ART	ART.Def.Nom.Sg.Masc	no	yes	x
Kaschber	Kaschber	Kaschber	NN	N.Reg.Nom.Sg.Masc	no	yes	x
begann	begann	beginnen	VVFIN	VFIN.Full.3.Sg.Past.Ind	no	yes	x
zu	zu	zu	PTKZU	PART.Zu	no	yes	x
zählen	zählen	zählen	VVINF	VINF.Full.-	no	yes	x
–	-	-	$(	SYM.Pun.Hyph	no	yes	x
ganz	ganz	ganz	ADV	ADV	no	yes	x
laut	laut	laut	ADJD	ADJD.Pos	no	yes	x
und	und	und	KON	CONJ.Coord.-	no	yes	x
jedem	jedem	jede	PIAT	PRO.Indef.Subst.-.Dat.Sg.*	no	yes	x
vernehmlich	vernehmlich	vernehmlich	ADJD	ADJD.Pos	no	yes	x
:	:	:	$.	SYM.Pun.Colon	no	yes	x
»	&quot;	&quot;	$(	FM	yes	yes	x
Fünfhundertfuchzg	Fünfhundertfuchzg	Fünfhundertfuchzg	NE	FM	no	yes	x
...	...	...	$(	SYM.Pun.Cont	no	yes	x
sechshundert	sechshundert	sechshundert	CARD	CARD	no	yes	x
...	...	...	$(	SYM.Pun.Cont	no	yes	x
sechshundertfuchzg	sechshundertfuchzg	Sechshundertfuchzg	NE	ADJD.Pos	no	yes	x
...	...	...	$(	SYM.Pun.Cont	no	yes	x
sieb'	sieb	sieben	VVIMP	VFIN.Full.3.Sg.Past.Ind	no	yes	x
nhundert	nhundert	Nhundert	NE	VPP.Full.Psp	no	yes	x
...	...	...	$(	SYM.Pun.Cont	no	yes	x
«	&quot;	&quot;	$(	N.Reg.Acc.Sg.Neut	no	yes	x
Dazu	Dazu	dazu	PAV	PROADV.Dem	yes	yes	x
strich	strich	streichen	VVFIN	VFIN.Full.3.Sg.Past.Ind	no	yes	x
er	er	er	PPER	PRO.Pers.Subst.3.Nom.Sg.Masc	no	yes	x
allemal	allemal	allemal	ADV	ADV	no	yes	x
ein	ein	eine	ART	ART.Indef.Acc.Sg.Neut	no	yes	x
Häuflein	Häuflein	Haufenlein	NN	N.Reg.Acc.Sg.Neut	no	yes	x
Gulden	Gulden	Gulden	NN	N.Reg.*.*.Masc	no	yes	x
in	in	in	APPR	APPR.In	no	yes	x
die	die	d	ART	ART.Def.Acc.Sg.Fem	no	yes	x
Hand	Hand	Hand	NN	N.Reg.Acc.Sg.Fem	no	yes	x
und	und	und	KON	CONJ.Coord.-	no	yes	x
warf	warf	werfen	VVFIN	VFIN.Full.3.Sg.Past.Ind	no	yes	x
es	es	es	PPER	PRO.Pers.Subst.3.Acc.Sg.Neut	no	yes	x
in	in	in	APPR	APPR.In	no	yes	x
den	den	d	ART	ART.Def.Acc.Sg.Masc	no	yes	x
Geldsack	Geldsack	Geldsack	NN	N.Reg.Acc.Sg.Masc	no	yes	x
,	,	,	$,	SYM.Pun.Comma	no	yes	x
wobei	wobei	wobei	PWAV	CONJ.SubFin.-	no	yes	x
ihm	ihm	er	PPER	PRO.Pers.Subst.3.Dat.Sg.Masc	no	yes	x
aber	aber	aber	ADV	ADV	no	yes	x
des	des	d	ART	ART.Def.Gen.Sg.Neut	no	yes	x
öfteren	öfteren	öfteren	PIS	PRO.Indef.Subst.-.Gen.Sg.Neut	no	yes	x
passierte	passierte	passieren	VVFIN	VFIN.Full.3.Sg.Past.Ind	no	yes	x
,	,	,	$,	SYM.Pun.Comma	no	yes	x
daß	daß	daß	KOUS	CONJ.SubFin.-	no	yes	x
der	der	d	ART	ART.Def.Nom.Sg.Masc	no	yes	x
eine	eine	eine	ART	ADJA.Pos.Nom.Sg.Masc	no	yes	x
oder	oder	oder	KON	CONJ.Coord.-	no	yes	x
ander	ander	ander	ADJD	ADJA.Pos.Nom.Sg.Masc	no	yes	x
Gulden	Gulden	Gulden	NN	N.Reg.Nom.Sg.Masc	no	yes	x
über	über	über	APPR	APPR.über	no	yes	x
den	den	d	ART	ART.Def.Acc.Pl.Neut	no	yes	x
Säckel	Säckel	Säckel	NN	N.Reg.Acc.Pl.Neut	no	yes	x
sprang	sprang	springen	VVFIN	VFIN.Full.3.Sg.Past.Ind	no	yes	x
und	und	und	KON	CONJ.Coord.-	no	yes	x
klingend	klingend	klingen	VVPP	ADJD.Pos	no	yes	x
über	über	über	APPR	APPR.über	no	yes	x
den	den	d	ART	ART.Def.Acc.Sg.Masc	no	yes	x
Boden	Boden	Boden	NN	N.Reg.Acc.Sg.Masc	no	yes	x
rollte	rollte	rollen	VVFIN	VFIN.Full.3.Sg.Past.Ind	no	yes	x
.	.	.	$.	SYM.Pun.Sent	no	yes	x
Was	Was	was	PWS	PRO.Inter.Subst.-.Nom.Sg.Neut	yes	yes	freeIndirect
Wunder	Wunder	Wunder	NN	N.Reg.Nom.Sg.Neut	no	yes	freeIndirect
,	,	,	$,	SYM.Pun.Comma	no	yes	freeIndirect
daß	daß	daß	KOUS	CONJ.SubFin.-	no	yes	freeIndirect
dies	dies	diese	PDS	PRO.Dem.Subst.-.Nom.Sg.Neut	no	yes	freeIndirect
die	die	d	ART	ART.Def.Acc.Pl.Masc	no	yes	freeIndirect
Jungen	Jungen	Junge	NN	N.Reg.Acc.Pl.Masc	no	yes	freeIndirect
hörten	hörten	hören	VVFIN	VFIN.Full.1.Pl.Past.Ind	no	yes	freeIndirect
und	und	und	KON	CONJ.Coord.-	no	yes	freeIndirect
sich	sich	sich	PRF	PRO.Refl.Subst.3.Acc.Sg.*	no	yes	freeIndirect
mit	mit	mit	APPR	APPR.Dat	no	yes	freeIndirect
allen	allen	alle	PIAT	PRO.Indef.Attr.-.Dat.Pl.Masc	no	yes	freeIndirect
Fingern	Fingern	Finger	NN	N.Reg.Dat.Pl.Masc	no	yes	freeIndirect
in	in	in	APPR	APPR.In	no	yes	freeIndirect
den	den	d	ART	ART.Def.Dat.Pl.Neut	no	yes	freeIndirect
Ohren	Ohren	Ohr	NN	N.Reg.Dat.Pl.Neut	no	yes	freeIndirect
krauten	krauten	krauten	VVINF	VFIN.Full.3.Pl.Past.Ind	no	yes	freeIndirect
,	,	,	$,	SYM.Pun.Comma	no	yes	freeIndirect
damit	damit	damit	KOUS	CONJ.SubFin.-	no	yes	freeIndirect
sie	sie	sie	PPER	PRO.Pers.Subst.3.Nom.Pl.*	no	yes	freeIndirect
jedes	jedes	jede	PIAT	PRO.Indef.Attr.-.Acc.Sg.Neut	no	yes	freeIndirect
Geräuschlein	Geräuschlein	Geräuschlein	NN	N.Reg.Acc.Sg.Neut	no	yes	freeIndirect
in	in	in	APPR	APPR.In	no	yes	freeIndirect
des	des	d	ART	ART.Def.Gen.Sg.Masc	no	yes	freeIndirect
Alten	Alten	alt	ADJA	N.Reg.Gen.Sg.Masc	no	yes	freeIndirect
Kammer	Kammer	Kammer	NN	N.Reg.Nom.Sg.Fem	no	yes	freeIndirect
desto	desto	desto	ADV	ADV	no	yes	freeIndirect
feiner	feiner	fein	ADJA	ADJD.Comp	no	yes	freeIndirect
und	und	und	KON	CONJ.Coord.-	no	yes	freeIndirect
gewisser	gewisser	gewiß	ADJA	ADJD.Comp	no	yes	freeIndirect
unterscheiden	unterscheiden	unterscheiden	VVINF	VINF.Full.-	no	yes	freeIndirect
möchten	möchten	mögen	VMFIN	VFIN.Mod.3.Pl.Past.Subj	no	yes	freeIndirect
!	!	!	$.	SYM.Pun.Sent	no	yes	freeIndirect
Aber	Aber	aber	KON	CONJ.Coord.Aber	yes	yes	freeIndirect
es	es	es	PPER	PRO.Pers.Subst.3.Nom.Sg.Neut	no	yes	freeIndirect
waren	waren	sein	VAFIN	VFIN.Sein.3.Pl.Past.Ind	no	yes	freeIndirect
wahrhaftig	wahrhaftig	wahrhaftig	ADJD	ADJD.Pos	no	yes	freeIndirect
gute	gute	gut	ADJA	ADJA.Pos.Nom.Pl.Fem	no	yes	freeIndirect
Silbergulden	Silbergulden	Silbergulden	NN	N.Reg.Nom.Pl.Fem	no	yes	freeIndirect
,	,	,	$,	SYM.Pun.Comma	no	yes	freeIndirect
die	die	die	PRELS	PRO.Rel.Subst.-.Nom.Pl.Fem	no	yes	freeIndirect
da	da	da	ADV	ADV	no	yes	freeIndirect
klangen	klangen	klingen	VVFIN	VFIN.Full.3.Pl.Past.Ind	no	yes	freeIndirect
und	und	und	KON	CONJ.Coord.-	no	yes	freeIndirect
sangen	sangen	singen	VVFIN	VFIN.Full.3.Pl.Past.Ind	no	yes	freeIndirect
.	.	.	$.	SYM.Pun.Sent	no	yes	freeIndirect
Und	Und	und	KON	CONJ.Coord.-	yes	yes	freeIndirect
er	er	er	PPER	PRO.Pers.Subst.3.Nom.Sg.Masc	no	yes	freeIndirect
hatte	hatte	haben	VAFIN	VFIN.Haben.3.Sg.Past.Ind	no	yes	freeIndirect
zugeriegelt	zugeriegelt	zuriegeln	VVPP	VPP.Full.Psp	no	yes	freeIndirect
!	!	!	$.	SYM.Pun.Sent	no	yes	freeIndirect
Der	Der	d	ART	ART.Def.Nom.Sg.Masc	yes	yes	freeIndirect
alte	alte	alt	ADJA	ADJA.Pos.Nom.Sg.Masc	no	yes	freeIndirect
Tropf	Tropf	Tropf	NN	N.Reg.Nom.Sg.Masc	no	yes	freeIndirect
!	!	!	$.	SYM.Pun.Sent	no	yes	freeIndirect
Doch	Doch	doch	KON	CONJ.Coord.Doch	yes	yes	x
die	die	d	ART	ART.Def.Nom.Sg.Fem	no	yes	x
Annemirl	Annemirl	Annemirl	NN	N.Reg.Nom.Sg.Fem	no	yes	x
war	war	sein	VAFIN	VFIN.Sein.3.Sg.Past.Ind	no	yes	x
nicht	nicht	nicht	PTKNEG	PART.Neg	no	yes	x
um	um	um	APPR	APPR.Acc	no	yes	x
einen	einen	eine	ART	ART.Indef.Acc.Sg.Masc	no	yes	x
guten	guten	gut	ADJA	ADJA.Pos.Acc.Sg.Masc	no	yes	x
Rat	Rat	Rat	NN	N.Reg.Acc.Sg.Masc	no	yes	x
verlegen	verlegen	verlegen	VVINF	VINF.Full.-	no	yes	x
,	,	,	$,	SYM.Pun.Comma	no	yes	x
und	und	und	KON	CONJ.Coord.-	no	yes	x
sie	sie	sie	PPER	PRO.Pers.Subst.3.Nom.Sg.Fem	no	yes	x
flüsterte	flüsterte	flüstern	VVFIN	VFIN.Full.3.Sg.Past.Ind	no	yes	x
dem	dem	d	ART	ART.Def.Dat.Sg.Neut	no	yes	x
Simmer	Simmer	Simmer	NE	N.Reg.Dat.Sg.Neut	no	yes	x
in	in	in	APPR	APPR.In	no	yes	x
die	die	d	ART	ART.Def.Acc.Pl.Neut	no	yes	x
Ohren	Ohren	Ohr	NN	N.Reg.Acc.Pl.Neut	no	yes	x
:	:	:	$.	SYM.Pun.Colon	no	yes	x
»	&quot;	&quot;	$(	ADJA.Pos.Nom.Sg.Masc	no	yes	x
Schick	Schick	schicken	VVIMP	N.Reg.Nom.Sg.Masc	no	yes	x
doch	doch	doch	ADV	ADV	no	yes	x
amal	einmal	einmal	ADV	ADV	no	yes	x
an	an	an	APPR	APPR.An	no	yes	x
Kaschberl	Kaschbel	Kaschbel	NN	N.Reg.Dat.Sg.Masc	no	yes	x
eini	eine	eine	ART	CARD	no	yes	x
,	,	,	$,	SYM.Pun.Comma	no	yes	x
daß	daß	daß	KOUS	CONJ.SubFin.-	no	yes	x
er	er	er	PPER	PRO.Pers.Subst.3.Nom.Sg.Masc	no	yes	x
eahm	eahm	Eahm	NE	VFIN.Full.3.Sg.Past.Ind	no	yes	x
beim	beim	beim	APPRART	APPRART.Dat.Sg.Masc	no	yes	x
Aufklaub'n	Aufklauben	Aufklauben	NN	N.Reg.Dat.Sg.Masc	no	yes	x
hilft	hilft	helfen	VVFIN	VFIN.Full.3.Sg.Pres.Ind	no	yes	x
!	!	!	$.	SYM.Pun.Sent	no	yes	x
A	A	a	FM	SYM.Other.XY	yes	yes	x
Kinderbuckel	Kinderbuckel	kinderbuckel	FM	N.Name.Nom.Sg.Neut	no	yes	x
biagt	biagt	biagt	FM	VFIN.Full.3.Sg.Pres.Ind	no	yes	x
si	si	si	FM	ADJD.Pos	no	yes	x
leichter	leichter	leicht	ADJD	ADJD.Comp	no	yes	x
als	als	als	KOKOM	CONJ.Comp.-	no	yes	x
a	a	A	NE	N.Name.*.*.*	no	yes	x
alter	alter	alt	ADJA	ADJA.Pos.Nom.Sg.Masc	no	yes	x
–	-	-	$(	SYM.Pun.Hyph	no	yes	x
«	&quot;	&quot;	$(	N.Name.Nom.Sg.*	no	yes	x
Ei	Ei	Ei	NN	N.Reg.Acc.Sg.Neut	yes	yes	freeIndirect
freilich	freilich	freilich	ADV	ADV	no	yes	freeIndirect
!	!	!	$.	SYM.Pun.Sent	no	yes	freeIndirect
Daß	Daß	daß	KOUS	CONJ.SubFin.-	yes	yes	freeIndirect
ihm	ihm	er	PPER	PRO.Pers.Subst.3.Dat.Sg.Masc	no	yes	freeIndirect
dies	dies	diese	PDS	PRO.Dem.Subst.-.Nom.Sg.Neut	no	yes	freeIndirect
nicht	nicht	nicht	PTKNEG	PART.Neg	no	yes	freeIndirect
lang	lang	lang	ADJD	ADJD.Pos	no	yes	freeIndirect
schon	schon	schon	ADV	ADV	no	yes	freeIndirect
selber	selber	selber	ADV	ADV	no	yes	freeIndirect
eingefallen	eingefallen	einfallen	VVPP	VPP.Full.Psp	no	yes	freeIndirect
war	war	sein	VAFIN	VFIN.Sein.3.Sg.Past.Ind	no	yes	freeIndirect
,	,	,	$,	SYM.Pun.Comma	no	yes	freeIndirect
dem	dem	d	ART	ART.Def.Dat.Sg.Neut	no	yes	freeIndirect
Simmer	Simmer	Simmer	NE	N.Reg.Dat.Sg.Neut	no	yes	freeIndirect
!	!	!	$.	SYM.Pun.Sent	no	yes	freeIndirect
Also	Also	also	ADV	ADV	yes	yes	x
pochte	pochte	pochen	VVFIN	VFIN.Full.3.Sg.Past.Ind	no	yes	x
bald	bald	bald	ADV	ADV	no	yes	x
ein	ein	eine	ART	ART.Indef.Acc.Sg.Neut	no	yes	x
Bubenfäustlein	Bubenfäustlein	Bubenfaustlein	NN	N.Reg.Acc.Sg.Neut	no	yes	x
an	an	an	APPR	APPR.An	no	yes	x
die	die	d	ART	ART.Def.Acc.Sg.Fem	no	yes	x
Tür	Tür	Tür	NN	N.Reg.Acc.Sg.Fem	no	yes	x
des	des	d	ART	ART.Def.Gen.Sg.Masc	no	yes	x
Alten	Alten	Alte	NN	N.Reg.Gen.Sg.Masc	no	yes	x
,	,	,	$,	SYM.Pun.Comma	no	yes	x
und	und	und	KON	CONJ.Coord.-	no	yes	x
der	der	d	ART	ART.Def.Nom.Sg.Masc	no	yes	x
Kaschberl	Kaschbel	Kaschbel	NN	N.Reg.Nom.Sg.Masc	no	yes	x
rief	rief	rufen	VVFIN	VFIN.Full.3.Sg.Past.Ind	no	yes	x
:	:	:	$.	SYM.Pun.Colon	no	yes	x
»	&quot;	&quot;	$(	FM	yes	yes	x
Großvata	Großvata	Großvata	NE	FM	no	yes	x
,	,	,	$,	SYM.Pun.Comma	no	yes	x
mach	mache	machen	VVFIN	VFIN.Full.3.Sg.Pres.Subj	no	yes	x
auf	auf	auf	PTKVZ	PART.Verb	no	yes	x
!	!	!	$.	SYM.Pun.Sent	no	yes	x
I	I	I	NE	SYM.Other.XY	yes	yes	x
möcht'	möchte	mögen	VMFIN	VFIN.Mod.3.Sg.Past.Subj	no	yes	x
helfen	helfen	helfen	VVINF	VINF.Full.-	no	yes	x
zum	zum	zum	APPRART	APPRART.Dat.Sg.Masc	no	yes	x
Aufklaub'n	Aufklauben	Aufklauben	NN	N.Reg.Dat.Sg.Masc	no	yes	x
!	!	!	$.	SYM.Pun.Sent	no	yes	x
«	&quot;	&quot;	$(	N.Reg.Nom.Sg.Fem	no	yes	x
Und	Und	und	KON	CONJ.Coord.-	yes	yes	x
da	da	da	KOUS	CONJ.SubFin.-	no	yes	x
ihm	ihm	er	PPER	PRO.Pers.Subst.3.Dat.Sg.Masc	no	yes	x
der	der	d	ART	ART.Def.Nom.Sg.Masc	no	yes	x
Alte	Alte	Alte	NN	N.Reg.Nom.Sg.Masc	no	yes	x
willig	willig	willig	ADJD	ADJD.Pos	no	yes	x
auftat	auftat	auftuen	VVFIN	VFIN.Full.3.Sg.Past.Ind	no	yes	x
,	,	,	$,	SYM.Pun.Comma	no	yes	x
konnte	konnte	können	VMFIN	VFIN.Mod.3.Sg.Past.Ind	no	yes	x
das	das	d	ART	ART.Def.Nom.Sg.Neut	no	yes	x
Büblein	Büblein	Büblein	NN	N.Reg.Nom.Sg.Neut	no	yes	x
gar	gar	gar	ADV	ADV	no	yes	x
bald	bald	bald	ADV	ADV	no	yes	x
davon	davon	davon	PAV	PROADV.Dem	no	yes	x
berichten	berichten	berichten	VVINF	VINF.Full.-	no	yes	x
:	:	:	$.	SYM.Pun.Colon	no	yes	x
»	&quot;	&quot;	$(	ADJA.Pos.Nom.Sg.Masc	yes	yes	x
Lauter	Lauter	laut	ADJA	ADJA.Pos.Nom.Sg.Masc	no	yes	x
Gulden	Gulden	Gulden	NN	N.Reg.Nom.Sg.Masc	no	yes	x
sands	Sands	Sands	NE	N.Reg.Gen.Sg.Masc	no	yes	x
!	!	!	$.	SYM.Pun.Sent	no	yes	x
Achtzehnhundert	Achtzehnhundert	achtzehnhundert	CARD	N.Name.Nom.Sg.Masc	yes	yes	x
,	,	,	$,	SYM.Pun.Comma	no	yes	x
hat	hat	haben	VAFIN	VFIN.Haben.3.Sg.Pres.Ind	no	yes	x
er	er	er	PPER	PRO.Pers.Subst.3.Nom.Sg.Masc	no	yes	x
g'sagt	gesagt	sagen	VVPP	VPP.Full.Psp	no	yes	x
,	,	,	$,	SYM.Pun.Comma	no	yes	x
der	der	d	ART	ART.Def.Nom.Sg.Masc	no	yes	x
Ahnl	Ahnl	Ahnl	NN	N.Name.*.*.*	no	yes	x
!	!	!	$.	SYM.Pun.Sent	no	yes	x
«	&quot;	&quot;	$(	N.Name.*.*.*	no	yes	x
Achtzehnhundert	Achtzehnhundert	achtzehnhundert	CARD	N.Name.*.*.*	yes	yes	freeIndirect
Gulden	Gulden	Gulden	NN	N.Reg.*.*.Masc	no	yes	freeIndirect
!	!	!	$.	SYM.Pun.Sent	no	yes	freeIndirect
Der	Der	d	ART	ART.Def.Nom.Sg.Masc	yes	yes	freeIndirect
Tropf	Tropf	Tropf	NN	N.Reg.Nom.Sg.Masc	no	yes	freeIndirect
,	,	,	$,	SYM.Pun.Comma	no	yes	freeIndirect
der	der	d	ART	ART.Def.Nom.Sg.Masc	no	yes	freeIndirect
scheinheilige	scheinheilige	scheinheilig	ADJA	ADJA.Pos.Nom.Sg.Masc	no	yes	freeIndirect
!-	!-	!-	$(	N.Reg.Nom.Sg.Masc	no	yes	freeIndirect
Schon	Schon	schon	ADV	ADV	yes	yes	x
um	um	um	APPR	APPR.Acc	no	yes	x
die	die	d	ART	ART.Def.Acc.Sg.Fem	no	yes	x
Essenszeit	Essenszeit	Essenszeit	NN	N.Reg.Acc.Sg.Fem	no	yes	x
war	war	sein	VAFIN	VFIN.Sein.3.Sg.Past.Ind	no	yes	x
die	die	d	ART	ART.Def.Nom.Sg.Fem	no	yes	x
Annemirl	Annemirl	Annemirl	NN	N.Reg.Nom.Sg.Fem	no	yes	x
vor	vor	vor	APPR	APPR.Vor	no	yes	x
seiner	seiner	seine	PPOSAT	PRO.Poss.Attr.-.Dat.Sg.Fem	no	yes	x
Kammertür	Kammertür	Kammertür	NN	N.Reg.Dat.Sg.Fem	no	yes	x
.	.	.	$.	SYM.Pun.Sent	no	yes	x
»	&quot;	&quot;	$(	CARD	yes	yes	x
Vata	Fata	Fatum	NN	N.Reg.*.*.*	no	yes	x
!	!	!	$.	SYM.Pun.Sent	no	yes	x
Geh'	Gehe	Gehe	NE	VFIN.Full.3.Sg.Pres.Subj	yes	yes	x
,	,	,	$,	SYM.Pun.Comma	no	yes	x
mögts	mögt	mögen	VMFIN	VFIN.Mod.2.Pl.Pres.Ind	no	yes	x
net	net	Net	NE	N.Name.*.*.*	no	yes	x
bei	bei	bei	APPR	PART.Verb	no	yes	x
ins	ins	ins	APPRART	APPRART.Acc.Sg.Neut	no	yes	x
hervorn	hervorn	Hervorn	NN	FM	no	yes	x
essen	essen	essen	VVINF	VINF.Full.-	no	yes	x
?	?	?	$.	SYM.Pun.Sent	no	yes	x
Is	Is	Is	NE	N.Reg.Nom.Pl.Fem	yes	yes	x
gar	gar	gar	ADV	ADV	no	yes	x
so	so	so	ADV	ADV	no	yes	x
mentisch	mantisch	mantisch	ADJD	ADJD.Pos	no	yes	x
kalt	kalt	kalt	ADJD	ADJD.Pos	no	yes	x
heunt	heute	heute	ADV	ADV	no	yes	x
in	in	in	APPR	APPR.In	no	yes	x
der	der	d	ART	ART.Def.Dat.Sg.Fem	no	yes	x
Kammer	Kammer	Kammer	NN	N.Reg.Dat.Sg.Fem	no	yes	x
hinten	hinten	hinten	ADV	ADV	no	yes	x
!	!	!	$.	SYM.Pun.Sent	no	yes	x
«	&quot;	&quot;	$(	N.Reg.Acc.Sg.Neut	no	yes	x
Ja	Ja	ja	PTKANT	PART.Ans	yes	yes	freeIndirect
,	,	,	$,	SYM.Pun.Comma	no	yes	freeIndirect
ja	,	,	$,	SYM.Pun.Comma	no	yes	freeIndirect
,	,	,	$,	SYM.Pun.Comma	no	yes	freeIndirect
er	er	er	PPER	PRO.Pers.Subst.3.Nom.Sg.Masc	no	yes	freeIndirect
mochte	mochte	mögen	VMFIN	VFIN.Full.3.Sg.Past.Ind	no	yes	freeIndirect
!	!	!	$.	SYM.Pun.Sent	no	yes	freeIndirect
Aber	Aber	aber	KON	CONJ.Coord.Aber	yes	yes	freeIndirect
jetzt	jetzt	jetzt	ADV	ADV	no	yes	freeIndirect
fing	fing	fangen	VVFIN	VFIN.Full.3.Sg.Past.Ind	no	yes	freeIndirect
das	das	d	ART	ART.Def.Nom.Sg.Neut	no	yes	freeIndirect
Gefrage	Gefrage	Gefrage	NN	N.Reg.Nom.Sg.Neut	no	yes	freeIndirect
an	an	an	PTKVZ	PART.Verb	no	yes	freeIndirect
.	.	.	$.	SYM.Pun.Sent	no	yes	freeIndirect
»	&quot;	&quot;	$(	CARD	yes	yes	x
Der	Der	d	ART	ART.Def.Nom.Sg.Masc	no	yes	x
Kaschberl	Kaschbel	Kaschbel	NN	N.Reg.Nom.Sg.Masc	no	yes	x
sagt	sagt	sagen	VVFIN	VFIN.Full.3.Sg.Pres.Ind	no	yes	x
...	...	...	$(	SYM.Pun.Cont	no	yes	x
von	von	von	APPR	APPR.Dat	no	yes	x
achtzehnhundert	achtzehnhundert	achtzehnhundert	CARD	CARD	no	yes	x
hat	hat	haben	VAFIN	VFIN.Haben.3.Sg.Pres.Ind	no	yes	x
er	er	er	PPER	PRO.Pers.Subst.3.Nom.Sg.Masc	no	yes	x
g'red't	geredet	gereden	VVPP	VPP.Full.Psp	no	yes	x
...	...	...	$(	SYM.Pun.Cont	no	yes	x
«	&quot;	&quot;	$(	CARD	no	yes	x
»	&quot;	&quot;	$(	N.Reg.*.*.Neut	yes	yes	x
Wenn	Wenn	wenn	KOUS	CONJ.SubFin.-	no	yes	x
's	es	es	PPER	PRO.Pers.Subst.3.Nom.Sg.Neut	no	yes	x
g'langt	gelangt	gelangen	VVFIN	VFIN.Full.3.Sg.Pres.Ind	no	yes	x
«	&quot;	&quot;	$(	CARD	no	yes	x
,	,	,	$,	SYM.Pun.Comma	no	yes	x
erwidert	erwidert	erwidern	VVFIN	VFIN.Full.3.Sg.Pres.Ind	no	yes	x
bedachtsam	bedachtsam	bedachtsam	ADJD	ADJD.Pos	no	yes	x
der	der	d	ART	ART.Def.Nom.Sg.Masc	no	yes	x
Alt	Alt	alt	ADJD	N.Reg.Nom.Sg.Masc	no	yes	x
'	'	'	$(	SYM.Quot.Right	no	yes	x
;	;	;	$.	SYM.Pun.Sent	no	yes	x
»	&quot;	&quot;	$(	CARD	no	yes	x
wenn	wenn	wenn	KOUS	CONJ.SubFin.-	no	yes	x
's	es	es	PPER	PRO.Pers.Subst.3.Nom.Sg.Neut	no	yes	x
nur	nur	nur	ADV	ADV	no	yes	x
g'langt	gelangt	gelangen	VVPP	VFIN.Full.3.Sg.Pres.Ind	no	yes	x
.	.	.	$.	SYM.Pun.Sent	no	yes	x
I	I	i	XY	SYM.Other.XY	yes	yes	x
bin	bin	sein	VAFIN	VFIN.Sein.1.Sg.Pres.Ind	no	yes	x
no	no	no	FM	N.Name.*.*.*	no	yes	x
net	net	net	FM	N.Name.*.*.*	no	yes	x
ganz	ganz	ganz	ADV	ADV	no	yes	x
firti	firti	Firti	NN	ADJD.Pos	no	yes	x
mit	mit	mit	APPR	APPR.Dat	no	yes	x
'n	'n	eine	ART	N.Name.*.*.*	no	yes	x
Zähl'n	Zählen	Zählen	NN	VINF.Full.-	no	yes	x
.	.	.	$.	SYM.Pun.Sent	no	yes	x
«	&quot;	&quot;	$(	N.Name.Dat.Sg.*	no	yes	x
Ja	Ja	ja	PTKANT	PART.Ans	yes	yes	freeIndirect
...	...	...	$(	SYM.Pun.Cont	no	yes	freeIndirect
woher	woher	woher	PWAV	PROADV.Inter	no	yes	freeIndirect
...	...	...	$(	SYM.Pun.Cont	no	yes	freeIndirect
?	?	?	$.	SYM.Pun.Sent	no	yes	freeIndirect
»	&quot;	&quot;	$(	N.Name.*.*.*	yes	yes	x
Mei	Mei	Mei	NE	N.Name.Nom.Sg.*	no	yes	x
,	,	,	$,	SYM.Pun.Comma	no	yes	x
dees	dees	Dees	NE	N.Name.Nom.Sg.*	no	yes	x
hab	habe	haben	VAFIN	VFIN.Haben.3.Sg.Pres.Subj	no	yes	x
i'	i	I	NE	ADJD.Pos	no	yes	x
die	die	d	ART	ART.Def.Acc.Pl.Neut	no	yes	x
ganzen	ganzen	ganz	ADJA	ADJA.Pos.Acc.Pl.Neut	no	yes	x
Jahrl	Jahr	Jahr	NN	N.Reg.Acc.Pl.Neut	no	yes	x
her	her	her	APZR	APZR	no	yes	x
bei	bei	bei	APPR	APPR.Dat	no	yes	x
insan	insan	insan	ADJD	N.Name.*.*.*	no	yes	x
geistlinga	Geistlinge	geistlinge	ADJA	N.Name.*.*.*	no	yes	x
Herr	Herr	Herr	NN	N.Reg.Nom.Sg.Masc	no	yes	x
Vetter	Vetter	Vetter	NE	N.Name.Dat.Sg.Masc	no	yes	x
aufg'hebt	aufg'hebt	Aufg'hebt	NE	VPP.Full.Psp	no	yes	x
g'habt	gehabt	haben	VAPP	VPP.Haben.Psp	no	yes	x
.	.	.	$.	SYM.Pun.Sent	no	yes	x
Aber	Aber	aber	KON	CONJ.Coord.Aber	yes	yes	x
indem	indem	indem	KOUS	CONJ.SubFin.-	no	yes	x
daß	daß	daß	KOUS	CONJ.SubFin.-	no	yes	x
i	i	I	NE	ADJD.Pos	no	yes	x
in	in	in	APPR	APPR.In	no	yes	x
Sinn	Sinn	Sinn	NN	N.Reg.Acc.Sg.Masc	no	yes	x
hab'	habe	haben	VAFIN	VFIN.Haben.3.Sg.Pres.Subj	no	yes	x
,	,	,	$,	SYM.Pun.Comma	no	yes	x
daß	daß	daß	KOUS	CONJ.SubFin.-	no	yes	x
i	i	i	FM	N.Name.*.*.*	no	yes	x
mi'	mi'	mi'	FM	N.Name.Nom.Sg.*	no	yes	x
wo	wo	wo	PWAV	PROADV.Inter	no	yes	x
einkaaf	einkaaf	Einkaaf	NE	VFIN.Full.3.Sg.Past.Ind	no	yes	x
...	...	...	$(	SYM.Pun.Cont	no	yes	x
in	in	in	APPR	APPR.In	no	yes	x
a	a	A	NE	FM	no	yes	x
Spital	Spital	Spital	NN	N.Reg.Dat.Sg.Neut	no	yes	x
...	...	...	$(	SYM.Pun.Cont	no	yes	x
oder	oder	oder	KON	CONJ.Coord.-	no	yes	x
a	a	A	NE	N.Name.*.*.*	no	yes	x
Pfreimd	Pfreimd	Pfreimd	NE	N.Name.Dat.Sg.*	no	yes	x
...	...	...	$(	SYM.Pun.Cont	no	yes	x
«	&quot;	&quot;	$(	N.Name.*.*.*	no	yes	x
»	&quot;	&quot;	$(	N.Name.*.*.*	yes	yes	x
Jess	Jess	Jess	NE	N.Name.*.*.*	no	yes	x
'	'	'	$(	SYM.Quot.Right	no	yes	x
Maria	Maria	Maria	NE	N.Name.Nom.Sg.Fem	no	yes	x
!	!	!	$.	SYM.Pun.Sent	no	yes	x
Vata	Fata	Fatum	NN	N.Reg.*.*.*	yes	yes	x
!	!	!	$.	SYM.Pun.Sent	no	yes	x
Du	Du	du	FM.la	PRO.Pers.Subst.2.Nom.Sg.*	yes	yes	x
werst	wirst	wirst	FM.la	VFIN.Aux.2.Sg.Pres.Ind	no	yes	x
do'	do'	do'	FM.la	N.Name.*.*.*	no	yes	x
net	net	net	FM.la	N.Name.*.*.*	no	yes	x
!	!	!	$.	SYM.Pun.Sent	no	yes	x
Die	Die	d	ART	ART.Def.Nom.Sg.Fem	yes	yes	x
Schand	Schande	Schande	NN	N.Reg.Nom.Sg.Fem	no	yes	x
'	'	'	$(	SYM.Quot.Right	no	yes	x
werst	wirst	werden	VAFIN	VFIN.Aux.2.Sg.Pres.Ind	no	yes	x
ins	ins	ins	APPRART	APPRART.Acc.Sg.Neut	no	yes	x
do	da	da	ADV	ADV	no	yes	x
net	net	net	FM	N.Name.*.*.*	no	yes	x
otoa	otoa	otoa	FM	N.Name.*.*.*	no	yes	x
!	!	!	$.	SYM.Pun.Sent	no	yes	x
Daß	Daß	daß	KOUS	CONJ.SubFin.-	yes	yes	x
's	es	es	PPER	PRO.Pers.Subst.3.Nom.Sg.Neut	no	yes	x
hoaß'n	hoaß'n	Hoaß'n	NE	ADJD.Pos	no	yes	x
tät	täte	tun	VVFIN	VFIN.Full.3.Sg.Past.Subj	no	yes	x
,	,	,	$,	SYM.Pun.Comma	no	yes	x
beim	beim	beim	APPRART	APPRART.Dat.Sg.*	no	yes	x
Schimmelschuasta	Schimmelschuasta	Schimmelschuasta	NN	N.Name.*.*.*	no	yes	x
hams	hams	Hams	NE	N.Name.*.*.*	no	yes	x
eahnan	eahnan	Eahnan	NE	N.Name.*.*.*	no	yes	x
Alten	Alten	Alte	NN	N.Reg.Dat.Pl.*	no	yes	x
so	so	so	ADV	ADV	no	yes	x
schlecht	schlecht	schlecht	ADJD	ADJD.Pos	no	yes	x
versorgt	versorgt	versorgen	VVPP	VPP.Full.Psp	no	yes	x
,	,	,	$,	SYM.Pun.Comma	no	yes	x
daß	daß	daß	KOUS	CONJ.SubFin.-	no	yes	x
er	er	er	PPER	PRO.Pers.Subst.3.Nom.Sg.Masc	no	yes	x
si	si	Si	NE	FM	no	yes	x
eikaaffa	eikaaffa	Eikaaffa	NE	FM	no	yes	x
hat	hat	haben	VAFIN	VFIN.Haben.3.Sg.Pres.Ind	no	yes	x
müass'n	müass'n	Müass'n	NE	VPP.Full.Psp	no	yes	x
...	...	...	$(	SYM.Pun.Cont	no	yes	x
«	&quot;	&quot;	$(	FM	no	yes	x
»	&quot;	&quot;	$(	FM	yes	yes	x
Ja	Ja	ja	PTKANT	N.Reg.Nom.Sg.Neut	no	yes	x
no	no	no	FM	FM	no	yes	x
.	.	.	$.	SYM.Pun.Sent	no	yes	x
–	-	-	$(	SYM.Pun.Hyph	no	yes	x
Es	Es	es	PPER	PRO.Pers.Subst.3.Nom.Sg.Neut	yes	yes	x
wird	wird	werden	VAFIN	VFIN.Aux.3.Sg.Pres.Ind	no	yes	x
mir	mir	ich	PPER	PRO.Pers.Subst.1.Dat.Sg.*	no	yes	x
halt	halte	halten	VVFIN	VFIN.Full.1.Sg.Pres.Ind	no	yes	x
do'	da	da	ADV	ADV	no	yes	x
guatding	guatding	Guatding	NE	ADJD.Pos	no	yes	x
z'kalt	z'kalt	Z'kalt	NE	ADJD.Pos	no	yes	x
da	da	da	ADV	ADV	no	yes	x
hinten	hinten	hinten	ADV	ADV	no	yes	x
in	in	in	APPR	APPR.In	no	yes	x
mein	mein	mein	PPOSAT	PRO.Poss.Attr.-.Acc.Sg.Neut	no	yes	x
Kammerl	Kamel	Kamel	NN	N.Reg.Acc.Sg.Neut	no	yes	x
.	.	.	$.	SYM.Pun.Sent	no	yes	x
–	-	-	$(	SYM.Pun.Hyph	yes	yes	x
Und	Und	und	KON	CONJ.Coord.-	yes	yes	x
hie	hie	hie	ADV	ADV	no	yes	x
und	und	und	KON	CONJ.Coord.-	no	yes	x
da	da	da	ADV	ADV	no	yes	x
a	a	A	NE	N.Name.*.*.*	no	yes	x
Fleischsuppen	Fleischsuppen	Fleischsuppe	NN	N.Reg.Dat.Pl.Fem	no	yes	x
hat	hat	haben	VAFIN	VFIN.Haben.3.Sg.Pres.Ind	no	yes	x
aa	aa	Aa	NE	FM	no	yes	x
a	a	A	NE	FM	no	yes	x
jeder	jeder	jede	PIS	PRO.Indef.Subst.-.Nom.Sg.Masc	no	yes	x
gern	gern	gern	ADV	ADV	no	yes	x
.	.	.	$.	SYM.Pun.Sent	no	yes	x
–	-	-	$(	SYM.Pun.Hyph	yes	yes	x
Und	Und	und	KON	CONJ.Coord.-	yes	yes	x
auf	auf	auf	APPR	APPR.Auf	no	yes	x
a	a	A	NE	N.Name.*.*.*	no	yes	x
scheens	Scheins	Schein	NN	N.Reg.Gen.Sg.Masc	no	yes	x
Eingrab'n	Eingraben	Eingraben	NN	N.Reg.Acc.Pl.Fem	no	yes	x
schaug	schaug	Schaug	NE	FM	no	yes	x
i	i	I	NE	FM	no	yes	x
aa	aa	Aa	NE	FM	no	yes	x
.	.	.	$.	SYM.Pun.Sent	no	yes	x
Wer	Wer	wer	PWS	PRO.Inter.Subst.-.Nom.Sg.Masc	yes	yes	x
woaß's	woaß's	Woaß's	NE	N.Name.Nom.Sg.*	no	yes	x
,	,	,	$,	SYM.Pun.Comma	no	yes	x
wias	wias	Wias	NE	N.Name.Nom.Sg.*	no	yes	x
geht	geht	gehen	VVFIN	VFIN.Full.3.Sg.Pres.Ind	no	yes	x
bei	bei	bei	APPR	APPR.Dat	no	yes	x
enk	eng	eng	ADJD	ADJD.Pos	no	yes	x
...	...	...	$(	SYM.Pun.Cont	no	yes	x
ob	ob	ob	KOUS	CONJ.SubFin.-	no	yes	x
d'	d'	D'	NE	N.Name.*.*.*	no	yes	x
Not	Not	Not	NN	N.Reg.Nom.Sg.Fem	no	yes	x
net	net	Net	NE	N.Name.*.*.*	no	yes	x
scho	scho	Scho	NE	N.Name.*.*.*	no	yes	x
so	so	so	ADV	ADV	no	yes	x
groß	groß	groß	ADJD	ADJD.Pos	no	yes	x
is	is	is	FM	FM	no	yes	x
bei	bei	bei	APPR	APPR.Dat	no	yes	x
enk	eng	eng	ADJD	ADJD.Pos	no	yes	x
,	,	,	$,	SYM.Pun.Comma	no	yes	x
daß	daß	daß	KOUS	CONJ.SubFin.-	no	yes	x
's	es	es	PPER	PRO.Pers.Subst.3.Nom.Sg.Neut	no	yes	x
mi	mi	Mi	NE	ADJD.Pos	no	yes	x
amal	einmal	einmal	ADV	ADV	no	yes	x
auf	auf	auf	APPR	APPR.Auf	no	yes	x
Gemeindekosten	Gemeindekosten	Gemeindekosten	NN	N.Reg.Acc.Pl.Fem	no	yes	x
einscharr'n	einscharren	einscharren	VVINF	VINF.Full.-	no	yes	x
lassen	lassen	lassen	VVFIN	VINF.Full.-	no	yes	x
müaßts	müaßts	Müaßts	NE	FM	no	yes	x
!	!	!	$.	SYM.Pun.Sent	no	yes	x
«	&quot;	&quot;	$(	FM	no	yes	x
Achtzehnhundert	Achtzehnhundert	achtzehnhundert	CARD	FM	yes	yes	freeIndirect
Gulden	Gulden	Gulden	NN	N.Reg.Acc.Sg.Masc	no	yes	freeIndirect
!	!	!	$.	SYM.Pun.Sent	no	yes	freeIndirect
Und	Und	und	KON	CONJ.Coord.-	yes	yes	freeIndirect
in	in	in	APPR	APPR.In	no	yes	freeIndirect
die	die	d	ART	ART.Def.Acc.Pl.*	no	yes	freeIndirect
Pfründ	Pfründe	Pfründe	NN	N.Reg.Acc.Pl.*	no	yes	freeIndirect
!	!	!	$.	SYM.Pun.Sent	no	yes	freeIndirect
Das	Das	d	ART	ART.Def.Nom.Sg.Neut	yes	yes	freeIndirect
schöne	schöne	schön	ADJA	ADJA.Pos.Nom.Sg.Neut	no	yes	freeIndirect
Geld	Geld	Geld	NN	N.Reg.Nom.Sg.Neut	no	yes	freeIndirect
!	!	!	$.	SYM.Pun.Sent	no	yes	freeIndirect
»	&quot;	&quot;	$(	N.Name.*.*.*	yes	yes	x
Aber	Aber	aber	KON	CONJ.Coord.Aber	no	yes	x
Vata	Fata	Fatum	NN	N.Reg.*.*.*	no	yes	x
!	!	!	$.	SYM.Pun.Sent	no	yes	x
–	-	-	$(	SYM.Pun.Hyph	yes	yes	x
Auf	Auf	auf	APPR	APPR.Auf	yes	yes	x
G'meindekosten	Gemeindekosten	Gemeindekosten	NN	N.Reg.Nom.Pl.Masc	no	yes	x
!	!	!	$.	SYM.Pun.Sent	no	yes	x
–	-	-	$(	SYM.Pun.Hyph	yes	yes	x
Wo	Wo	wo	PWAV	PROADV.Inter	no	yes	x
denkst	denkst	denken	VVFIN	VFIN.Full.2.Sg.Pres.Ind	no	yes	x
denn	denn	denn	ADV	ADV	no	yes	x
hi	hi	Hi	NE	ADJD.Pos	no	yes	x
!	!	!	$.	SYM.Pun.Sent	no	yes	x
–	-	-	$(	SYM.Pun.Hyph	yes	yes	x
Moanst	Moanst	Moanst	NE	VIMP.Full.2.Pl	no	yes	x
,	,	,	$,	SYM.Pun.Comma	no	yes	x
daß	daß	daß	KOUS	CONJ.SubFin.-	no	yes	x
ma	ma	Ma	NE	N.Name.*.*.*	no	yes	x
di	di	di	FM	N.Name.*.*.*	no	yes	x
net	net	net	FM	N.Name.*.*.*	no	yes	x
schee	schee	schee	FM	VFIN.Full.3.Sg.Pres.Subj	no	yes	x
und	und	und	KON	CONJ.Coord.-	no	yes	x
mit	mit	mit	APPR	ADV	no	yes	x
alle	alle	alle	PIAT	PRO.Indef.Attr.-.Acc.Sg.Fem	no	yes	x
Ehr	Ehre	Ehre	NN	N.Reg.Acc.Sg.Fem	no	yes	x
'n	'n	Eine	NE	N.Name.*.*.*	no	yes	x
eingrab'n	eingraben	eingraben	VVINF	VINF.Full.-	no	yes	x
tät'n	täten	tun	VVFIN	VFIN.Full.3.Pl.Past.Subj	no	yes	x
!	!	!	$.	SYM.Pun.Sent	no	yes	x
«	&quot;	&quot;	$(	ADJA.Pos.Acc.Sg.Neut	no	yes	x
»	&quot;	&quot;	$(	N.Reg.Acc.Sg.Neut	yes	yes	x
Ja	Ja	ja	FM.la	PART.Ans	no	yes	x
no	no	no	FM.la	FM	no	yes	x
–	-	-	$(	SYM.Pun.Hyph	no	yes	x
nix	nix	nix	FM.la	PRO.Indef.Subst.-.*.*.*	no	yes	x
G'wiss	G'wiss	g'wiss	FM.la	N.Name.Nom.Sg.*	no	yes	x
's	es	es	FM.la	PRO.Pers.Subst.3.Acc.Sg.Neut	no	yes	x
woaß	woaß	woaß	FM.la	VFIN.Full.3.Sg.Past.Ind	no	yes	x
ma	ma	ma	FM.la	N.Name.*.*.*	no	yes	x
net	net	net	FM.la	N.Name.*.*.*	no	yes	x
.	.	.	$.	SYM.Pun.Sent	no	yes	x
–	-	-	$(	SYM.Pun.Hyph	yes	yes	x
Dees	Dees	dees	FM	N.Reg.Acc.Pl.Neut	yes	yes	x
müaßt	müaßt	müaßt	FM	VPP.Full.Psp	no	yes	x
i'	i	i	FM	FM	no	yes	x
halt	halte	halten	VVFIN	VFIN.Full.3.Sg.Pres.Subj	no	yes	x
scho	scho	Scho	NE	FM	no	yes	x
'	'	'	$(	SYM.Quot.Right	no	yes	x
schriftli	schriftli	Schriftli	NE	FM	no	yes	x
'	'	'	$(	SYM.Quot.Right	no	yes	x
hab'n	haben	haben	VAFIN	VINF.Haben.-	no	yes	x
...	...	...	$(	SYM.Pun.Cont	no	yes	x
«	&quot;	&quot;	$(	N.Name.*.*.*	no	yes	x
O	O	O	NE	N.Name.*.*.*	yes	yes	freeIndirect
!	!	!	$.	SYM.Pun.Sent	no	yes	freeIndirect
Sie	Sie	sie	PPER	PRO.Pers.Subst.3.Nom.Pl.*	yes	yes	freeIndirect
gaben	gaben	geben	VVFIN	VFIN.Full.3.Pl.Past.Ind	no	yes	freeIndirect
ihm	ihm	er	PPER	PRO.Pers.Subst.3.Dat.Sg.Masc	no	yes	freeIndirect
das	das	d	ART	ART.Def.Acc.Sg.Neut	no	yes	freeIndirect
schönste	schönste	schön	ADJA	ADJA.Sup.Acc.Sg.Neut	no	yes	freeIndirect
Begräbnis	Begräbnis	Begräbnis	NN	N.Reg.Acc.Sg.Neut	no	yes	freeIndirect
schriftlich	schriftlich	schriftlich	ADJD	ADJD.Pos	no	yes	freeIndirect
–	-	-	$(	SYM.Pun.Hyph	no	yes	freeIndirect
mit	mit	mit	APPR	APPR.Dat	no	yes	freeIndirect
großen	großen	groß	ADJA	ADJA.Pos.Dat.Pl.Masc	no	yes	freeIndirect
,	,	,	$,	SYM.Pun.Comma	no	yes	freeIndirect
steifen	steifen	steif	ADJA	ADJA.Pos.Dat.Pl.Masc	no	yes	freeIndirect
Buchstaben	Buchstaben	Buchstabe	NN	N.Reg.Dat.Pl.Masc	no	yes	freeIndirect
–	-	-	$(	SYM.Pun.Hyph	no	yes	freeIndirect
und	und	und	KON	CONJ.Coord.-	no	yes	freeIndirect
von	von	von	APPR	APPR.Dat	no	yes	freeIndirect
beiden	beiden	beide	PIS	PRO.Indef.Subst.-.Dat.Pl.*	no	yes	freeIndirect
unterzeichnet	unterzeichnet	unterzeichnen	VVPP	VPP.Full.Psp	no	yes	freeIndirect
!	!	!	$.	SYM.Pun.Sent	no	yes	freeIndirect
Und	Und	und	KON	CONJ.Coord.-	yes	yes	x
er	er	er	PPER	PRO.Pers.Subst.3.Nom.Sg.Masc	no	yes	x
kam	kam	kommen	VVFIN	VFIN.Full.3.Sg.Past.Ind	no	yes	x
wieder	wieder	wieder	ADV	ADV	no	yes	x
in	in	in	APPR	APPR.In	no	yes	x
seine	seine	seine	PPOSAT	PRO.Poss.Attr.-.Acc.Sg.Fem	no	yes	x
schöne	schöne	schön	ADJA	ADJA.Pos.Acc.Sg.Fem	no	yes	x
Kammer	Kammer	Kammer	NN	N.Reg.Acc.Sg.Fem	no	yes	x
,	,	,	$,	SYM.Pun.Comma	no	yes	x
der	der	d	ART	ART.Def.Nom.Sg.Masc	no	yes	x
alt'	alte	alt	ADJA	ADJA.Pos.Nom.Sg.Masc	no	yes	x
Kaschber	Kaschber	Kaschber	NN	N.Reg.Nom.Sg.Masc	no	yes	x
,	,	,	$,	SYM.Pun.Comma	no	yes	x
hatte	hatte	haben	VAFIN	VFIN.Haben.3.Sg.Past.Ind	no	yes	x
es	es	es	PPER	PRO.Pers.Subst.3.Nom.Sg.Neut	no	yes	x
schön	schön	schön	ADJD	ADJD.Pos	no	yes	x
warm	warm	warm	ADJD	ADJD.Pos	no	yes	x
und	und	und	KON	CONJ.Coord.-	no	yes	x
aß	aß	essen	VVFIN	VFIN.Full.3.Sg.Past.Ind	no	yes	x
,	,	,	$,	SYM.Pun.Comma	no	yes	x
was	was	was	PWS	PRO.Inter.Subst.-.Nom.Sg.Neut	no	yes	x
ihm	ihm	er	PPER	PRO.Pers.Subst.3.Dat.Sg.Masc	no	yes	x
grad	gerade	gerade	ADV	ADV	no	yes	x
schmeckte	schmeckte	schmecken	VVFIN	VFIN.Full.3.Sg.Past.Ind	no	yes	x
,	,	,	$,	SYM.Pun.Comma	no	yes	x
bis	bis	bis	KOUS	CONJ.SubFin.-	no	yes	x
an	an	an	APPR	APPR.An	no	yes	x
sein	sein	sein	PPOSAT	PRO.Poss.Attr.-.Acc.Sg.Neut	no	yes	x
selig	selig	selig	ADJD	ADJD.Pos	no	yes	x
's	es	es	PPER	PRO.Pers.Subst.3.Nom.Sg.Neut	no	yes	x
End	Ende	Ende	NN	N.Reg.*.Sg.Neut	no	yes	x
'	'	'	$(	SYM.Quot.Right	no	yes	x
,	,	,	$,	SYM.Pun.Comma	no	yes	x
das	das	die	PRELS	PRO.Rel.Subst.-.Nom.Sg.Neut	no	yes	x
ihm	ihm	er	PPER	PRO.Pers.Subst.3.Dat.Sg.Masc	no	yes	x
so	so	so	ADV	ADV	no	yes	x
um	um	um	APPR	APPR.Acc	no	yes	x
die	die	d	ART	ART.Def.Acc.Sg.Fem	no	yes	x
Osterzeit	Osterzeit	Osterzeit	NN	N.Reg.Acc.Sg.Fem	no	yes	x
beschieden	beschieden	bescheiden	VVPP	VPP.Full.Psp	no	yes	x
war	war	sein	VAFIN	VFIN.Sein.3.Sg.Past.Ind	no	yes	x
.	.	.	$.	SYM.Pun.Sent	no	yes	x
Schad'	Schade	schade	ADJD	ADJD.Pos	yes	yes	freeIndirect
,	,	,	$,	SYM.Pun.Comma	no	yes	freeIndirect
daß	daß	daß	KOUS	CONJ.SubFin.-	no	yes	freeIndirect
er	er	er	PPER	PRO.Pers.Subst.3.Nom.Sg.Masc	no	yes	freeIndirect
nun	nun	nun	ADV	ADV	no	yes	freeIndirect
dahin	dahin	dahin	PAV	PROADV.Dem	no	yes	freeIndirect
war	war	sein	VAFIN	VFIN.Sein.3.Sg.Past.Ind	no	yes	freeIndirect
!	!	!	$.	SYM.Pun.Sent	no	yes	freeIndirect
Daß	Daß	daß	KOUS	CONJ.SubFin.-	yes	yes	freeIndirect
er's	er_es	er_es	PIS	N.Name.Nom.Sg.*	no	yes	freeIndirect
nimmer	nimmer	nimmer	ADV	ADV	no	yes	freeIndirect
erleben	erleben	erleben	VVINF	VINF.Full.-	no	yes	freeIndirect
konnte	konnte	können	VMFIN	VFIN.Mod.3.Sg.Past.Ind	no	yes	freeIndirect
und	und	und	KON	CONJ.Coord.-	no	yes	freeIndirect
mit	mit	mit	APPR	ADV	no	yes	freeIndirect
ansehen	ansehen	ansehen	VVINF	VINF.Full.-	no	yes	freeIndirect
,	,	,	$,	SYM.Pun.Comma	no	yes	freeIndirect
was	was	was	PRELS	PRO.Inter.Subst.-.Nom.Sg.Neut	no	yes	freeIndirect
nach	nach	nach	APPR	APPR.Dat	no	yes	freeIndirect
seinem	seinem	seine	PPOSAT	PRO.Poss.Attr.-.Dat.Sg.Neut	no	yes	freeIndirect
Abscheiden	Abscheiden	Abscheiden	NN	N.Reg.Dat.Sg.Neut	no	yes	freeIndirect
geschah	geschah	geschehen	VVFIN	VFIN.Full.3.Sg.Past.Ind	no	yes	freeIndirect
!	!	!	$.	SYM.Pun.Sent	no	yes	freeIndirect
Da	Da	da	ADV	ADV	yes	yes	x
wurden	wurden	werden	VAFIN	VFIN.Aux.3.Pl.Past.Ind	no	yes	x
Kästen	Kästen	Kasten	NN	N.Reg.Nom.Pl.Masc	no	yes	x
geräumt	geräumt	räumen	VVPP	VPP.Full.Psp	no	yes	x
und	und	und	KON	CONJ.Coord.-	no	yes	x
Truhen	Truhen	Truhe	NN	N.Reg.Nom.Pl.Fem	no	yes	x
geleert	geleert	leern	VVPP	VPP.Full.Psp	no	yes	x
.	.	.	$.	SYM.Pun.Sent	no	yes	x
Laden	Laden	Laden	NN	N.Reg.Nom.Sg.Masc	yes	yes	x
umgestülpt	umgestülpt	umstülpen	VVPP	VPP.Full.Psp	no	yes	x
und	und	und	KON	CONJ.Coord.-	no	yes	x
Schreine	Schreine	Schrein	NN	N.Reg.Nom.Pl.Masc	no	yes	x
durchwühlt	durchwühlt	durchwühlen	VVPP	VPP.Full.Psp	no	yes	x
,	,	,	$,	SYM.Pun.Comma	no	yes	x
Säcke	Säcke	Sack	NN	N.Reg.Nom.Pl.Masc	no	yes	x
und	und	und	KON	CONJ.Coord.-	no	yes	x
Taschen	Taschen	Tasche	NN	N.Reg.Nom.Pl.Fem	no	yes	x
geprüft	geprüft	prüfen	VVPP	VPP.Full.Psp	no	yes	x
und	und	und	KON	CONJ.Coord.-	no	yes	x
der	der	d	ART	ART.Def.Nom.Sg.Masc	no	yes	x
Strohsack	Strohsack	Strohsack	NN	N.Reg.Nom.Sg.Masc	no	yes	x
aufgeschnitten	aufgeschnitten	aufschneiden	VVPP	VPP.Full.Psp	no	yes	x
.	.	.	$.	SYM.Pun.Sent	no	yes	x
Aber	Aber	aber	KON	CONJ.Coord.Aber	yes	yes	x
es	es	es	PPER	PRO.Pers.Subst.3.Nom.Sg.Neut	no	yes	x
fand	fand	finden	VVFIN	VFIN.Full.3.Sg.Past.Ind	no	yes	x
sich	sich	sich	PRF	PRO.Refl.Subst.3.Acc.Sg.*	no	yes	x
nichts	nichts	nichts	PIS	PRO.Indef.Subst.-.*.*.Neut	no	yes	x
als	als	als	KOKOM	CONJ.Comp.-	no	yes	x
ein	ein	eine	ART	ART.Indef.Nom.Sg.Masc	no	yes	x
verschlossener	verschlossener	verschließen	ADJA	ADJA.Pos.Nom.Sg.Masc	no	yes	x
Brief	Brief	Brief	NN	N.Reg.Nom.Sg.Masc	no	yes	x
,	,	,	$,	SYM.Pun.Comma	no	yes	x
darin	darin	darin	PAV	PROADV.Dem	no	yes	x
zu	zu	zu	PTKZU	PART.Zu	no	yes	x
lesen	lesen	lesen	VVINF	VINF.Full.-	no	yes	x
stand	stand	stehen	VVFIN	VFIN.Full.3.Sg.Past.Ind	no	yes	x
:	:	:	$.	SYM.Pun.Colon	no	yes	x
An	An	an	APPR	APPR.An	yes	yes	x
meine	meine	meine	PPOSAT	PRO.Poss.Attr.-.Acc.Pl.Neut	no	yes	x
Kinder	Kinder	Kind	NN	N.Reg.Acc.Pl.Neut	no	yes	x
!	!	!	$.	SYM.Pun.Sent	no	yes	x
Dieweilen	Dieweilen	dieweilen	ADV	N.Reg.Acc.Pl.Fem	yes	yes	x
ihr	ihr	ihr	PPOSAT	PRO.Poss.Attr.-.*.*.*	no	yes	x
Gulden	Gulden	Gulden	NN	N.Reg.*.*.Masc	no	yes	x
sucht	sucht	suchen	VVFIN	VFIN.Full.3.Sg.Pres.Ind	no	yes	x
,	,	,	$,	SYM.Pun.Comma	no	yes	x
werdet	werdet	werden	VAFIN	VFIN.Aux.2.Pl.Pres.Ind	no	yes	x
ihr	ihr	ihr	PPOSAT	PRO.Pers.Subst.2.Nom.Pl.*	no	yes	x
Kreuzer	Kreuzer	Kreuzer	NN	N.Reg.*.*.Masc	no	yes	x
finden	finden	finden	VVINF	VINF.Full.-	no	yes	x
.	.	.	$.	SYM.Pun.Sent	no	yes	x
Denn	Denn	denn	KON	CONJ.Coord.Denn	yes	yes	x
die	die	d	ART	ART.Def.Nom.Pl.Masc	no	yes	x
Gulden	Gulden	Gulden	NN	N.Reg.Nom.Pl.Masc	no	yes	x
waren	waren	sein	VAFIN	VFIN.Sein.3.Pl.Past.Ind	no	yes	x
meines	meines	meine	PPOSAT	PRO.Poss.Attr.-.Gen.Sg.Masc	no	yes	x
geistlichen	geistlichen	geistlich	ADJA	ADJA.Pos.Gen.Sg.Masc	no	yes	x
Vetters	Vetters	Vetter	NN	N.Reg.Gen.Sg.Masc	no	yes	x
Eigentum	Eigentum	Eigentum	NN	N.Reg.Acc.Sg.Neut	no	yes	x
.	.	.	$.	SYM.Pun.Sent	no	yes	x
Gut	Gut	gut	ADJD	ADJD.Pos	yes	yes	x
,	,	,	$,	SYM.Pun.Comma	no	yes	x
daß	daß	daß	KOUS	CONJ.SubFin.-	no	yes	x
er	er	er	PPER	PRO.Pers.Subst.3.Nom.Sg.Masc	no	yes	x
nicht	nicht	nicht	PTKNEG	PART.Neg	no	yes	x
nur	nur	nur	ADV	ADV	no	yes	x
Hirte	Hirte	Hirte	NN	N.Reg.Nom.Sg.Masc	no	yes	x
ist	ist	sein	VAFIN	VFIN.Sein.3.Sg.Pres.Ind	no	yes	x
,	,	,	$,	SYM.Pun.Comma	no	yes	x
sondern	sondern	sondern	KON	CONJ.Coord.-	no	yes	x
auch	auch	auch	ADV	ADV	no	yes	x
ein	ein	eine	ART	ART.Indef.Nom.Sg.Masc	no	yes	x
Schelm	Schelm	Schelm	NN	N.Reg.Nom.Sg.Masc	no	yes	x
.	.	.	$.	SYM.Pun.Sent	no	yes	x
Und	Und	und	KON	CONJ.Coord.-	yes	yes	x
daß	daß	daß	KOUS	CONJ.SubFin.-	no	yes	x
er	er	er	PPER	PRO.Pers.Subst.3.Nom.Sg.Masc	no	yes	x
aus	aus	aus	APPR	APPR.Dat	no	yes	x
mir	mir	ich	PPER	PRO.Pers.Subst.1.Dat.Sg.*	no	yes	x
auch	auch	auch	ADV	ADV	no	yes	x
einen	einen	eine	PIS	PRO.Indef.Subst.-.Acc.Sg.Masc	no	yes	x
gemacht	gemacht	machen	VVPP	VPP.Full.Psp	no	yes	x
hat	hat	haben	VAFIN	VFIN.Haben.3.Sg.Pres.Ind	no	yes	x
.	.	.	$.	SYM.Pun.Sent	no	yes	x
