file	year	decade	source	title	author	fictional	text_type
rwk_digbib_1014-1.xmi	1895	1890	digbib	Der Schmetterling	Busch, Wilhelm	yes	Erzähltext
rwk_digbib_1017-1.xmi	1891	1890	digbib	Eduards Traum	Busch, Wilhelm	yes	Erzähltext
rwk_digbib_1019-3.xmi	1899	1890	digbib	Die Dame mit dem Hündchen	Čechov, Anton Pavlovič	yes	Erzähltext
rwk_digbib_1020-2.xmi	1886	1880	digbib	Gram	Čechov, Anton Pavlovič	yes	Erzähltext
rwk_digbib_1020-3.xmi	1886	1880	digbib	Gram	Čechov, Anton Pavlovič	yes	Erzähltext
rwk_digbib_1029-1.xmi	1919	1910	digbib	Die Freier	Christ, Lena	yes	Erzähltext
rwk_digbib_1038-2.xmi	1884	1880	digbib	Als er heim kehrte	Christen, Ada	yes	Erzähltext
rwk_digbib_1039-1.xmi	1884	1880	digbib	Der einsame Spatz	Christen, Ada	yes	Erzähltext
rwk_digbib_1040-1.xmi	1876	1870	digbib	Käthes Federhut	Christen, Ada	yes	Erzähltext
rwk_digbib_1057-1.xmi	1854	1850	digbib	23. Die Zwerge im Gübichenstein	Colshorn, Carlund Theodor	yes	Erzähltext
rwk_digbib_1133-1.xmi	1894	1890	digbib	Werde, die Du bist!	Dohm, Hedwig	yes	Erzähltext
rwk_digbib_1134-1.xmi	1894	1890	digbib	Wie Frauen werden	Dohm, Hedwig	yes	Erzähltext
rwk_digbib_1135-2.xmi	1886	1880	digbib	Bei uns zulande auf dem Lande	Droste-Hülshoff, Annette von	yes	Erzähltext
rwk_digbib_1135-3.xmi	1886	1880	digbib	Bei uns zulande auf dem Lande	Droste-Hülshoff, Annette von	yes	Erzähltext
rwk_digbib_1136-3.xmi	1842	1840	digbib	Die Judenbuche	Droste-Hülshoff, Annette von	yes	Erzähltext
rwk_digbib_1140-1.xmi	1905	1900	digbib	Jugend	Duncker, Dora	yes	Erzähltext
rwk_digbib_1141-1.xmi	1897	1890	digbib	Mütter	Duncker, Dora	yes	Erzähltext
rwk_digbib_1143-2.xmi	1897	1890	digbib	Sturm	Duncker, Dora	yes	Erzähltext
rwk_digbib_1144-1.xmi	1905	1900	digbib	Unüberwindlich	Duncker, Dora	yes	Erzähltext
rwk_digbib_1145-2.xmi	1903	1900	digbib	Agave	Ebner-Eschenbach, Marie von	yes	Erzähltext
rwk_digbib_1145-3.xmi	1903	1900	digbib	Agave	Ebner-Eschenbach, Marie von	yes	Erzähltext
rwk_digbib_1147-2.xmi	1884	1880	digbib	Der gute Mond	Ebner-Eschenbach, Marie von	yes	Erzähltext
rwk_digbib_1148-2.xmi	1915	1910	digbib	Der Herr Hofrat	Ebner-Eschenbach, Marie von	yes	Erzähltext
rwk_digbib_1148-3.xmi	1915	1910	digbib	Der Herr Hofrat	Ebner-Eschenbach, Marie von	yes	Erzähltext
rwk_digbib_1149-1.xmi	1883	1880	digbib	Der Kreisphysikus	Ebner-Eschenbach, Marie von	yes	Erzähltext
rwk_digbib_1150-3.xmi	1898	1890	digbib	Der Vorzugsschüler	Ebner-Eschenbach, Marie von	yes	Erzähltext
rwk_digbib_1152-1.xmi	1881	1880	digbib	Die Poesie des Unbewussten	Ebner-Eschenbach, Marie von	yes	Erzähltext
rwk_digbib_1153-2.xmi	1875	1870	digbib	Ein Spätgeborner	Ebner-Eschenbach, Marie von	yes	Erzähltext
rwk_digbib_1153-3.xmi	1875	1870	digbib	Ein Spätgeborner	Ebner-Eschenbach, Marie von	yes	Erzähltext
rwk_digbib_1159-2.xmi	1841	1840	digbib	Die Glücksritter	Eichendorff, Joseph von	yes	Erzähltext
rwk_digbib_1160-2.xmi	1919	1910	digbib	Der Wetterfrosch	Essig, Hermann	yes	Erzähltext
rwk_digbib_1160-3.xmi	1919	1910	digbib	Der Wetterfrosch	Essig, Hermann	yes	Erzähltext
rwk_digbib_1165-1.xmi	1911	1910	digbib	Vater und Sohn im Examen	Federer, Heinrich	yes	Erzähltext
rwk_digbib_1167-2.xmi	1879	1870	digbib	Grete Minde	Fontane, Theodor	yes	Erzähltext
rwk_digbib_1168-2.xmi	1906	1900	digbib	Mathilde Möhring	Fontane, Theodor	yes	Erzähltext
rwk_digbib_1170-1.xmi	1885	1880	digbib	Unterm Birnbaum	Fontane, Theodor	yes	Erzähltext
rwk_digbib_1170-2.xmi	1885	1880	digbib	Unterm Birnbaum	Fontane, Theodor	yes	Erzähltext
rwk_digbib_1171-1.xmi	1877	1870	digbib	Das Christusbild	Franzos, Karl Emil	yes	Erzähltext
rwk_digbib_1179-1.xmi	1877	1870	digbib	Zwei Retter	Franzos, Karl Emil	yes	Erzähltext
rwk_digbib_1181-2.xmi	1879	1870	digbib	Der Katzenjunker	François, Louise von	yes	Erzähltext
rwk_digbib_1184-2.xmi	1862	1860	digbib	Judith, die Kluswirtin	François, Louise von	yes	Erzähltext
rwk_digbib_1185-1.xmi	1857	1850	digbib	Phosphorus Hollunder	François, Louise von	yes	Erzähltext
rwk_digbib_1186-1.xmi	1890	1890	digbib	Altmodische Leute	Frapan, Ilse	yes	Erzähltext
rwk_digbib_1191-1.xmi	1890	1890	digbib	Von der Straße	Frapan, Ilse	yes	Erzähltext
rwk_digbib_1191-2.xmi	1890	1890	digbib	Von der Straße	Frapan, Ilse	yes	Erzähltext
rwk_digbib_1194-3.xmi	1842	1840	digbib	Der Mantel	Gogol, Nikolaj Vasilevič	yes	Erzähltext
rwk_digbib_1196-2.xmi	1850	1850	digbib	Das Erdbeerimareili	Gotthelf, Jeremias	yes	Erzähltext
rwk_digbib_1197-2.xmi	1842	1840	digbib	Die schwarze Spinne	Gotthelf, Jeremias	yes	Erzähltext
rwk_digbib_1198-1.xmi	1843	1840	digbib	Elsi, die seltsame Magd	Gotthelf, Jeremias	yes	Erzähltext
rwk_digbib_1199-2.xmi	1847	1840	digbib	Der arme Spielmann	Grillparzer, Franz	yes	Erzähltext
rwk_digbib_1199-3.xmi	1847	1840	digbib	Der arme Spielmann	Grillparzer, Franz	yes	Erzähltext
rwk_digbib_1201-2.xmi	1895	1890	digbib	Vom Gastfreien Pastor	Hartleben, Otto Erich	yes	Erzähltext
rwk_digbib_1202-1.xmi	1843	1840	digbib	Der Rubin	Hebbel, Friedrich	yes	Erzähltext
rwk_digbib_1202-2.xmi	1843	1840	digbib	Der Rubin	Hebbel, Friedrich	yes	Erzähltext
rwk_digbib_1204-1.xmi	1841	1840	digbib	Matteo	Hebbel, Friedrich	yes	Erzähltext
rwk_digbib_1207-1.xmi	1905	1900	digbib	Der Tag Anderer	Heyking, Elisabeth von	yes	Erzähltext
rwk_digbib_1209-2.xmi	1905	1900	digbib	Über einen Hund und die Monroe-Doktrin	Heyking, Elisabeth von	yes	Erzähltext
rwk_digbib_1211-1.xmi	1913	1910	digbib	Der Dieb	Heym, Georg	yes	Erzähltext
rwk_digbib_1211-2.xmi	1913	1910	digbib	Der Dieb	Heym, Georg	yes	Erzähltext
rwk_digbib_1217-1.xmi	1862	1860	digbib	Andrea Delfin	Heyse, Paul	yes	Erzähltext
rwk_digbib_1217-2.xmi	1862	1860	digbib	Andrea Delfin	Heyse, Paul	yes	Erzähltext
rwk_digbib_1218-1.xmi	1855	1850	digbib	L'Arrabbiata	Heyse, Paul	yes	Erzähltext
rwk_digbib_1218-2.xmi	1855	1850	digbib	L'Arrabbiata	Heyse, Paul	yes	Erzähltext
rwk_digbib_1221-1.xmi	1900	1900	digbib	Erlebnis des Marschalls von Bassompierre	Hofmannsthal, Hugo von	yes	Erzähltext
rwk_digbib_1221-2.xmi	1900	1900	digbib	Erlebnis des Marschalls von Bassompierre	Hofmannsthal, Hugo von	yes	Erzähltext
rwk_digbib_1221-3.xmi	1900	1900	digbib	Erlebnis des Marschalls von Bassompierre	Hofmannsthal, Hugo von	yes	Erzähltext
rwk_digbib_1223-1.xmi	1899	1890	digbib	Reitergeschichte	Hofmannsthal, Hugo von	yes	Erzähltext
rwk_digbib_1225-1.xmi	1889	1880	digbib	Ein Tod	Holz, Arno	yes	Erzähltext
rwk_digbib_1226-1.xmi	1889	1880	digbib	Papa Hamlet	Holz, Arno	yes	Erzähltext
rwk_digbib_1299-1.xmi	1890	1890	digbib	Die verschiedenen Stände	Jahn, Ulrich	yes	Erzähltext
rwk_digbib_1311-1.xmi	1902	1900	digbib	Der Betrogene	Janitschek, Maria	yes	Erzähltext
rwk_digbib_1313-1.xmi	1897	1890	digbib	Elias	Janitschek, Maria	yes	Erzähltext
rwk_digbib_1319-1.xmi	1895	1890	digbib	Königin Judith	Janitschek, Maria	yes	Erzähltext
rwk_digbib_1321-1.xmi	1900	1900	digbib	Liebeswunder	Janitschek, Maria	yes	Erzähltext
rwk_digbib_1324-1.xmi	1902	1900	digbib	Neue Erziehung und alte Moral	Janitschek, Maria	yes	Erzähltext
rwk_digbib_1325-1.xmi	1897	1890	digbib	Poverino	Janitschek, Maria	yes	Erzähltext
rwk_digbib_1328-1.xmi	1903	1900	digbib	Gradiva	Jensen, Wilhelm	yes	Erzähltext
rwk_digbib_1328-2.xmi	1903	1900	digbib	Gradiva	Jensen, Wilhelm	yes	Erzähltext
rwk_digbib_1328-3.xmi	1903	1900	digbib	Gradiva	Jensen, Wilhelm	yes	Erzähltext
rwk_digbib_1329-1.xmi	1860	1860	digbib	Das Fähnlein der sieben Aufrechten	Keller, Gottfried	yes	Erzähltext
rwk_digbib_1329-2.xmi	1860	1860	digbib	Das Fähnlein der sieben Aufrechten	Keller, Gottfried	yes	Erzähltext
rwk_digbib_1330-1.xmi	1882	1880	digbib	Das Sinngedicht	Keller, Gottfried	yes	Erzähltext
rwk_digbib_1330-2.xmi	1882	1880	digbib	Das Sinngedicht	Keller, Gottfried	yes	Erzähltext
rwk_digbib_1333-1.xmi	1877	1870	digbib	Der Narr auf Manegg	Keller, Gottfried	yes	Erzähltext
rwk_digbib_1335-1.xmi	1874	1870	digbib	Dietegen	Keller, Gottfried	yes	Erzähltext
rwk_digbib_1342-1.xmi	1856	1850	digbib	Romeo und Julia auf dem Dorfe	Keller, Gottfried	yes	Erzähltext
rwk_digbib_1342-2.xmi	1856	1850	digbib	Romeo und Julia auf dem Dorfe	Keller, Gottfried	yes	Erzähltext
rwk_digbib_1345-1.xmi	1903	1900	digbib	Beate und Mareile	Keyserling, Eduard von	yes	Erzähltext
rwk_digbib_1345-2.xmi	1903	1900	digbib	Beate und Mareile	Keyserling, Eduard von	yes	Erzähltext
rwk_digbib_1352-1.xmi	1918	1910	digbib	Der Bär	Klabund	yes	Erzähltext
rwk_digbib_1359-1.xmi	1918	1910	digbib	Die Briefmarke auf der Feldpostkarte	Klabund	yes	Erzähltext
rwk_digbib_1364-1.xmi	1918	1910	digbib	Hölderlin	Klabund	yes	Erzähltext
rwk_digbib_1368-1.xmi	1918	1910	digbib	Leuchtet Ihre Uhr des Nachts	Klabund	yes	Erzähltext
rwk_digbib_1389-1.xmi	1843	1840	digbib	10. Vom Mädchen, das seine Brüder sucht	Kuhn, Adalbert	yes	Erzähltext
rwk_digbib_1498-1.xmi	1859	1850	digbib	17. Die drei Bälle	Kuhn, Adalbert	yes	Erzähltext
rwk_digbib_1508-1.xmi	1848	1840	digbib	186. Räuber Danneil	Kuhn, Adalbert	yes	Erzähltext
rwk_digbib_1525-1.xmi	1843	1840	digbib	19. Der Nåberskrooch	Kuhn, Adalbert	yes	Erzähltext
rwk_digbib_1609-1.xmi	1848	1840	digbib	291. Zwergüberfahrt	Kuhn, Adalbert	yes	Erzähltext
rwk_digbib_1851-1.xmi	1859	1850	digbib	9. Der starke Hans	Kuhn, Adalbert	yes	Erzähltext
rwk_digbib_1866-1.xmi	1883	1880	digbib	Das Tier	Leskov, Semënovič Nikolaj	yes	Erzähltext
rwk_digbib_1867-1.xmi	1883	1880	digbib	Der Toupetkünstler	Leskov, Semënovič Nikolaj	yes	Erzähltext
rwk_digbib_1868-1.xmi	1873	1870	digbib	Der versiegelte Engel	Leskov, Semënovič Nikolaj	yes	Erzähltext
rwk_digbib_1868-2.xmi	1873	1870	digbib	Der versiegelte Engel	Leskov, Semënovič Nikolaj	yes	Erzähltext
rwk_digbib_1869-1.xmi	1865	1860	digbib	Die Lady Makbeth des Mzensker Landkreises	Leskov, Semënovič Nikolaj	yes	Erzähltext
rwk_digbib_1869-3.xmi	1865	1860	digbib	Die Lady Makbeth des Mzensker Landkreises	Leskov, Semënovič Nikolaj	yes	Erzähltext
rwk_digbib_1870-1.xmi	1879	1870	digbib	Eine Teufelsaustreibung	Leskov, Semënovič Nikolaj	yes	Erzähltext
rwk_digbib_1871-1.xmi	1919	1910	digbib	Cafe Klößchen	Lichtenstein, Alfred	yes	Erzähltext
rwk_digbib_1872-1.xmi	1911	1910	digbib	Der Freund	Lichtenstein, Alfred	yes	Erzähltext
rwk_digbib_1877-1.xmi	1915	1910	digbib	Gespräch über Beine	Lichtenstein, Alfred	yes	Erzähltext
rwk_digbib_1885-1.xmi	1887	1880	digbib	Eine Sommerschlacht	Liliencron, Detlev von	yes	Erzähltext
rwk_digbib_1886-1.xmi	1888	1880	digbib	Unter flatternden Fahnen	Liliencron, Detlev von	yes	Erzähltext
rwk_digbib_1887-1.xmi	1857	1850	digbib	Die Heiteretei und ihr Widerspiel	Ludwig, Otto	yes	Erzähltext
rwk_digbib_1888-1.xmi	1856	1850	digbib	Zwischen Himmel und Erde	Ludwig, Otto	yes	Erzähltext
rwk_digbib_1890-1.xmi	1881	1880	digbib	Amtmanns Magd	Marlitt, Eugenie	yes	Erzähltext
rwk_digbib_1891-1.xmi	1866	1860	digbib	Blaubart	Marlitt, Eugenie	yes	Erzähltext
rwk_digbib_1892-1.xmi	1865	1860	digbib	Die zwölf Apostel	Marlitt, Eugenie	yes	Erzähltext
rwk_digbib_1892-2.xmi	1865	1860	digbib	Die zwölf Apostel	Marlitt, Eugenie	yes	Erzähltext
rwk_digbib_1897-1.xmi	1852	1850	digbib	16.Der Räuber Matthes	Meier, Ernst	yes	Erzähltext
rwk_digbib_1967-1.xmi	1873	1870	digbib	Das Amulett	Meyer, Conrad Ferdinand	yes	Erzähltext
rwk_digbib_1992-1.xmi	1913	1910	digbib	Der Albino	Meyrink, Gustav	yes	Erzähltext
rwk_digbib_1995-1.xmi	1913	1910	digbib	Der heiße Soldat	Meyrink, Gustav	yes	Erzähltext
rwk_digbib_201-1.xmi	1901	1900	digbib	Tulpen	Altenberg, Peter	yes	Erzähltext
rwk_digbib_2012-1.xmi	1913	1910	digbib	Hilligenlei	Meyrink, Gustav	yes	Erzähltext
rwk_digbib_2025-1.xmi	1907	1900	digbib	Der Pfad der Äbtissin	Meysenbug, Malwida Freiin von	yes	Erzähltext
rwk_digbib_2027-1.xmi	1907	1900	digbib	Zu spät	Meysenbug, Malwida Freiin von	yes	Erzähltext
rwk_digbib_2027-2.xmi	1907	1900	digbib	Zu spät	Meysenbug, Malwida Freiin von	yes	Erzähltext
rwk_digbib_2028-3.xmi	1865	1860	digbib	Die Mandanenwaise	Möllhausen, Balduin	yes	Erzähltext
rwk_digbib_2031-1.xmi	1855	1850	digbib	Mozart auf der Reise nach Prag	Mörike, Eduard	yes	Erzähltext
rwk_digbib_2387-1.xmi	1845	1840	digbib	603.Die dümmste Frau	Müllenhoff, Karl	yes	Erzähltext
rwk_digbib_2396-1.xmi	1845	1840	digbib	611.Die alte Kittelkittelkarre	Müllenhoff, Karl	yes	Erzähltext
rwk_digbib_2444-1.xmi	1914	1910	digbib	Irmelin Rose	Müller, Robert	yes	Erzähltext
rwk_digbib_2444-2.xmi	1914	1910	digbib	Irmelin Rose	Müller, Robert	yes	Erzähltext
rwk_digbib_2444-3.xmi	1914	1910	digbib	Irmelin Rose	Müller, Robert	yes	Erzähltext
rwk_digbib_2445-1.xmi	1892	1890	digbib	Aus dem Tagebuch eines Hundes	Panizza, Oskar	yes	Erzähltext
rwk_digbib_245-1.xmi	1879	1870	digbib	11. Auszüge aus dem Rostocker Criminal-Protokoll	Bartsch, Karl	yes	Erzähltext
rwk_digbib_2450-1.xmi	1893	1890	digbib	Der Goldregen	Panizza, Oskar	yes	Erzähltext
rwk_digbib_2451-1.xmi	1893	1890	digbib	Der operirte Jud'	Panizza, Oskar	yes	Erzähltext
rwk_digbib_2462-1.xmi	1842	1840	digbib	Das Geheimnis der Marie Rogêt	Poe, Edgar Allan	yes	Erzähltext
rwk_digbib_2463-1.xmi	1843	1840	digbib	Das schwatzende Herz	Poe, Edgar Allan	yes	Erzähltext
rwk_digbib_2466-1.xmi	1845	1840	digbib	Der entwendete Brief	Poe, Edgar Allan	yes	Erzähltext
rwk_digbib_2477-1.xmi	1849	1840	digbib	Von Kempelen und seine Entdeckung	Poe, Edgar Allan	yes	Erzähltext
rwk_digbib_2607-1.xmi	1853	1850	digbib	76.Das Schiff,das auf dem trockenen Lande geht	Pröhle, Heinrich	yes	Erzähltext
rwk_digbib_2618-1.xmi	1854	1850	digbib	9.Von dem Schaaf,das eine Königstochter trug	Pröhle, Heinrich	yes	Erzähltext
rwk_digbib_2621-1.xmi	1889	1880	digbib	Das Odfeld	Raabe, Wilhelm	yes	Erzähltext
rwk_digbib_2622-1.xmi	1866	1860	digbib	Die Gänse von Bützow	Raabe, Wilhelm	yes	Erzähltext
rwk_digbib_2623-1.xmi	1861	1860	digbib	Die schwarze Galeere	Raabe, Wilhelm	yes	Erzähltext
rwk_digbib_2624-1.xmi	1865	1860	digbib	Else von der Tanne	Raabe, Wilhelm	yes	Erzähltext
rwk_digbib_2625-1.xmi	1875	1870	digbib	Frau Salome	Raabe, Wilhelm	yes	Erzähltext
rwk_digbib_2625-2.xmi	1875	1870	digbib	Frau Salome	Raabe, Wilhelm	yes	Erzähltext
rwk_digbib_2626-1.xmi	1899	1890	digbib	Hastenbeck	Raabe, Wilhelm	yes	Erzähltext
rwk_digbib_2626-2.xmi	1899	1890	digbib	Hastenbeck	Raabe, Wilhelm	yes	Erzähltext
rwk_digbib_2628-2.xmi	1897	1890	digbib	Das allerjüngste Gericht	Reventlow, Franziska Gräfin zu	yes	Erzähltext
rwk_digbib_2629-1.xmi	1917	1910	digbib	Das feindselige Gepäck	Reventlow, Franziska Gräfin zu	yes	Erzähltext
rwk_digbib_2630-1.xmi	1897	1890	digbib	Das gräfliche Milchgeschäft	Reventlow, Franziska Gräfin zu	yes	Erzähltext
rwk_digbib_2636-1.xmi	1917	1910	digbib	Die Silberwanze	Reventlow, Franziska Gräfin zu	yes	Erzähltext
rwk_digbib_2647-1.xmi	1893	1890	digbib	Warum	Reventlow, Franziska Gräfin zu	yes	Erzähltext
rwk_digbib_2650-1.xmi	1862	1860	digbib	Der Stadtpfeifer	Riehl, Wilhelm Heinrich von	yes	Erzähltext
rwk_digbib_2650-2.xmi	1862	1860	digbib	Der Stadtpfeifer	Riehl, Wilhelm Heinrich von	yes	Erzähltext
rwk_digbib_2655-1.xmi	1862	1860	digbib	Meister Martin Hildebrand	Riehl, Wilhelm Heinrich von	yes	Erzähltext
rwk_digbib_2671-1.xmi	1877	1870	digbib	Die Winternacht auf dem Stuhleck.	Rosegger, Peter	yes	Erzähltext
rwk_digbib_2692-1.xmi	1877	1870	digbib	Der Waldbauer, dieser Dodel!	Rosegger, Peter	yes	Erzähltext
rwk_digbib_2701-1.xmi	1877	1870	digbib	Dem Anderl sein Tabakgeld.	Rosegger, Peter	yes	Erzähltext
rwk_digbib_2768-1.xmi	1877	1870	digbib	Der Prediger in der Wüste.	Rosegger, Peter	yes	Erzähltext
rwk_digbib_2793-1.xmi	1877	1870	digbib	Der »Exzellenzherr«	Saar, Ferdinand von	yes	Erzähltext
rwk_digbib_2801-2.xmi	1906	1900	digbib	Die Pfründner	Saar, Ferdinand von	yes	Erzähltext
rwk_digbib_2801-3.xmi	1906	1900	digbib	Die Pfründner	Saar, Ferdinand von	yes	Erzähltext
rwk_digbib_2802-1.xmi	1877	1870	digbib	Die Steinklopfer	Saar, Ferdinand von	yes	Erzähltext
rwk_digbib_2823-1.xmi	1866	1860	digbib	Don Juan von Kolomea	Sacher-Masoch, Leopold von	yes	Erzähltext
rwk_digbib_2823-2.xmi	1866	1860	digbib	Don Juan von Kolomea	Sacher-Masoch, Leopold von	yes	Erzähltext
rwk_digbib_2824-1.xmi	1870	1870	digbib	Venus im Pelz	Sacher-Masoch, Leopold von	yes	Erzähltext
rwk_digbib_2824-2.xmi	1870	1870	digbib	Venus im Pelz	Sacher-Masoch, Leopold von	yes	Erzähltext
rwk_digbib_2846-1.xmi	1855	1850	digbib	16. Der Besenbinderjunge	Schambach, Georg	yes	Erzähltext
rwk_digbib_2847-1.xmi	1855	1850	digbib	171. Das Schauteufelskreuz	Schambach, Georg	yes	Erzähltext
rwk_digbib_300-1.xmi	1879	1870	digbib	1630. Himmelsbrief: Ein Graf hatte einen Diener	Bartsch, Karl	yes	Erzähltext
rwk_digbib_3002-1.xmi	1897	1890	digbib	Der Ehrentag	Schnitzler, Arthur	yes	Erzähltext
rwk_digbib_3003-1.xmi	1911	1910	digbib	Der Mörder	Schnitzler, Arthur	yes	Erzähltext
rwk_digbib_3006-1.xmi	1907	1900	digbib	Der tote Gabriel	Schnitzler, Arthur	yes	Erzähltext
rwk_digbib_3012-1.xmi	1902	1900	digbib	Die griechische Tänzerin	Schnitzler, Arthur	yes	Erzähltext
rwk_digbib_3015-1.xmi	1895	1890	digbib	Die kleine Komödie	Schnitzler, Arthur	yes	Erzähltext
rwk_digbib_3016-1.xmi	1897	1890	digbib	Die Toten schweigen	Schnitzler, Arthur	yes	Erzähltext
rwk_digbib_3018-1.xmi	1917	1910	digbib	Doktor Gräsler, Badearzt	Schnitzler, Arthur	yes	Erzähltext
rwk_digbib_3018-2.xmi	1917	1910	digbib	Doktor Gräsler, Badearzt	Schnitzler, Arthur	yes	Erzähltext
rwk_digbib_3021-1.xmi	1902	1900	digbib	Exzentrik	Schnitzler, Arthur	yes	Erzähltext
rwk_digbib_3027-1.xmi	1889	1880	digbib	Mein Freund Ypsilon	Schnitzler, Arthur	yes	Erzähltext
rwk_digbib_3027-2.xmi	1889	1880	digbib	Mein Freund Ypsilon	Schnitzler, Arthur	yes	Erzähltext
rwk_digbib_3030-1.xmi	1899	1890	digbib	Um eine Stunde	Schnitzler, Arthur	yes	Erzähltext
rwk_digbib_3034-1.xmi	1841	1840	digbib	Das Paradies der Liebe	Sealsfield, Charles	yes	Erzähltext
rwk_digbib_3039-1.xmi	1841	1840	digbib	Havanna 1816	Sealsfield, Charles	yes	Erzähltext
rwk_digbib_3076-1.xmi	1846	1840	digbib	5. Die Königstochter und der Soldat	Sommer, Emil	yes	Erzähltext
rwk_digbib_3090-1.xmi	1846	1840	digbib	Pfingsten	Sommer, Emil	yes	Erzähltext
rwk_digbib_3104-1.xmi	1914	1910	digbib	4. Der Grindhansel	Spiegel, Karl	yes	Erzähltext
rwk_digbib_3109-1.xmi	1914	1910	digbib	9.Der Zauberer und sein Lehrling	Spiegel, Karl	yes	Erzähltext
rwk_digbib_3111-1.xmi	1914	1910	digbib	a. Die Geiß und der Bär	Spiegel, Karl	yes	Erzähltext
rwk_digbib_3125-1.xmi	1866	1860	digbib	Der Kuß von Sentze	Stifter, Adalbert	yes	Erzähltext
rwk_digbib_3126-1.xmi	1866	1860	digbib	Der Waldbrunnen	Stifter, Adalbert	yes	Erzähltext
rwk_digbib_3130-1.xmi	1848	1840	digbib	Kalkstein	Stifter, Adalbert	yes	Erzähltext
rwk_digbib_3131-1.xmi	1853	1850	digbib	Katzensilber	Stifter, Adalbert	yes	Erzähltext
rwk_digbib_3131-2.xmi	1853	1850	digbib	Katzensilber	Stifter, Adalbert	yes	Erzähltext
rwk_digbib_3132-1.xmi	1864	1860	digbib	Nachkommenschaften	Stifter, Adalbert	yes	Erzähltext
rwk_digbib_3132-2.xmi	1864	1860	digbib	Nachkommenschaften	Stifter, Adalbert	yes	Erzähltext
rwk_digbib_3136-1.xmi	1876	1870	digbib	Aquis Submersus	Storm, Theodor	yes	Erzähltext
rwk_digbib_3137-1.xmi	1859	1850	digbib	Auf dem Staatshof	Storm, Theodor	yes	Erzähltext
rwk_digbib_3143-2.xmi	1919	1910	digbib	Das Märchen von den drei Spinnfrauen	Storm, Theodor	yes	Erzähltext
rwk_digbib_3145-1.xmi	1850	1850	digbib	Der kleine Häwelmann	Storm, Theodor	yes	Erzähltext
rwk_digbib_3146-1.xmi	1888	1880	digbib	Der Schimmelreiter	Storm, Theodor	yes	Erzähltext
rwk_digbib_3147-1.xmi	1865	1860	digbib	Der Spiegel des Cyprianus	Storm, Theodor	yes	Erzähltext
rwk_digbib_3151-1.xmi	1879	1870	digbib	Eekenhof	Storm, Theodor	yes	Erzähltext
rwk_digbib_3153-1.xmi	1867	1860	digbib	Eine Malerarbeit	Storm, Theodor	yes	Erzähltext
rwk_digbib_3159-1.xmi	1882	1880	digbib	Hans und Heinz Kirch	Storm, Theodor	yes	Erzähltext
rwk_digbib_3163-1.xmi	1875	1870	digbib	Im Nachbarhause links	Storm, Theodor	yes	Erzähltext
rwk_digbib_3166-1.xmi	1868	1860	digbib	In St. Jürgen	Storm, Theodor	yes	Erzähltext
rwk_digbib_3167-1.xmi	1885	1880	digbib	John Riew'	Storm, Theodor	yes	Erzähltext
rwk_digbib_3167-2.xmi	1885	1880	digbib	John Riew'	Storm, Theodor	yes	Erzähltext
rwk_digbib_3168-2.xmi	1848	1840	digbib	Marthe und ihre Uhr	Storm, Theodor	yes	Erzähltext
rwk_digbib_3183-2.xmi	1917	1910	digbib	Miks Bumbullis	Sudermann, Hermann	yes	Erzähltext
rwk_digbib_3185-1.xmi	1906	1900	digbib	Aus goldenem Kelch. Maria Magdalena	Trakl, Georg	yes	Erzähltext
rwk_digbib_3186-1.xmi	1906	1900	digbib	Traumland. Eine Episode	Trakl, Georg	yes	Erzähltext
rwk_digbib_3186-2.xmi	1906	1900	digbib	Traumland. Eine Episode	Trakl, Georg	yes	Erzähltext
rwk_digbib_3188-2.xmi	1856	1850	digbib	Faust. Erzählung in neun Briefen	Turgenev, Ivan Sergeeviç	yes	Erzähltext
rwk_digbib_3198-1.xmi	1850	1850	digbib	Die Fee Langeweile	Ungern-Sternberg, Alexander von	yes	Erzähltext
rwk_digbib_3202-1.xmi	1850	1850	digbib	Die verhüllte Fee	Ungern-Sternberg, Alexander von	yes	Erzähltext
rwk_digbib_3208-1.xmi	1875	1870	digbib	Die Blockade-Brecher	Verne, Jules	yes	Erzähltext
rwk_digbib_3211-1.xmi	1875	1870	digbib	Undefined	Verne, Jules	yes	Erzähltext
rwk_digbib_3212-1.xmi	1857	1850	digbib	Ein Drama in Mexico	Verne, Jules	yes	Erzähltext
rwk_digbib_3212-2.xmi	1857	1850	digbib	Ein Drama in Mexico	Verne, Jules	yes	Erzähltext
rwk_digbib_3213-1.xmi	1887	1880	digbib	Frritt-Flacc!	Verne, Jules	yes	Erzähltext
rwk_digbib_3216-1.xmi	1885	1880	digbib	Zehn Stunden auf der Jagd	Verne, Jules	yes	Erzähltext
rwk_digbib_3219-1.xmi	1903	1900	digbib	Die Schutzimpfung	Wedekind, Frank	yes	Erzähltext
rwk_digbib_3219-2.xmi	1903	1900	digbib	Die Schutzimpfung	Wedekind, Frank	yes	Erzähltext
rwk_digbib_3220-1.xmi	1885	1880	digbib	Das Riechbüchschen	Wildenbruch, Ernst von	yes	Erzähltext
rwk_digbib_3220-2.xmi	1885	1880	digbib	Das Riechbüchschen	Wildenbruch, Ernst von	yes	Erzähltext
rwk_digbib_3230-1.xmi	1847	1840	digbib	2. Der Engländer	Wildermuth, Ottilie	yes	Erzähltext
rwk_digbib_3242-1.xmi	1847	1840	digbib	4. Der Herrenbau	Wildermuth, Ottilie	yes	Erzähltext
rwk_digbib_3244-1.xmi	1847	1840	digbib	5. Das fromme Pfarrhaus	Wildermuth, Ottilie	yes	Erzähltext
rwk_digbib_3247-1.xmi	1847	1840	digbib	5.Der alte Frey	Wildermuth, Ottilie	yes	Erzähltext
rwk_digbib_3251-1.xmi	1852	1850	digbib	Das Amthaus	Wildermuth, Ottilie	yes	Erzähltext
rwk_digbib_3269-1.xmi	1852	1850	digbib	Ein einsam Herz	Wildermuth, Ottilie	yes	Erzähltext
rwk_digbib_3280-1.xmi	1852	1850	digbib	Lebensglück	Wildermuth, Ottilie	yes	Erzähltext
rwk_digbib_3303-1.xmi	1851	1850	digbib	Das weiße Hemd, das schwere Schwert und der goldene Ring	Wolf, Johann Wilhelm	yes	Erzähltext
rwk_digbib_3338-1.xmi	1851	1850	digbib	*Der Hasenhirt	Wolf, Johann Wilhelm	yes	Erzähltext
rwk_digbib_3343-1.xmi	1851	1850	digbib	*Die zwölf Brüder	Wolf, Johann Wilhelm	yes	Erzähltext
rwk_digbib_622-1.xmi	1856	1850	digbib	Der Wandergeselle	Bechstein, Ludwig	yes	Erzähltext
rwk_digbib_660-1.xmi	1845	1840	digbib	Die verzauberte Prinzessin	Bechstein, Ludwig	yes	Erzähltext
rwk_digbib_930-1.xmi	1862	1860	digbib	Abdankung	Birlinger, Anton	yes	Erzähltext
rwk_digbib_934-2.xmi	1857	1850	digbib	Synnöve Solbakken	Bjørnson, Bjørnstjerne	yes	Erzähltext
rwk_digbib_935-1.xmi	1868	1860	digbib	1. Die Geschichte von der Frau Holle	Büchner, Luise	yes	Erzähltext
rwk_digbib_943-1.xmi	1878	1870	digbib	Der kleine Vagabund	Büchner, Luise	yes	Erzähltext
rwk_digbib_946-1.xmi	1878	1870	digbib	Ein Dichter	Büchner, Luise	yes	Erzähltext
rwk_digbib_981-1.xmi	1910	1910	digbib	32. Der Soldat und das Feuerzeug	Busch, Wilhelm	yes	Erzähltext
rwk_grenz_10402-1.xmi	1879	1870	grenz	Struensee.	Dohmte, E. 	no	Biographie
rwk_grenz_10762-1.xmi	1880	1880	grenz	Zur Reform des Haftpflichtgesetzes: 3.Die allgemeine Arbeiterversicherung.	Stommel, Luno 	no	Reportage
rwk_grenz_10819-1.xmi	1881	1880	grenz	Lessingstudien.	Buchholz, Gustav 	no	Reportage
rwk_grenz_10959-1.xmi	1881	1880	grenz	Hannovers Ende und Herr Meding. 	Meding, Oscar| Samarow, Gregor 	no	Rezension
rwk_grenz_1108-1.xmi	1848	1840	grenz	Eine Predigt auf der Ferdinandsbrueke.	Undefined	no	Kommentar
rwk_grenz_11238-1.xmi	1882	1880	grenz	Vom Wiener Burgtheater.	Undefined	no	Reportage
rwk_grenz_11238-2.xmi	1882	1880	grenz	Vom Wiener Burgtheater.	Undefined	no	Reportage
rwk_grenz_1140-1.xmi	1848	1840	grenz	Der Wendepunkt der Revolution.	Undefined	no	Reportage
rwk_grenz_11530-1.xmi	1883	1880	grenz	Die Grafen von Altenschwerdt.	Niemann, August	yes	Erzähltext
rwk_grenz_11760-1.xmi	1883	1880	grenz	Macchiavelli. 2.	Undefined	no	Reportage
rwk_grenz_11903-1.xmi	1884	1880	grenz	Die Engel auf Erden. 	Bersezio, Viktor	yes	Erzähltext
rwk_grenz_12190-1.xmi	1884	1880	grenz	Unser Reichskanzler.	Niemann, August	no	Unsure
rwk_grenz_12200-1.xmi	1884	1880	grenz	Michael Munkacsy.	Rosenberg, Adolf 	no	Biographie
rwk_grenz_12266-1.xmi	1885	1880	grenz	F.M.Dostojewsky.	Undefined	no	Rezension
rwk_grenz_12289-1.xmi	1885	1880	grenz	Unpolitische Briefe aus Wien: 2. Unsre Dichter.	Undefined	no	Rezension
rwk_grenz_12346-1.xmi	1885	1880	grenz	Otium cum dignitate.	Undefined	no	Biographie
rwk_grenz_1322-1.xmi	1849	1840	grenz	Preußische Briefe.	Undefined	no	Reisebericht/Brief
rwk_grenz_13462-1.xmi	1888	1880	grenz	Ein böser Geist im heutigen England. 2. 	Undefined	no	Reportage
rwk_grenz_13858-1.xmi	1889	1880	grenz	Maßgebliches und Unmaßgebliches	Undefined	no	Rezension
rwk_grenz_13947-1.xmi	1889	1880	grenz	Robert Hamerlings Selbstbiographie	Necker, Moritz	no	Rezension
rwk_grenz_14432-1.xmi	1890	1890	grenz	Die Rembrandt-Ausstellung im Berliner Kupferstichkabinet	Undefined	no	Rezension
rwk_grenz_14699-1.xmi	1891	1890	grenz	Neues über Schleswig-Holstein	Undefined	no	Rezension
rwk_grenz_1482-1.xmi	1849	1840	grenz	Jütland und die Jüten.	Undefined	no	Kommentar
rwk_grenz_14935-1.xmi	1892	1890	grenz	Bilder aus dem Universitätsleben: 2. Die Wahlschlacht	Undefined	yes	Erzähltext
rwk_grenz_15007-1.xmi	1892	1890	grenz	Die nächsten Aufgaben der christlichen Welt: Geschichtsphilosophische Gedanken 18(Schluß der ganzen Reihe)	Undefined	no	Reportage
rwk_grenz_15360-1.xmi	1893	1890	grenz	Leila die Katzenprinzessin (Fortsetzung)	Haarhaus, Julius	yes	Erzähltext
rwk_grenz_15490-1.xmi	1893	1890	grenz	Anmerkungen zur Judenfrage	Undefined	no	Kommentar
rwk_grenz_15654-1.xmi	1895	1890	grenz	Stölzels juristische Lehrmethode	Undefined	no	Rezension
rwk_grenz_15834-1.xmi	1895	1890	grenz	Wiemansichverspricht	Undefined	no	Reportage
rwk_grenz_1591-1.xmi	1849	1840	grenz	Wiener Zeitungen und Zeitungshelden.	Undefined	no	Rezension
rwk_grenz_16046-1.xmi	1896	1890	grenz	Zur Assessorenfrage in Preußen	Undefined	no	Kommentar
rwk_grenz_1618-1.xmi	1850	1850	grenz	Das Parlament in Erfurt.	Undefined	no	Kommentar
rwk_grenz_16257-1.xmi	1896	1890	grenz	Die Dynastie der Saids in Sansibar	Wagner, Hans	no	Reportage
rwk_grenz_16296-1.xmi	1896	1890	grenz	Englische Zustände 4	Undefined	no	Reportage
rwk_grenz_16351-1.xmi	1897	1890	grenz	Die Berliner Schillerpreisdramen	Undefined	no	Kommentar
rwk_grenz_16524-1.xmi	1897	1890	grenz	Zur Beförderung und Verabschiedung der Offiziere	Undefined	no	Kommentar
rwk_grenz_16588-1.xmi	1897	1890	grenz	Maßgebliches und Unmaßgebliches	Undefined	no	Kommentar
rwk_grenz_16828-1.xmi	1898	1890	grenz	Das deutsche Lied seit dem Tode Richard Wagners	Kretzschmar, Hermann 	no	Kommentar
rwk_grenz_16935-1.xmi	1898	1890	grenz	Die Sozialdemokratie im Beamtentum	Undefined	no	Kommentar
rwk_grenz_17048-1.xmi	1899	1890	grenz	Diedeutsche Geldreform(Schluß)	Undefined	no	Reportage
rwk_grenz_17383-1.xmi	1899	1890	grenz	Skizzen aus unserm heutigen Volksleben: Dritte Reihe, 4. Wie es Pastor Heinrichs bei seiner Versetzung erging	Anders, Fritz	yes	Erzähltext
rwk_grenz_17626-1.xmi	1900	1900	grenz	Die Blüte und der Verfall der holländischen Seemacht	Undefined	no	Reportage
rwk_grenz_18070-1.xmi	1901	1900	grenz	Weihnachten vor Paris (Schluß)	Stellanus, Georg	yes	Erzähltext
rwk_grenz_18315-1.xmi	1902	1900	grenz	Maßgebliches und Unmaßgebliches	Undefined	no	Kommentar
rwk_grenz_18324-2.xmi	1902	1900	grenz	Der Kampf um Rom 1849	Kaemmel, Otto 	no	Reportage
rwk_grenz_18522-1.xmi	1903	1900	grenz	König Laurin	Undefined	no	Rezension
rwk_grenz_18701-1.xmi	1903	1900	grenz	Ekkehard der Erste von St. Gallen und das Waltharilied	Undefined	no	Biographie
rwk_grenz_19033-1.xmi	1904	1900	grenz	Der Mönch von Weinfelden (Fortsetzung)	Haarhaus, Julius R.	yes	Erzähltext
rwk_grenz_19164-1.xmi	1904	1900	grenz	Gräfin Susanna (Fortsetzung)	Harland, Henry 	yes	Erzähltext
rwk_grenz_1920-1.xmi	1850	1850	grenz	Aus Ungarn.	Undefined	no	Kommentar
rwk_grenz_19209-1.xmi	1904	1900	grenz	Maßgebliches und Unmaßgebliches	Undefined	no	Kommentar
rwk_grenz_19300-1.xmi	1905	1900	grenz	Salzburg und die Tauernpässe	Kaemmel, Otto 	no	Reportage
rwk_grenz_19520-1.xmi	1905	1900	grenz	Herrenmenschen 14. Er soll dein Herr sein	Anders, Fritz| Allihn, Max 	yes	Erzähltext
rwk_grenz_19716-1.xmi	1906	1900	grenz	Kontroversenzüchtung: Ein Mahnwort an den Gesetzgeber	Josef, Eugen 	no	Kommentar
rwk_grenz_19836-1.xmi	1906	1900	grenz	Maßgebliches und Unmaßgebliches	Undefined	no	Kommentar
rwk_grenz_20079-1.xmi	1907	1900	grenz	Eine Ferienfahrt nach Brasilien	Kelch, Egon Dr.	no	Reisebericht/Brief
rwk_grenz_20204-1.xmi	1907	1900	grenz	Tilsit - ein Zusammenbruch der britischen Festlandpolitik	Kraus, Eberhard	no	Reportage
rwk_grenz_20961-1.xmi	1909	1900	grenz	Vom Ansehen des Reichstags	Undefined	no	Kommentar
rwk_grenz_21002-1.xmi	1909	1900	grenz	Maßgebliches und Unmaßgebliches	Undefined	no	Kommentar
rwk_grenz_21102-1.xmi	1909	1900	grenz	Maßgebliches und Unmaßgebliches	Undefined	no	Kommentar
rwk_grenz_21346-1.xmi	1910	1910	grenz	Im Kampf gegen die Übermacht	Lie, Bernt	yes	Erzähltext
rwk_grenz_21469-1.xmi	1910	1910	grenz	Beitrag zur Geschichte der Psychiatrie	Benn, Gottfried	no	Reportage
rwk_grenz_21534-1.xmi	1910	1910	grenz	Im Flecken: Erzählung aus der russischen Provinz (Fortsetzung)	Reyher, Alexander Andreas v. 	yes	Erzähltext
rwk_grenz_21780-1.xmi	1911	1910	grenz	Staatlicher Imperialismus und Individualismus	Dix, Arthur 	no	Reportage
rwk_grenz_21969-1.xmi	1911	1910	grenz	Briefe aus China	Grube, Wilhelm Professor Dr.	no	Reisebericht/Brief
rwk_grenz_21976-1.xmi	1912	1910	grenz	Fichte und die älteren Romantiker	Schmidt-Köln, W. Dr.	no	Reportage
rwk_grenz_22091-1.xmi	1912	1910	grenz	Reichsspiegel	Undefined	no	Nachrichten
rwk_grenz_22136-1.xmi	1912	1910	grenz	Reichsspiegel	Undefined	no	Nachrichten
rwk_grenz_22414-1.xmi	1913	1910	grenz	Maßgebliches und Unmaßgebliches: Volkswirtschaft	Jentsch, Carl 	no	Rezension
rwk_grenz_22484-1.xmi	1913	1910	grenz	Der vorsichtige Freier(Schluß)	Federn, Karl 	yes	Erzähltext
rwk_grenz_2262-1.xmi	1851	1850	grenz	Wochenschau.	Undefined	no	Rezension
rwk_grenz_22637-1.xmi	1913	1910	grenz	An der Wiege des Königreichs Rumänien: Berichte des preußischen Spezialgesandten Freiherrn von Richthofen an König Friedrich Wilhelm den Vierten	Undefined	no	Reisebericht/Brief
rwk_grenz_23014-1.xmi	1914	1910	grenz	Weltwirtschaft und Weltkrieg: Gedanken über die Ursache des großen Krieges	Strahl, Richard Dr.jur.	no	Kommentar
rwk_grenz_23276-1.xmi	1915	1910	grenz	Englische Weltpolitik und Weltverkehrsfragen vor dem Kriege	Wütschke, Dr.	no	Kommentar
rwk_grenz_23388-1.xmi	1916	1910	grenz	Das Nationalitätsprinzip und der Krieg	Bornhak, Conrad Professor Dr.	no	Reportage
rwk_grenz_23586-1.xmi	1916	1910	grenz	Erdkunde in den höheren Schulen	Offe, Hans Dr.	no	Kommentar
rwk_grenz_24-1.xmi	1842	1840	grenz	Erinnerungen und die Mittheilungen eines Landschaftsmalers	Koekkoek, B. C.	no	Reportage
rwk_grenz_24-2.xmi	1842	1840	grenz	Erinnerungen und die Mittheilungen eines Landschaftsmalers	Koekkoek, B. C.	no	Reisebericht/Brief
rwk_grenz_24314-1.xmi	1919	1910	grenz	G. von Jagow's Buch	Undefined	no	Reportage
rwk_grenz_24351-1.xmi	1919	1910	grenz	Pressestimmen	Undefined	no	Kommentar
rwk_grenz_2481-1.xmi	1852	1850	grenz	Wochenbericht.	Undefined	no	Rezension
rwk_grenz_2866-1.xmi	1853	1850	grenz	Der russisch-türkische Feldzug von 1829.	Undefined	no	Reportage
rwk_grenz_3019-1.xmi	1854	1850	grenz	Literaturgeschichte.	Undefined	no	Rezension
rwk_grenz_3157-1.xmi	1854	1850	grenz	Politische Broschüren.	Undefined	no	Kommentar
rwk_grenz_3168-1.xmi	1854	1850	grenz	Wochenbericht.	Undefined	no	Kommentar
rwk_grenz_317-1.xmi	1844	1840	grenz	Der Kunstteufel: Modernes Märchen.	Undefined	yes	Erzähltext
rwk_grenz_3240-1.xmi	1855	1850	grenz	Schleswig-Holsteinische Briefe.	Undefined	no	Reisebericht/Brief
rwk_grenz_337-1.xmi	1844	1840	grenz	Der Schachtelmann	Cornelius	yes	Erzähltext
rwk_grenz_3493-1.xmi	1856	1850	grenz	Freiherr von Stein.	Undefined	no	Rezension
rwk_grenz_3633-2.xmi	1856	1850	grenz	Der Sundzoll.	Undefined	no	Kommentar
rwk_grenz_3732-1.xmi	1856	1850	grenz	Deutsches Künstlerleben in Rom.	Undefined	no	Reportage
rwk_grenz_375-1.xmi	1845	1840	grenz	Münchner Skizzen	Marggraff, Hermann 	no	Rezension
rwk_grenz_3867-1.xmi	1857	1850	grenz	Ein Gang durch Triest.	Undefined	no	Kommentar
rwk_grenz_4004-1.xmi	1857	1850	grenz	Aus der römischen Kaiserzeit.	Undefined	no	Reportage
rwk_grenz_4604-1.xmi	1859	1850	grenz	In Dschingiskhans Heimath.	Undefined	no	Reisebericht/Brief
rwk_grenz_4617-1.xmi	1860	1860	grenz	Die Ereignisse in Mittelitalien seit dem Frieden von Villasrmica.	Undefined	no	Nachrichten
rwk_grenz_4978-1.xmi	1861	1860	grenz	Goethe und Kaulbach.	Undefined	no	Rezension
rwk_grenz_517-1.xmi	1845	1840	grenz	Royer-Collard.	Undefined	no	Reportage
rwk_grenz_5313-1.xmi	1862	1860	grenz	Die letzte Woche in Preußen.	Undefined	no	Kommentar
rwk_grenz_5375-1.xmi	1862	1860	grenz	Die deutsche Flotte vor der Marinecomimssion des Abgeordnetenhauses.	Undefined	no	Kommentar
rwk_grenz_5382-1.xmi	1862	1860	grenz	Bulgarische Zustände.	Undefined	no	Kommentar
rwk_grenz_5743-1.xmi	1864	1860	grenz	Die Musikunddieleipziger Coueertsaisonvon18K3—1864.2.	Undefined	no	Kommentar
rwk_grenz_5912-1.xmi	1864	1860	grenz	Vasari der andere.	Undefined	no	Reportage
rwk_grenz_6262-1.xmi	1866	1860	grenz	Die Krisis in Oestreich.	Undefined	no	Kommentar
rwk_grenz_630-1.xmi	1846	1840	grenz	Buchhändler Krebshold,wie er als Beförderer der Humanität ein armer Teufel wird, und später als Beförderer der Charlatanerie sein Glück macht, nach seinen eigenen Mittheilungen erzählt	Weinholz, A.	no	Biographie
rwk_grenz_6303-1.xmi	1866	1860	grenz	Photographieund Kunstinihren Wechselbeziehungen.	Undefined	no	Kommentar
rwk_grenz_6510-1.xmi	1867	1860	grenz	Zustände und Aussichten in Oestreich.	Undefined	no	Kommentar
rwk_grenz_6628-1.xmi	1867	1860	grenz	Preußische Kriegsmarine.	Undefined	no	Reportage
rwk_grenz_7127-1.xmi	1868	1860	grenz	Nach dem Schluß des Zollparlaments.	Undefined	no	Kommentar
rwk_grenz_7127-2.xmi	1868	1860	grenz	Nach dem Schluß des Zollparlaments.	Undefined	no	Kommentar
rwk_grenz_7700-1.xmi	1870	1870	grenz	Immermann's Leben.	Puttliz, E. zu 	no	Kommentar
rwk_grenz_773-1.xmi	1847	1840	grenz	Deutsche Reisende in der Fremde.	Undefined	no	Kommentar
rwk_grenz_7914-1.xmi	1871	1870	grenz	Die katholische Bewegung in Baiern.	Undefined	no	Kommentar
rwk_grenz_8110-1.xmi	1872	1870	grenz	Hinterlassene Schriften von G. G. Gervinus.	Rößler, Constantin 	no	Rezension
rwk_grenz_8287-1.xmi	1872	1870	grenz	Frankreich und die allgemeine Wehrpflicht	Jähns, Max 	no	Nachrichten
rwk_grenz_8348-1.xmi	1872	1870	grenz	Frankreich und die allgemeine Wehrpflicht	Jähns, Max 	no	Kommentar
rwk_grenz_9676-1.xmi	1877	1870	grenz	Johann Huß' letzte Lebensstunden und Tod.	Salchow, H.	no	Biographie
rwk_grenz_9742-1.xmi	1877	1870	grenz	Die fünfundzwanzig Regentenjahre des Großherzogs von Baden.	Undefined	no	Reportage
rwk_grenz_9881-1.xmi	1877	1870	grenz	Die Herrlichkeit Kniphausen und die gräflich Bentincksche Burgmilice.I.	Undefined	no	Biographie
rwk_grenz_9977-1.xmi	1878	1870	grenz	Die deutsche Literatur während des achtjährigen Friedens 1748-1756.	Schmidt, Julian 	no	Rezension
rwk_mkhz_10012-1.xmi	1884	1880	mkhz.maehrisches	Undefined	Undefined	no	Nachrichten
rwk_mkhz_10015-1.xmi	1884	1880	mkhz.maehrisches	Proceß Stellmacher: I. Verhandlungstag.	Undefined	no	Unsure
rwk_mkhz_10017-1.xmi	1884	1880	mkhz.maehrisches	Undefined	Undefined	no	Biographie
rwk_mkhz_10021-1.xmi	1884	1880	mkhz.maehrisches	Die ungarischen Wahlen.	Undefined	no	Kommentar
rwk_mkhz_100271.xmi	1884	1880	mkhz.maehrisches	Protokoll	Undefined	no	Nachrichten
rwk_mkhz_10030-1.xmi	1884	1880	mkhz.maehrisches	Bild und Wort.	Groller, Baldnin	no	Reportage
rwk_mkhz_10033-1.xmi	1884	1880	mkhz.maehrisches	Undefined	Undefined	yes	Unsure
rwk_mkhz_100361.xmi	1884	1880	mkhz.maehrisches	(Geänderte Jahrordnungder Mährisch-Schlesischen Centralbahn)(Concurs)(Verurtheilung.)	Undefined	no	Nachrichten
rwk_mkhz_10039-1.xmi	1885	1880	mkhz.maehrisches	Undefined	G.L.	no	Reisebericht/Brief
rwk_mkhz_100421.xmi	1885	1880	mkhz.maehrisches	Undefined	Undefined	no	Nachrichten
rwk_mkhz_10052-1.xmi	1885	1880	mkhz.maehrisches	„Nationalverein deutscher Bürger und Bauern in Sternberg.“| Gründung eines deutschen Turnvereins in einer Landgemeinde. Kindesmord. Zum sogenannten Versehen der Kühe. Von der Handels- und Gewerbekammer. Speisezettel der Polksküche.	Undefined	no	Nachrichten
rwk_mkhz_10070-1.xmi	1886	1880	mkhz.maehrisches	Oesterreichs Stellung in der Balkanfrage.	Undefined	no	Reportage
rwk_mkhz_10121.xmi	1852	1850	mkhz.auswandererzeitung	Colonisationsprojekt von Santa Cruz in der Provinz Rio Grande do Sul in Brasilien	Undefined	no	Reportage
rwk_mkhz_10135-1.xmi	1888	1880	mkhz.maehrisches	Fürst Bismarck und die deutsche Reaction.	Undefined	no	Nachrichten
rwk_mkhz_101401.xmi	1888	1880	mkhz.maehrisches	Undefined	Undefined	no	Kommentar
rwk_mkhz_10146-1.xmi	1888	1880	mkhz.maehrisches	Maturitäts-Prüfungen. Zur Einführung der electrischen Beleuchtung im Olmützer Stadttheater. Die Liedertafel des Olmützer Männergesangvereins, Vom Männergesangverein. Die Badesaison. Nochmals Landesschulinspector Kotsmich und die „Narodui Listy.“ Aebersiedlung. Schwurgerichtssession. Militär-Concert im Englisch´schen Restaurationsgarten.	Undefined	no	Nachrichten
rwk_mkhz_101501.xmi	1888	1880	mkhz.maehrisches	Gefunden. Fest in Nimlau. Die mährischen Schützen beim Kaiser-Jubiläums-Schützenfest in Wien. Bezirksrichter Pell. Besitzwechsel. Firma-Protokollirungen. Unangenehm.	Undefined	no	Nachrichten
rwk_mkhz_101511.xmi	1888	1880	mkhz.maehrisches	(Drei Königstöchter.)	Undefined	no	Erzähltext
rwk_mkhz_101751.xmi	1888	1880	mkhz.maehrisches	Undefined	Undefined	no	Kommentar
rwk_mkhz_10189-1.xmi	1889	1880	mkhz.maehrisches	Der Battenberger in Wien. Wiens Rückgang. Der Schluß des tschechischen Kumpf-Landtages. Rangerhöhung des Krakauer Bischofs. Der Rücktritt des preußischen Justizministers.	Undefined	no	Nachrichten
rwk_mkhz_10205-1.xmi	1889	1880	mkhz.maehrisches	Undefined	Undefined	yes	Erzähltext
rwk_mkhz_102151.xmi	1889	1880	mkhz.maehrisches	Undefined	Undefined	no	Nachrichten
rwk_mkhz_102171.xmi	1889	1880	mkhz.maehrisches	Undefined	Undefined	no	Kommentar
rwk_mkhz_10227-1.xmi	1896	1890	mkhz.badener	Nuleeni der Sternengeist. Ein indisches Märchen.	Reichel, E.	yes	Erzähltext
rwk_mkhz_10235-1.xmi	1896	1890	mkhz.badener	Politische Uebersicht. Parlamentarische Schreckenberger.	Undefined	no	Nachrichten
rwk_mkhz_102451.xmi	1896	1890	mkhz.badener	Undefined	X.	no	Kommentar
rwk_mkhz_10246-1.xmi	1896	1890	mkhz.badener	Personalnachrichten.—Todesfall.—Postverkehr.—Wahlinden Gemeindeausschuß.—Aus dem Gemeindeausschusse.—Verschönerungsverein Baden.—Weihnachtsbescheerung.—Christbaum-Betheilung in Weikersdorf.—Stempelpflicht der Radfahr-Documente.—Erster Familienabend der Beamtenschaft Badens.—Die „Nachrichten aus dem Viertel unter aller Kritik“,—„Sirius“.—Fachschule für die Mühlen-Industrie in Niederösterreich.—Rath’sches allgemeines öffentliches Krankenhausin Baden.—Eine unredliche Bedienerin.	Undefined	no	Kommentar
rwk_mkhz_102521.xmi	1896	1890	mkhz.badener	Undefined	Undefined	no	Anzeige
rwk_mkhz_10262-1.xmi	1896	1890	mkhz.badener	Ein bissiger Fuchs. Verzeichniß	Undefined	no	Nachrichten
rwk_mkhz_10267-1.xmi	1898	1890	mkhz.badener	Zweitheilung Böhmens.	Undefined	no	Kommentar
rwk_mkhz_10287-1.xmi	1898	1890	mkhz.badener	Herabsetzungderhohen Kohlentarifeder Südbahn.100.000Kronen Deutscher Schulverein.Zähne	Undefined	no	Nachrichten
rwk_mkhz_102901.xmi	1898	1890	mkhz.badener	Undefined	X.	no	Kommentar
rwk_mkhz_103431.xmi	1892	1890	mkhz.maehrisches	Die Cholerain Oesterreich.Die Cholerain Budapest.Die Cholerain Hamburg.	Undefined	no	Nachrichten
rwk_mkhz_10346-1.xmi	1892	1890	mkhz.maehrisches	Feigling!	Geller, Oscar	yes	Erzähltext
rwk_mkhz_103511.xmi	1892	1890	mkhz.maehrisches	(Zur Bürgermeisterwahl.)(Personales.)(Auszeichnung.)(Ausdem Stadtverordneten-Collegium.)	Undefined	no	Nachrichten
rwk_mkhz_10352-1.xmi	1892	1890	mkhz.maehrisches	Undefined	Undefined	yes	Erzähltext
rwk_mkhz_103571.xmi	1892	1890	mkhz.maehrisches	„Der Zigeunerbaron“. Operette in 3 Acten von Johann Strauß.	Undefined	no	Rezension
rwk_mkhz_103781.xmi	1893	1890	mkhz.maehrisches	(Zur Bildungeinerneuen Majorität.)(Die Trinkgelderpolitikder Polen)(Diedeutsche Militärvorlage.)	Undefined	no	Nachrichten
rwk_mkhz_10379-1.xmi	1893	1890	mkhz.maehrisches	Kriegsminister Frh. v. Bauer†.	Undefined	no	Unsure
rwk_mkhz_10409-1.xmi	1893	1890	mkhz.maehrisches	Paulla. Capriccio von Norbert Falck.	Falck, Norbert	yes	Erzähltext
rwk_mkhz_10423-1.xmi	1894	1890	mkhz.maehrisches	Die Vorgänge in der letzten Sitzung des Wiener Gemeinderathes. Ein Zwischenfall im Berliner Reichstage. Die Jinanzen Italiens. Die Unruhen in Italien	Undefined	no	Nachrichten
rwk_mkhz_104711.xmi	1896	1890	mkhz.maehrisches	Die Vicebürgermeisterwahlin Wien.Blutiger Zusammenstoßzwischen Arbeiternund Geudarmen.	Undefined	no	Nachrichten
rwk_mkhz_10540-1.xmi	1898	1890	mkhz.maehrisches	Der alte Holtei.	Undefined	no	Unsure
rwk_mkhz_10554-1.xmi	1898	1890	mkhz.maehrisches	Undefined	Undefined	no	Rezension
rwk_mkhz_1071.xmi	1870	1870	mkhz.arbeitgeber	Vermischtes	Undefined	no	Nachrichten
rwk_mkhz_11021-1.xmi	1916	1910	mkhz.badener	—Fronleichnamsfest.—Personalnachricht.—Ein ehrendes Wort.—Vom Badener Kurorchester.—Kunstverein in Baden.—Wohltätigkeitsvorstellung.—Großes Kriegsfürsorge-Parkfest in Baden.—K.k. Gesellschaft vom weißen Kreuze.—Der Plan der neuen Roten Kreuz Lose.—Zur Mehlversorgung der Stadt Baden.—Mädchen-Lyzeum.—Herzliche Bitte der„Kinderfürsorge“.—Zur Mehlabgabe.—Vom Konsumentenverein.—Die Reichsorganisation der Hausfrauen Oesterreichs—Trabrennen in Baden.—Postverkehr mit Griechenland.	Undefined	no	Nachrichten
rwk_mkhz_11025-1.xmi	1916	1910	mkhz.badener	Die Erörterung über die Friedensziele in Deutschland.	Undefined	no	Kommentar
rwk_mkhz_11030-1.xmi	1916	1910	mkhz.badener	Undefined	Dr. B.	no	Reportage
rwk_mkhz_110351.xmi	1916	1910	mkhz.badener	—Auszeichnug.—Bezirkshauptmann Freiherrvon Czekelius†.—Todesfälle.—Konzertzu Gunstendes Roten Kreuzes.	Undefined	no	Nachrichten
rwk_mkhz_11036-1.xmi	1916	1910	mkhz.badener	—Altwiener Dosenstücke.—Vom Badener Kurorchester.—40 Jahre treuer Dienste.—Was auf den Tisch kommen darf.—Die schnellsten Züge Deutschlands.—Generalversammlung.—Erhöhung der Rechnungsstempel.—Briefpostverkehr nach Griechenland.—Die Reichsorganisation der Hausfrauen Oesterreichs	A.K.	no	Rezension
rwk_mkhz_11037-1.xmi	1916	1910	mkhz.badener	Berndorf. Heiligenkrenz. Mödling. Vöslan.	Undefined	no	Nachrichten
rwk_mkhz_11037-2.xmi	1916	1910	mkhz.badener	Berndorf. Heiligenkrenz. Mödling. Vöslan.	Undefined	no	Nachrichten
rwk_mkhz_110421.xmi	1910	1910	mkhz.czernowitzer	Telegraphische Kurse vom 23. Mai 1910. Amtlicher Kurs- und Marktbericht der Czernowitzer Frucht-und Produktenbörse. Telegr. Handelsbericht vom  23. Mai 1910. Effekten- und Wechselkurse der Wiener Börse	Undefined	no	Nachrichten
rwk_mkhz_11060-1.xmi	1910	1910	mkhz.czernowitzer	Schwurgericht.	Undefined	no	Nachrichten
rwk_mkhz_110691.xmi	1910	1910	mkhz.czernowitzer	Schiffsuntergang. Arbeiterbewegung. Kleine Rundschau.	Undefined	no	Nachrichten
rwk_mkhz_11087-1.xmi	1911	1910	mkhz.czernowitzer	Die Verwaltungsreform.	Undefined	no	Kommentar
rwk_mkhz_11094-1.xmi	1911	1910	mkhz.czernowitzer	Personalnachricht. Der Nachfolger Prof. Dr. Friedwagners. Von der Staatsanwaltschaft. Gerichtliches. Militärisches. Aus dem Magistrate. Todesfall. Die Offiziere des 22. Landwehrinfanterieregimentes beim Korpsoffiziersbestschießen in Lemberg. Zur Meuterei im Garnisonsgefängnisse. Von der Volksküche. Bahnverkehr Karlsberg—Putna. Holzlieferungsausschreibung.	Undefined	no	Nachrichten
rwk_mkhz_110951.xmi	1911	1910	mkhz.czernowitzer	Geschworenenauslosung.	Undefined	no	Nachrichten
rwk_mkhz_110961.xmi	1911	1910	mkhz.czernowitzer	Von der Frucht-und Produktenbörse. Verkauf von Spiritus in Galizien und der Bukowina. Fünftägige Lagergeldfreiheit für Zuckerrüben bei der Aufgabe.	Undefined	no	Nachrichten
rwk_mkhz_111031.xmi	1911	1910	mkhz.czernowitzer	Dasdeutsch-russische Abkommenperfekt.Der Stillstandinden Marokko-verhandlungen.	Undefined	no	Nachrichten
rwk_mkhz_111071.xmi	1911	1910	mkhz.czernowitzer	Kammermusikabend. Repertoir des Stadttheaters. Konzertanzeiger.	Undefined	no	Nachrichten
rwk_mkhz_111101.xmi	1911	1910	mkhz.czernowitzer	Wiener Börse. Telegr. Handelsbericht vom 21. Oktober 1911. Essekten-und Wechselkurse der Wiener Börse Amtlicher Kurs-und Marktbericht der Czernowitzer Frucht-und Produktenbörse.	Undefined	no	Nachrichten
rwk_mkhz_111191.xmi	1912	1910	mkhz.czernowitzer	Wiener Börse. Wiener Bank-Verein, Filiale Czernowitz. Telegraphischer Kursbericht. Telegr.Handelsbericht vom18. Jänner 1912. Effekten-und Wechselkurse der Wiener Börse Amtlicher Kurs-und Marktbericht der Czernowitzer Frucht-und Produktenbörse.	Undefined	no	Nachrichten
rwk_mkhz_11131-1.xmi	1912	1910	mkhz.czernowitzer	Schlechtes Wetter.	W.A.	no	Kommentar
rwk_mkhz_11144-1.xmi	1912	1910	mkhz.czernowitzer	Die Abreise der rumänischen Königin aus Constantza. Aviatik. Die Wiener Flugwoche. Das Mißgeschick Zeppelins. KB. Jean Jacques Rouffeau. KB. Streik. KB. Kleine Rundschau.	Undefined	no	Nachrichten
rwk_mkhz_11168-1.xmi	1912	1910	mkhz.czernowitzer	Zigeunerstreiche.	Undefined	no	Unsure
rwk_mkhz_128-1.xmi	1877	1870	mkhz.arbeitgeber	Neue Erfindungen. Patentliste. Amerika.	Undefined	no	Kommentar
rwk_mkhz_13661.xmi	1852	1850	mkhz.auswandererzeitung	Die Auswanderung aus China.	Undefined	no	Reportage
rwk_mkhz_13741.xmi	1850	1850	mkhz.bayerische	Schwurgerichtsverhandlungen.	Undefined	no	Kommentar
rwk_mkhz_140-1.xmi	1877	1870	mkhz.arbeitgeber	Die Betheiligung der Arbeiter am Gewinn. Neue Erfindungen. Verschiedenes. Patentliste.	Undefined	no	Nachrichten
rwk_mkhz_1436-1.xmi	1850	1850	mkhz.bayerische	Landtagsverhandlungen. Deutschland. Italien.	Undefined	no	Kommentar
rwk_mkhz_14401.xmi	1850	1850	mkhz.bayerische	Eichenstammholzversteigerung im Spessart. Fremden-Anzeige. Gestorbene.	Undefined	no	Anzeige
rwk_mkhz_1458-1.xmi	1850	1850	mkhz.bayerische	Die Krise im Kanton Bern. Landtagsverhandlungen. Deutschland. Dänemark. Frankreich.	Undefined	no	Reportage
rwk_mkhz_1536-1.xmi	1850	1850	mkhz.bayerische	Landtagsverhandlungen. Deutschland. England.	Undefined	no	Reportage
rwk_mkhz_1556-1.xmi	1850	1850	mkhz.bayerische	Das Uebel der Zeit. (Schluß.)	Thiers	no	Reportage
rwk_mkhz_1640-1.xmi	1850	1850	mkhz.bayerische	Undefined	Undefined	no	Kommentar
rwk_mkhz_17-1.xmi	1870	1870	mkhz.arbeitgeber	Dienstbotennoth.	Undefined	no	Kommentar
rwk_mkhz_1710-1.xmi	1850	1850	mkhz.bayerische	Kurfürstenthum Hessen. ( Fortsetzung. ) Louis Philipp. Die Ereignisse in Kurhessen. Schleswig-holsteinische Angelegenheiten. Deutschland. Italien. Portugal.	Undefined	no	Kommentar
rwk_mkhz_178-1.xmi	1871	1870	mkhz.augsburg	Undefined	Undefined	no	Nachrichten
rwk_mkhz_1785-1.xmi	1850	1850	mkhz.bayerische	Undefined	Undefined	no	Nachrichten
rwk_mkhz_182-1.xmi	1871	1870	mkhz.augsburg	Undefined	Undefined	no	Nachrichten
rwk_mkhz_18321.xmi	1850	1850	mkhz.bayerische	Vermischte Nachrichten.	Undefined	no	Kommentar
rwk_mkhz_20003-1.xmi	1883	1880	mkhz.stgaller	—Regierungsraths-Verhandlungen.—Stickerei.—Tieferlegung des Bodensees.—Rorschach.—Grub.—Oberhelfenschwil.	Undefined	no	Nachrichten
rwk_mkhz_200131.xmi	1885	1880	mkhz.stgaller	Der Krieg im Balkan.—Sofia, 28. Nov.—Belgrad, 30. Nov.	Undefined	no	Nachrichten
rwk_mkhz_200221.xmi	1886	1880	mkhz.stgaller	—„Schweizerisch-Polen.“—Viehversicherung.—Der Kapitalismus	Undefined	no	Kommentar
rwk_mkhz_200241.xmi	1886	1880	mkhz.stgaller	Luzern. Uri. Schwyz. Zug. Solothurn. Basel. Schaffhausen. Graubündeu. Tessin. Waadt.	Undefined	no	Nachrichten
rwk_mkhz_200361.xmi	1886	1880	mkhz.stgaller	—Mittel gegen den widerlichen Geruch des Stockfisches.—Vom Tode überrascht.—Die geküßte Prinzessin.—Schreckensthat eines Blödsinnigen.	Undefined	no	Nachrichten
rwk_mkhz_200381.xmi	1887	1880	mkhz.stgaller	—Hebung des Zuchtstierwesens.—Lütisburg.—Bollingen.	Undefined	no	Nachrichten
rwk_mkhz_20044-1.xmi	1887	1880	mkhz.stgaller	Undefined	Undefined	no	Nachrichten
rwk_mkhz_20049-1.xmi	1888	1880	mkhz.stgaller	—Holländische Kriegsdienste.—Landsturm.	Undefined	no	Nachrichten
rwk_mkhz_20076-1.xmi	1890	1890	mkhz.stgaller	Zürich.Bern.Luzern.Schwyz.Nidwalden.Aargau.Thurgan.Baselland.	Undefined	no	Nachrichten
rwk_mkhz_200811.xmi	1890	1890	mkhz.stgaller	—Rheindurchstich.—*Wittenbach.	Undefined	no	Nachrichten
rwk_mkhz_20082-1.xmi	1890	1890	mkhz.stgaller	Zürich. Uri. Schwyz. Glarns. Graubünden. Tessiu.	Undefined	no	Nachrichten
rwk_mkhz_200841.xmi	1890	1890	mkhz.stgaller	—Der ehrliche Finder.	Undefined	no	Nachrichten
rwk_mkhz_200901.xmi	1891	1890	mkhz.stgaller	Deutsches Reich. Frankreich. Oesterreich-Ungarn. Italien. Spanien. Türkei.	Undefined	no	Nachrichten
rwk_mkhz_201071.xmi	1892	1890	mkhz.stgaller	Oesterreich-Ungarn. Rußland.	Undefined	no	Nachrichten
rwk_mkhz_20112-1.xmi	1892	1890	mkhz.stgaller	Zweites offenes Wort an den leitenden Ausschuß der konservativen Partei des Kantons St.Gallen.(Schluß.)	Undefined	no	Kommentar
rwk_mkhz_20154-1.xmi	1896	1890	mkhz.stgaller	Bundesrat.—Internationale Taubstummenkonferenz.	Undefined	no	Nachrichten
rwk_mkhz_20156-1.xmi	1896	1890	mkhz.stgaller	Zürich. Bern. Luzern. Glarus. Graubünden. Schaffhausen. Waadt. Wallis. Genf.	Undefined	no	Nachrichten
rwk_mkhz_201651.xmi	1897	1890	mkhz.stgaller	Kalender-Litteratur	Lampert, U. Dr. jur.	no	Unsure
rwk_mkhz_204801.xmi	1911	1910	mkhz.marburger	Schaubühne.	Undefined	no	Rezension
rwk_mkhz_20485-1.xmi	1911	1910	mkhz.marburger	Undefined	Undefined	yes	Erzähltext
rwk_mkhz_20496-1.xmi	1912	1910	mkhz.marburger	Undefined	Undefined	yes	Erzähltext
rwk_mkhz_20508-1.xmi	1912	1910	mkhz.marburger	Eine deutschradikale Verwahrung.	Undefined	no	Kommentar
rwk_mkhz_205611.xmi	1913	1910	mkhz.marburger	Gattin und Tochter vergiftet.	Undefined	no	Nachrichten
rwk_mkhz_20565-1.xmi	1914	1910	mkhz.marburger	Die Arbeitslosenfürsorge.	Undefined	no	Reportage
rwk_mkhz_205731.xmi	1914	1910	mkhz.marburger	Eineverhängnisvolle Bestimmung.	Undefined	no	Reportage
rwk_mkhz_205841.xmi	1914	1910	mkhz.marburger	Undefined	Undefined	no	Nachrichten
rwk_mkhz_20588-1.xmi	1914	1910	mkhz.marburger	Verein Frauenhilfe. Die Hilfsbereitschaft der Marburger Bevölkerung Unterhaltsbeitrag für Angehörige von Mobilisierten. Maßnahmen zur Sicherung der Ernte und Wintersaaten. Der Verkauf von Mehl, Reis und Zucker. „Verlustträger gesucht“. Trauungen. Todesfälle. Ausmusterung des letzten Kadettenjahrganges. Dank von Reservisten. Radfahrer, Für arme Angehörige eingerückter Reservisten. Von der Gemeindesparkasse. Die Preissteigerung bei den Spezeristen.	Undefined	no	Nachrichten
rwk_mkhz_216-1.xmi	1871	1870	mkhz.augsburg	Telegraphische Berichte. Die bayerische Gebietsvergrößerung. Deutsches Reich. Oesterreichisch	Undefined	no	Nachrichten
rwk_mkhz_2181.xmi	1871	1870	mkhz.augsburg	Undefined	Undefined	no	Nachrichten
rwk_mkhz_231-1.xmi	1871	1870	mkhz.augsburg	Das Französische im neuen Deutschen Reich. I. (Schluß. )	Undefined	no	Reportage
rwk_mkhz_243-1.xmi	1871	1870	mkhz.augsburg	Faustina. „Faustina,“ Drama in fünf Acten von Ada Christen. Wien 1871. Verlag von J. Dirnböcks Buchhandlung. Moritz v. Schwind.III(Schluß.)	Undefined	no	Rezension
rwk_mkhz_24601.xmi	1845	1840	mkhz.chronik	Undefined	Undefined	no	Kommentar
rwk_mkhz_2477-1.xmi	1845	1840	mkhz.chronik	Privat-Anzeigen.	Undefined	no	Anzeige
rwk_mkhz_248-1.xmi	1871	1870	mkhz.augsburg	Undefined	Undefined	no	Kommentar
rwk_mkhz_2500-1.xmi	1845	1840	mkhz.chronik	Die Giftmischerin Chr. Ruthardt und das hoch nothpeinliche Halsgericht.	Undefined	yes	Erzähltext
rwk_mkhz_2551.xmi	1871	1870	mkhz.augsburg	Industrie, Handel und Verkehr	Undefined	no	Nachrichten
rwk_mkhz_2557-1.xmi	1845	1840	mkhz.chronik	Undefined	Undefined	no	Erzähltext
rwk_mkhz_2562-1.xmi	1845	1840	mkhz.chronik	Privat-Anzeigen.	Undefined	no	Anzeige
rwk_mkhz_2735-1.xmi	1905	1900	mkhz.europa	Undefined	Undefined	no	Kommentar
rwk_mkhz_2739-1.xmi	1905	1900	mkhz.europa	Undefined	Undefined	no	Kommentar
rwk_mkhz_2740-1.xmi	1905	1900	mkhz.europa	Undefined	Undefined	no	Kommentar
rwk_mkhz_27541.xmi	1905	1900	mkhz.europa	Undefined	Undefined	no	Kommentar
rwk_mkhz_2756-1.xmi	1905	1900	mkhz.europa	Der Intellekt in der Religion.	Kalthoff, A. Dr.	no	Reportage
rwk_mkhz_2757-1.xmi	1905	1900	mkhz.europa	Undefined	Undefined	no	Rezension
rwk_mkhz_2767-1.xmi	1905	1900	mkhz.europa	Undefined	Undefined	no	Reportage
rwk_mkhz_27691.xmi	1905	1900	mkhz.europa	Undefined	Undefined	no	Rezension
rwk_mkhz_27761.xmi	1905	1900	mkhz.europa	Renaissance innerlicher Kultur.	Wille, Bruno	no	Reportage
rwk_mkhz_2778-1.xmi	1905	1900	mkhz.europa	Undefined	Undefined	no	Kommentar
rwk_mkhz_27811.xmi	1905	1900	mkhz.europa	Undefined	Undefined	no	Reisebericht/Brief
rwk_mkhz_2787-1.xmi	1905	1900	mkhz.europa	Undefined	Undefined	no	Rezension
rwk_mkhz_2789-1.xmi	1905	1900	mkhz.europa	Undefined	Undefined	no	Reportage
rwk_mkhz_27991.xmi	1905	1900	mkhz.europa	Kaiser Tamburini.	Undefined	no	Unsure
rwk_mkhz_2802-1.xmi	1905	1900	mkhz.europa	Undefined	Undefined	no	Reportage
rwk_mkhz_28031.xmi	1905	1900	mkhz.europa	Undefined	Undefined	no	Kommentar
rwk_mkhz_28041.xmi	1905	1900	mkhz.europa	Meunier.	Schur, Ernest 	no	Kommentar
rwk_mkhz_28081.xmi	1905	1900	mkhz.europa	H.v. Budde	Michalski, Heinrich 	no	Reisebericht/Brief
rwk_mkhz_2810-1.xmi	1905	1900	mkhz.europa	Undefined	Undefined	no	Kommentar
rwk_mkhz_2812-1.xmi	1905	1900	mkhz.europa	Undefined	Undefined	no	Kommentar
rwk_mkhz_2815-1.xmi	1905	1900	mkhz.europa	Undefined	Undefined	no	Reportage
rwk_mkhz_2816-1.xmi	1905	1900	mkhz.europa	Undefined	Undefined	no	Kommentar
rwk_mkhz_2843-1.xmi	1905	1900	mkhz.europa	Undefined	Undefined	no	Kommentar
rwk_mkhz_2843-2.xmi	1905	1900	mkhz.europa	Undefined	Undefined	no	Kommentar
rwk_mkhz_2847-1.xmi	1905	1900	mkhz.europa	Undefined	Undefined	no	Kommentar
rwk_mkhz_2848-1.xmi	1905	1900	mkhz.europa	Undefined	Undefined	no	Kommentar
rwk_mkhz_2848-2.xmi	1905	1900	mkhz.europa	Undefined	Undefined	no	Kommentar
rwk_mkhz_28501.xmi	1905	1900	mkhz.europa	Der Despot von Kryghyn	Roda, Roda	yes	Erzähltext
rwk_mkhz_3132-1.xmi	1855	1850	mkhz.maerkische	Undefined	Undefined	no	Kommentar
rwk_mkhz_31621.xmi	1850	1850	mkhz.maerkische	Sprechsaal Gemeindeangelegenheiten.	Undefined	no	Kommentar
rwk_mkhz_3246-1.xmi	1850	1850	mkhz.maerkische	Undefined	Undefined	no	Nachrichten
rwk_mkhz_3284-1.xmi	1851	1850	mkhz.maerkische	Bekanntmachung.Bekanntmachung.Aufgebot.Königl.Kreisgerichts	Undefined	no	Anzeige
rwk_mkhz_32971.xmi	1851	1850	mkhz.maerkische	Vermischte Nachrichten.	Undefined	no	Nachrichten
rwk_mkhz_33411.xmi	1851	1850	mkhz.maerkische	Undefined	Undefined	no	Nachrichten
rwk_mkhz_34691.xmi	1848	1840	mkhz.mainzerjournal	Geld- und Wechselcourse.	Undefined	no	Nachrichten
rwk_mkhz_3552-1.xmi	1848	1840	mkhz.mainzerjournal	Undefined	Undefined	no	Nachrichten
rwk_mkhz_35561.xmi	1848	1840	mkhz.mainzerjournal	Undefined	Undefined	no	Kommentar
rwk_mkhz_36021.xmi	1848	1840	mkhz.mainzerjournal	Geld- und Wechselcourse.	Undefined	no	Nachrichten
rwk_mkhz_362-1.xmi	1848	1840	mkhz.auswanderer	Zweite Expedition nach dem Llano und San Saba. (Schluß.)	Undefined	no	Reisebericht/Brief
rwk_mkhz_36371.xmi	1848	1840	mkhz.mainzerjournal	Undefined	Undefined	no	Nachrichten
rwk_mkhz_36981.xmi	1848	1840	mkhz.mainzerjournal	Das russische Heer in Polen.	Undefined	no	Nachrichten
rwk_mkhz_372-1.xmi	1847	1840	mkhz.auswanderer	Fragmente aus Briefen.	Undefined	no	Reisebericht/Brief
rwk_mkhz_3759-1.xmi	1848	1840	mkhz.mainzerjournal	Undefined	Undefined	no	Nachrichten
rwk_mkhz_3809-1.xmi	1848	1840	mkhz.mainzerjournal	Undefined	Undefined	no	Kommentar
rwk_mkhz_38131.xmi	1848	1840	mkhz.mainzerjournal	Geld- und Wechselcourse.	Undefined	no	Anzeige
rwk_mkhz_39091.xmi	1848	1840	mkhz.mainzerjournal	Geld- und Wechselcourse.	Undefined	no	Anzeige
rwk_mkhz_39291.xmi	1848	1840	mkhz.mainzerjournal	Undefined	Undefined	no	Nachrichten
rwk_mkhz_39521.xmi	1848	1840	mkhz.mainzerjournal	Undefined	Undefined	no	Nachrichten
rwk_mkhz_41311.xmi	1849	1840	mkhz.mainzerjournal	Undefined	Undefined	no	Nachrichten
rwk_mkhz_4142-1.xmi	1849	1840	mkhz.mainzerjournal	Undefined	Undefined	no	Kommentar
rwk_mkhz_4299-1.xmi	1849	1840	mkhz.mainzerjournal	Undefined	Undefined	no	Nachrichten
rwk_mkhz_4304-1.xmi	1849	1840	mkhz.mainzerjournal	Undefined	Undefined	no	Kommentar
rwk_mkhz_4387-1.xmi	1856	1850	mkhz.morgenblatt	Undefined	Undefined	no	Reisebericht/Brief
rwk_mkhz_45191.xmi	1856	1850	mkhz.morgenblatt	Undefined	Undefined	yes	Unsure
rwk_mkhz_4555-1.xmi	1856	1850	mkhz.morgenblatt	Undefined	Undefined	no	Reportage
rwk_mkhz_4561-1.xmi	1856	1850	mkhz.morgenblatt	Undefined	Undefined	no	Reisebericht/Brief
rwk_mkhz_501.xmi	1870	1870	mkhz.arbeitgeber	Undefined	Undefined	no	Nachrichten
rwk_mkhz_5010-1.xmi	1843	1840	mkhz.pfennig	Undefined	Undefined	no	Reportage
rwk_mkhz_50241.xmi	1843	1840	mkhz.pfennig	Mittelgegen das Nasenbluten.	Undefined	no	Reportage
rwk_mkhz_50981.xmi	1843	1840	mkhz.pfennig	Undefined	Undefined	no	Reportage
rwk_mkhz_5102-1.xmi	1843	1840	mkhz.pfennig	Undefined	Undefined	yes	Erzähltext
rwk_mkhz_5150-1.xmi	1843	1840	mkhz.pfennig	Der heilbringende Säbel. (Fortsetzung aus Nr.24.)	Undefined	yes	Erzähltext
rwk_mkhz_51691.xmi	1843	1840	mkhz.pfennig	Seltsames Ereigniss.	Undefined	no	Nachrichten
rwk_mkhz_52351.xmi	1843	1840	mkhz.pfennig	Die Schminke	Undefined	no	Reportage
rwk_mkhz_5285-1.xmi	1843	1840	mkhz.pfennig	Die Insel Hongkong.	Undefined	no	Reisebericht/Brief
rwk_mkhz_54541.xmi	1854	1850	mkhz.pfennig	Von der Jagd im Alterthume.	Undefined	yes	Reportage
rwk_mkhz_55101.xmi	1855	1850	mkhz.pfennig	Das Zwingli-Denkmal bei Cappel.	Undefined	no	Reportage
rwk_mkhz_5520-1.xmi	1855	1850	mkhz.pfennig	Undefined	Undefined	yes	Erzähltext
rwk_mkhz_55231.xmi	1855	1850	mkhz.pfennig	Hector Berlioz.	Undefined	no	Biographie
rwk_mkhz_55441.xmi	1855	1850	mkhz.pfennig	Der Hausen oder große Stör.	Undefined	no	Reportage
rwk_mkhz_55661.xmi	1855	1850	mkhz.pfennig	Undefined	Undefined	no	Reportage
rwk_mkhz_582-1.xmi	1847	1840	mkhz.auswanderer	Undefined	Undefined	no	Kommentar
rwk_mkhz_58261.xmi	1873	1870	mkhz.social	Der Polenflüchtling.	Lenau, Nicolaus	yes	Erzähltext
rwk_mkhz_5840-1.xmi	1873	1870	mkhz.social	Undefined	Undefined	yes	Erzähltext
rwk_mkhz_58481.xmi	1873	1870	mkhz.social	Undefined	Undefined	no	Unsure
rwk_mkhz_58491.xmi	1873	1870	mkhz.social	Undefined	Undefined	no	Unsure
rwk_mkhz_58621.xmi	1873	1870	mkhz.social	Englische Prdeiger und Landarbeiter.	Undefined	no	Reisebericht/Brief
rwk_mkhz_58781.xmi	1873	1870	mkhz.social	Disputation. Aus den 'Hebräischen Melodien'.	Heine, Heinrich	yes	Erzähltext
rwk_mkhz_58791.xmi	1873	1870	mkhz.social	Disputation	Heine, Heinrich	yes	Erzähltext
rwk_mkhz_58851.xmi	1873	1870	mkhz.social	Grundsätze, die durch die Konstitution gesichert sind.	Undefined	no	Nachrichten
rwk_mkhz_5893-1.xmi	1873	1870	mkhz.social	Die Frauenarbeit in Fabriken und die Auflösung der Familie.	Undefined	no	Reportage
rwk_mkhz_5928-1.xmi	1874	1870	mkhz.social	Undefined	Undefined	no	Erzähltext
rwk_mkhz_593-1.xmi	1847	1840	mkhz.auswanderer	Verordnung über Einwanderung.	Undefined	no	Nachrichten
rwk_mkhz_5958-1.xmi	1874	1870	mkhz.social	Undefined	Undefined	no	Kommentar
rwk_mkhz_59641.xmi	1874	1870	mkhz.social	Undefined	Freiligrath, Ferdinand 	no	Unsure
rwk_mkhz_5998-1.xmi	1874	1870	mkhz.social	Zehntes Kapitel. Erziehung.	Undefined	no	Reportage
rwk_mkhz_60121.xmi	1874	1870	mkhz.social	Ein bekehrter Pfaffe	Undefined	no	Erzähltext
rwk_mkhz_6047-1.xmi	1874	1870	mkhz.social	Undefined	Undefined	yes	Erzähltext
rwk_mkhz_60521.xmi	1874	1870	mkhz.social	Undefined	Undefined	no	Reportage
rwk_mkhz_60781.xmi	1874	1870	mkhz.social	Reise nach Ikarien	Cabet, Etienne	no	Reportage
rwk_mkhz_6081-1.xmi	1874	1870	mkhz.social	Undefined	Undefined	no	Reportage
rwk_mkhz_6109-1.xmi	1868	1860	mkhz.sonntagsblatt	Präsident Andrew Johnson und General Philipp H.Sheridan. (Schluß.)	Undefined	no	Reisebericht/Brief
rwk_mkhz_6115-1.xmi	1868	1860	mkhz.sonntagsblatt	Undefined	Undefined	no	Unsure
rwk_mkhz_6126-1.xmi	1868	1860	mkhz.sonntagsblatt	Undefined	Undefined	yes	Erzähltext
rwk_mkhz_6130-1.xmi	1868	1860	mkhz.sonntagsblatt	Undefined	Undefined	no	Biographie
rwk_mkhz_6131-1.xmi	1868	1860	mkhz.sonntagsblatt	Lose Blätter.	Undefined	no	Nachrichten
rwk_mkhz_6147-1.xmi	1868	1860	mkhz.sonntagsblatt	Undefined	Undefined	no	Biographie
rwk_mkhz_6166-1.xmi	1868	1860	mkhz.sonntagsblatt	Der Kamaschenteufel. Mein gewichtiger Landesvater.	Undefined	no	Unsure
rwk_mkhz_6177-1.xmi	1868	1860	mkhz.sonntagsblatt	Undefined	Undefined	yes	Erzähltext
rwk_mkhz_6186-1.xmi	1868	1860	mkhz.sonntagsblatt	Undefined	Undefined	no	Reportage
rwk_mkhz_6190-1.xmi	1868	1860	mkhz.sonntagsblatt	Undefined	Undefined	yes	Erzähltext
rwk_mkhz_62-1.xmi	1870	1870	mkhz.arbeitgeber	Beilage zum Arbeitgeber No. 676.	Undefined	no	Anzeige
rwk_mkhz_6205-1.xmi	1868	1860	mkhz.sonntagsblatt	Eine Heirath auf Wechsel	Undefined	yes	Erzähltext
rwk_mkhz_6260-1.xmi	1868	1860	mkhz.sonntagsblatt	Undefined	Undefined	no	Erzähltext
rwk_mkhz_6260-2.xmi	1868	1860	mkhz.sonntagsblatt	Undefined	Undefined	no	Kommentar
rwk_mkhz_6262-1.xmi	1868	1860	mkhz.sonntagsblatt	Undefined	Undefined	no	Reportage
rwk_mkhz_6263-1.xmi	1868	1860	mkhz.sonntagsblatt	Undefined	Undefined	no	Reportage
rwk_mkhz_6269-1.xmi	1868	1860	mkhz.sonntagsblatt	Undefined	Undefined	no	Reportage
rwk_mkhz_6274-1.xmi	1868	1860	mkhz.sonntagsblatt	Undefined	Undefined	yes	Erzähltext
rwk_mkhz_62771.xmi	1868	1860	mkhz.sonntagsblatt	Die blutige Maria	Mühlfeld, Julius	no	Unsure
rwk_mkhz_6281-1.xmi	1868	1860	mkhz.sonntagsblatt	Das Shakespeare-Jubiläum zu Stratford.	Hiltl, George	yes	Erzähltext
rwk_mkhz_6288-2.xmi	1868	1860	mkhz.sonntagsblatt	Undefined	Undefined	no	Kommentar
rwk_mkhz_6294-1.xmi	1868	1860	mkhz.sonntagsblatt	Undefined	Undefined	yes	Erzähltext
rwk_mkhz_6305-1.xmi	1868	1860	mkhz.sonntagsblatt	Zur Geschichte des Ringes. (Schluß.)	Undefined	no	Reportage
rwk_mkhz_6319-1.xmi	1869	1860	mkhz.sonntagsblatt	Undefined	Undefined	yes	Erzähltext
rwk_mkhz_63231.xmi	1869	1860	mkhz.sonntagsblatt	Die Kanone als Civilisationsmittel.	Undefined	no	Reportage
rwk_mkhz_6338-1.xmi	1868	1860	mkhz.sonntagsblatt	Die Lumpen und ihre Bedeutung.	Stumpff, Julius	no	Kommentar
rwk_mkhz_6347-1.xmi	1868	1860	mkhz.sonntagsblatt	Undefined	Undefined	no	Reportage
rwk_mkhz_6351-2.xmi	1868	1860	mkhz.sonntagsblatt	Undefined	Undefined	no	Reportage
rwk_mkhz_6360-1.xmi	1868	1860	mkhz.sonntagsblatt	Folgen einer Bedientenklatscherei: Aus den Erinnerungen des Lakaien Ferard. (Fortsetzung.)	Undefined	yes	Erzähltext
rwk_mkhz_6361-1.xmi	1868	1860	mkhz.sonntagsblatt	Undefined	Undefined	no	Reisebericht/Brief
rwk_mkhz_6367-1.xmi	1869	1860	mkhz.sonntagsblatt	Undefined	Undefined	no	Erzähltext
rwk_mkhz_6376-1.xmi	1868	1860	mkhz.sonntagsblatt	Undefined	Undefined	no	Kommentar
rwk_mkhz_63901.xmi	1868	1860	mkhz.sonntagsblatt	Undefined	Undefined	no	Reportage
rwk_mkhz_6396-1.xmi	1868	1860	mkhz.sonntagsblatt	Der Champignon.	Kummer, B.	no	Reportage
rwk_mkhz_6396-2.xmi	1868	1860	mkhz.sonntagsblatt	Undefined	Undefined	no	Reportage
rwk_mkhz_6563-1.xmi	1850	1850	mkhz.wiener	Oesterreich. Wien.	Undefined	no	Nachrichten
rwk_mkhz_75-1.xmi	1870	1870	mkhz.arbeitgeber	Undefined	Undefined	no	Nachrichten
rwk_mkhz_890-1.xmi	1852	1850	mkhz.auswandererzeitung	Undefined	Undefined	no	Nachrichten
rwk_mkhz_96-1.xmi	1870	1870	mkhz.arbeitgeber	Undefined	Undefined	no	Anzeige
