tok	normtok	lemma	pos	rfpos	sentstart	stwr	frame	speaker	intexpr	note
Das	Das	die	PDS	PRO.Dem.Subst.-.Nom.Sg.Neut	yes	-	-	-	-	-
war	war	sein	VAFIN	VFIN.Sein.3.Sg.Past.Ind	no	-	-	-	-	-
gerade	gerade	gerade	ADV	ADV	no	-	-	-	-	-
der	der	d	ART	ART.Def.Nom.Sg.Masc	no	-	-	-	-	-
Fehler	Fehler	Fehler	NN	N.Reg.Nom.Sg.Masc	no	-	-	-	-	-
der	der	d	ART	ART.Def.Gen.Pl.Masc	no	-	-	-	-	-
deutschen	deutschen	deutsch	ADJA	ADJA.Pos.Gen.Pl.Masc	no	-	-	-	-	-
Communisten	Kommunisten	Kommunist	NN	N.Reg.Gen.Pl.Masc	no	-	-	-	-	-
von	von	von	APPR	APPR.Dat	no	-	-	-	-	-
1848	1848	1848	CARD	CARD	no	-	-	-	-	-
,	,	,	$,	SYM.Pun.Comma	no	-	-	-	-	-
daß	daß	daß	KOUS	CONJ.SubFin.-	no	-	-	-	-	-
sie	sie	sie	PPER	PRO.Pers.Subst.3.Nom.Pl.*	no	-	-	-	-	-
von	von	von	APPR	APPR.Dat	no	-	-	-	-	-
der	der	d	ART	ART.Def.Dat.Sg.Fem	no	-	-	-	-	-
einfachen	einfachen	einfach	ADJA	ADJA.Pos.Dat.Sg.Fem	no	-	-	-	-	-
Aenderung	Änderung	Änderung	NN	N.Reg.Dat.Sg.Fem	no	-	-	-	-	-
der	der	d	ART	ART.Def.Gen.Sg.Fem	no	-	-	-	-	-
Staatsund	Staatsund	Staatsund	NN	N.Name.Nom.Sg.*	no	-	-	-	-	-
Gesellschafts	Gesellschafts	Gesellschaft	NN	N.Reg.Gen.Sg.Neut	no	-	-	-	-	-
formen	formen	formen	VVFIN	VFIN.Full.3.Pl.Pres.Ind	yes	-	-	-	-	-
die	die	d	ART	ART.Def.Acc.Sg.Fem	yes	-	-	-	-	-
radikale	radikale	radikal	ADJA	ADJA.Pos.Acc.Sg.Fem	no	-	-	-	-	-
Aenderung	Änderung	Änderung	NN	N.Reg.Acc.Sg.Fem	no	-	-	-	-	-
der	der	d	ART	ART.Def.Gen.Sg.Fem	no	-	-	-	-	-
Gesellschaft	Gesellschaft	Gesellschaft	NN	N.Reg.Gen.Sg.Fem	yes	-	-	-	-	-
erwarteten	erwarteten	erwarten	VVFIN	VFIN.Full.3.Pl.Past.Ind	yes	-	-	-	-	-
.	.	.	$.	SYM.Pun.Sent	no	-	-	-	-	-
Da	Da	da	KOUS	CONJ.SubFin.-	yes	-	-	-	-	-
diese	diese	diese	PDAT	PRO.Dem.Attr.-.Nom.Pl.Masc	no	-	-	-	-	-
Herren	Herren	Herr	NN	N.Reg.Nom.Pl.Masc	no	-	-	-	-	-
nun	nun	nun	ADV	ADV	no	-	-	-	-	-
bald	bald	bald	ADV	ADV	no	-	-	-	-	-
aus	aus	aus	APPR	APPR.Dat	no	-	-	-	-	-
ihrem	ihrem	ihr	PPOSAT	PRO.Poss.Attr.-.Dat.Sg.Masc	no	-	-	-	-	-
theoretischen	theoretischen	theoretisch	ADJA	ADJA.Pos.Dat.Sg.Masc	no	-	-	-	-	-
Himmel	Himmel	Himmel	NN	N.Reg.Dat.Sg.Masc	no	-	-	-	-	-
fielen	fielen	fallen	VVFIN	VFIN.Full.3.Pl.Past.Ind	no	-	-	-	-	-
,	,	,	$,	SYM.Pun.Comma	no	-	-	-	-	-
sind	sind	sein	VAFIN	VFIN.Sein.3.Pl.Pres.Ind	no	-	-	-	-	-
sie	sie	sie	PPER	PRO.Pers.Subst.3.Nom.Pl.*	no	-	-	-	-	-
meist	meist	meist	ADV	ADV	no	-	-	-	-	-
so	so	so	ADV	ADV	no	-	-	-	-	-
konfus	konfus	konfus	ADJD	ADJD.Pos	no	-	-	-	-	-
geworden	geworden	werden	VAPP	VPP.Aux.Psp	no	-	-	-	-	-
,	,	,	$,	SYM.Pun.Comma	no	-	-	-	-	-
daß	daß	daß	KOUS	CONJ.SubFin.-	no	-	-	-	-	-
sie	sie	sie	PPER	PRO.Pers.Subst.3.Nom.Pl.*	no	-	-	-	-	-
,	,	,	$,	SYM.Pun.Comma	no	-	-	-	-	-
den	den	d	ART	ART.Def.Acc.Sg.Masc	no	-	-	-	-	-
„	&quot;	&quot;	$(	N.Reg.Acc.Sg.Masc	no	-	-	-	-	-
rothen	roten	rot	ADJA	ADJA.Pos.Gen.Sg.Masc	no	-	-	-	-	-
Becker	Becker	Becker	NE	N.Name.Nom.Sg.Masc	no	-	-	-	-	-
“	&quot;	&quot;	$(	N.Name.*.*.*	no	-	-	-	-	-
an	an	an	APPR	APPR.An	no	-	-	-	-	-
der	der	d	ART	ART.Def.Dat.Sg.Fem	no	-	-	-	-	-
Spitze	Spitze	Spitze	NN	N.Reg.Dat.Sg.Fem	no	-	-	-	-	-
,	,	,	$,	SYM.Pun.Comma	no	-	-	-	-	-
der	der	d	ART	ART.Def.Dat.Sg.Fem	no	-	-	-	-	-
rothen	roten	rot	ADJA	ADJA.Pos.Dat.Sg.Fem	no	-	-	-	-	-
Reaktion	Reaktion	Reaktion	NN	N.Reg.Dat.Sg.Fem	no	-	-	-	-	-
in	in	in	APPR	APPR.In	no	-	-	-	-	-
die	die	d	ART	ART.Def.Acc.Pl.Masc	no	-	-	-	-	-
Arme	Arme	Arme	NN	N.Reg.Acc.Pl.Masc	no	-	-	-	-	-
eilten	eilten	eilen	VVFIN	VFIN.Full.3.Pl.Past.Ind	no	-	-	-	-	-
.	.	.	$.	SYM.Pun.Sent	no	-	-	-	-	-
Man	Man	man	PIS	PRO.Indef.Subst.-.Nom.Sg.*	yes	-	-	-	-	-
wollte	wollte	wollen	VMFIN	VFIN.Mod.3.Sg.Past.Ind	no	-	-	-	-	-
die	die	d	ART	ART.Def.Acc.Pl.Fem	no	-	-	-	-	-
Formen	Formen	Form	NN	N.Reg.Acc.Pl.Fem	no	-	-	-	-	-
ändern	ändern	ändern	VVINF	VINF.Full.-	no	-	-	-	-	-
;	;	;	$.	SYM.Pun.Sent	no	-	-	-	-	-
das	das	d	ART	ART.Def.Nom.Sg.Neut	no	-	-	-	-	-
Wesen	Wesen	Wesen	NN	N.Reg.Nom.Sg.Neut	no	-	-	-	-	-
der	der	d	ART	ART.Def.Gen.Sg.Fem	no	-	-	-	-	-
Gesellschaft	Gesellschaft	Gesellschaft	NN	N.Reg.Gen.Sg.Fem	no	-	-	-	-	-
sollte	sollte	sollen	VMFIN	VFIN.Mod.3.Sg.Past.Ind	no	-	-	-	-	-
sich	sich	sich	PRF	PRO.Refl.Subst.3.Acc.Sg.*	no	-	-	-	-	-
dann	dann	dann	ADV	ADV	no	-	-	-	-	-
sofort	sofort	sofort	ADV	ADV	no	-	-	-	-	-
den	den	d	ART	ART.Def.Dat.Pl.Fem	no	-	-	-	-	-
Formen	Formen	Form	NN	N.Reg.Dat.Pl.Fem	no	-	-	-	-	-
anpassen	anpassen	anpassen	VVINF	VINF.Full.-	no	-	-	-	-	-
und	und	und	KON	CONJ.Coord.-	no	-	-	-	-	-
dadurch	dadurch	dadurch	PAV	PROADV.Dem	no	-	-	-	-	-
geändert	geändert	ändern	VVPP	VPP.Full.Psp	no	-	-	-	-	-
sein	sein	sein	VAINF	VINF.Sein.-	no	-	-	-	-	-
.	.	.	$.	SYM.Pun.Sent	no	-	-	-	-	-
Auf	Auf	auf	APPR	APPR.Auf	yes	-	-	-	-	-
diese	diese	diese	PDAT	PRO.Dem.Attr.-.Acc.Sg.Fem	no	-	-	-	-	-
Theorie	Theorie	Theorie	NN	N.Reg.Acc.Sg.Fem	no	-	-	-	-	-
blicken	blicken	blicken	VVFIN	VFIN.Full.3.Pl.Pres.Ind	no	-	-	-	-	-
diejenigen	diejenigen	diejenige	PDS	PRO.Dem.Subst.-.Nom.Pl.*	no	-	-	-	-	-
,	,	,	$,	SYM.Pun.Comma	no	-	-	-	-	-
welche	welche	welche	PRELS	PRO.Rel.Subst.-.Acc.Pl.Fem	no	-	frame.1	speaker.1	-	-
fortwährend	fortwährend	fortwährend	ADJD	ADJD.Pos	no	-	frame.1	-	-	-
rufen	rufen	rufen	VVINF	VINF.Full.-	no	-	frame.1	-	intexpr.1	-
:	:	:	$.	SYM.Pun.Colon	no	-	frame.1	-	-	-
„	es	es	PPER	PRO.Pers.Subst.3.Acc.Sg.Neut	no	direct.speech.1	-	-	-	-
es	es	es	PPER	PRO.Pers.Subst.3.Nom.Sg.Neut	no	direct.speech.1	-	-	-	-
ist	ist	sein	VAFIN	VFIN.Sein.3.Sg.Pres.Ind	no	direct.speech.1	-	-	-	-
zu	zu	zu	PTKA	PART.Deg	no	direct.speech.1	-	-	-	-
früh	früh	früh	ADJD	ADJD.Pos	no	direct.speech.1	-	-	-	-
!	!	!	$.	SYM.Pun.Sent	no	direct.speech.1	-	-	-	-
“	&quot;	&quot;	$(	CARD	no	direct.speech.1	-	-	-	-
Wenn	Wenn	wenn	KOUS	CONJ.SubFin.-	yes	-	-	-	-	-
man	man	man	PIS	PRO.Indef.Subst.-.Nom.Sg.*	no	-	-	-	-	-
aber	aber	aber	ADV	ADV	no	-	-	-	-	-
vorzugsweise	vorzugsweise	vorzugsweise	ADJD	ADJD.Pos	no	-	-	-	-	-
,	,	,	$,	SYM.Pun.Comma	no	-	-	-	-	-
wie	wie	wie	PWAV	PROADV.Inter	no	-	-	-	-	-
es	es	es	PPER	PRO.Pers.Subst.3.Acc.Sg.Neut	no	-	-	-	-	-
ein	ein	eine	ART	ART.Indef.Nom.Sg.Masc	no	-	-	-	-	-
einsichtiger	einsichtiger	einsichtig	ADJA	ADJA.Pos.Nom.Sg.Masc	no	-	-	-	-	-
Socialist	Sozialist	Sozialist	NN	N.Reg.Nom.Sg.Masc	no	-	-	-	-	-
thun	tun	tun	VVINF	VINF.Full.-	no	-	-	-	-	-
soll	soll	sollen	VMFIN	VFIN.Mod.3.Sg.Pres.Ind	no	-	-	-	-	-
,	,	,	$,	SYM.Pun.Comma	no	-	-	-	-	-
auf	auf	auf	APPR	APPR.Auf	no	-	-	-	-	-
die	die	d	ART	ART.Def.Acc.Sg.Fem	no	-	-	-	-	-
Aenderung	Änderung	Änderung	NN	N.Reg.Acc.Sg.Fem	no	-	-	-	-	-
des	des	d	ART	ART.Def.Gen.Sg.Neut	no	-	-	-	-	-
Wesens	Wesens	Wesen	NN	N.Reg.Gen.Sg.Neut	yes	-	-	-	-	-
der	der	d	ART	ART.Def.Gen.Sg.Fem	yes	-	-	-	-	-
Gesellschaft	Gesellschaft	Gesellschaft	NN	N.Reg.Gen.Sg.Fem	no	-	-	-	-	-
das	das	d	ART	ART.Def.Acc.Sg.Neut	no	-	-	-	-	-
Hauptgewicht	Hauptgewicht	Hauptgewicht	NN	N.Reg.Acc.Sg.Neut	no	-	-	-	-	-
legt	legt	legen	VVFIN	VFIN.Full.3.Sg.Pres.Ind	no	-	-	-	-	-
,	,	,	$,	SYM.Pun.Comma	no	-	-	-	-	-
dann	dann	dann	ADV	ADV	no	-	-	-	-	-
ist	ist	sein	VAFIN	VFIN.Sein.3.Sg.Pres.Ind	no	-	-	-	-	-
der	der	d	ART	ART.Def.Nom.Sg.Masc	no	-	-	-	-	-
Anfang	Anfang	Anfang	NN	N.Reg.Nom.Sg.Masc	no	-	-	-	-	-
hierzu	hierzu	hierzu	PAV	PROADV.Dem	no	-	-	-	-	-
eher	eher	eher	ADV	ADV	no	-	-	-	-	-
zu	zu	zu	PTKA	PART.Deg	no	-	-	-	-	-
spät	spät	spät	ADJD	ADJD.Pos	no	-	-	-	-	-
,	,	,	$,	SYM.Pun.Comma	no	-	-	-	-	-
als	als	als	KOKOM	APPR.Als	no	-	-	-	-	-
zu	zu	zu	PTKA	PART.Deg	no	-	-	-	-	-
früh	früh	früh	ADJD	ADJD.Pos	no	-	-	-	-	-
.	.	.	$.	SYM.Pun.Sent	no	-	-	-	-	-
Die	Die	d	ART	ART.Def.Nom.Sg.Fem	yes	-	-	-	-	-
Aenderung	Änderung	Änderung	NN	N.Reg.Nom.Sg.Fem	no	-	-	-	-	-
der	der	d	ART	ART.Def.Gen.Sg.Fem	no	-	-	-	-	-
Produktionsweise	Produktionsweise	Produktionsweise	NN	N.Reg.Gen.Sg.Fem	no	-	-	-	-	-
,	,	,	$,	SYM.Pun.Comma	no	-	-	-	-	-
sie	sie	sie	PPER	PRO.Pers.Subst.3.Nom.Sg.Fem	yes	-	-	-	-	-
soll	soll	sollen	VMFIN	VFIN.Mod.3.Sg.Pres.Ind	no	-	-	-	-	-
angestrebt	angestrebt	anstreben	VVPP	VPP.Full.Psp	yes	-	-	-	-	-
werden	werden	werden	VAINF	VINF.Aux.-	yes	-	-	-	-	-
,	,	,	$,	SYM.Pun.Comma	no	-	-	-	-	-
angestrebt	angestrebt	anstreben	VVPP	ADJD.Pos	no	-	-	-	-	-
zugleich	zugleich	zugleich	ADV	ADV	no	-	-	-	-	-
mit	mit	mit	APPR	APPR.Dat	no	-	-	-	-	-
dem	dem	d	ART	ART.Def.Dat.Sg.Masc	no	-	-	-	-	-
freien	freien	frei	ADJA	ADJA.Pos.Dat.Sg.Masc	no	-	-	-	-	-
Volksstaat	Volksstaat	Volksstaat	NN	N.Reg.Dat.Sg.Masc	no	-	-	-	-	-
.	.	.	$.	SYM.Pun.Sent	no	-	-	-	-	-
Und	Und	und	KON	CONJ.Coord.-	yes	-	-	-	-	-
dieses	dieses	diese	PDAT	PRO.Dem.Attr.-.Nom.Sg.Neut	no	-	-	-	-	-
Anstreben	Anstreben	Anstreben	NN	N.Reg.Nom.Sg.Neut	no	-	-	-	-	-
sollte	sollte	sollen	VMFIN	VFIN.Mod.3.Sg.Past.Ind	no	-	-	-	-	-
zu	zu	zu	PTKA	PART.Deg	no	-	-	-	-	-
früh	früh	früh	ADJD	ADJD.Pos	no	-	-	-	-	-
sein	sein	sein	VAINF	VINF.Sein.-	no	-	-	-	-	-
?	?	?	$.	SYM.Pun.Sent	no	-	-	-	-	-
Wahrlich	Wahrlich	wahrlich	ADV	ADV	yes	-	-	-	-	-
nein	nein	nein	PTKANT	PART.Ans	no	-	-	-	-	-
,	,	,	$,	SYM.Pun.Comma	no	-	-	-	-	-
da	da	da	KOUS	CONJ.SubFin.-	no	-	-	-	-	-
in	in	in	APPR	APPR.In	no	-	-	-	-	-
demselben	demselben	demselben	PDAT	PRO.Dem.Subst.-.Dat.Sg.Neut	no	-	-	-	-	-
nicht	nicht	nicht	PTKNEG	PART.Neg	no	-	-	-	-	-
ein	ein	eine	ART	ART.Indef.Acc.Sg.Neut	no	-	-	-	-	-
plötzliches	plötzliches	plötzlich	ADJA	ADJA.Pos.Acc.Sg.Neut	no	-	-	-	-	-
Zertrümmern	Zertrümmern	Zertrümmern	NN	N.Reg.Acc.Sg.Neut	no	-	-	-	-	-
der	der	d	ART	ART.Def.Gen.Sg.Fem	no	-	-	-	-	-
heutigen	heutigen	heutig	ADJA	ADJA.Pos.Gen.Sg.Fem	no	-	-	-	-	-
Gesellschaft	Gesellschaft	Gesellschaft	NN	N.Reg.Gen.Sg.Fem	no	-	-	-	-	-
liegt	liegt	liegen	VVFIN	VFIN.Full.3.Sg.Pres.Ind	no	-	-	-	-	-
,	,	,	$,	SYM.Pun.Comma	no	-	-	-	-	-
sondern	sondern	sondern	KON	CONJ.Coord.-	no	-	-	-	-	-
ein	ein	eine	ART	ART.Indef.Nom.Sg.Neut	no	-	-	-	-	-
allmähliges	allmähliches	allmählich	ADJA	ADJA.Pos.Nom.Sg.Neut	no	-	-	-	-	-
Ueberführen	überführen	überführen	VVINF	VINF.Full.-	no	-	-	-	-	-
in	in	in	APPR	APPR.In	no	-	-	-	-	-
das	das	d	ART	ART.Def.Acc.Sg.Neut	no	-	-	-	-	-
Land	Land	Land	NN	N.Reg.Acc.Sg.Neut	no	-	-	-	-	-
der	der	d	ART	ART.Def.Gen.Sg.Fem	no	-	-	-	-	-
Freiheit	Freiheit	Freiheit	NN	N.Reg.Gen.Sg.Fem	no	-	-	-	-	-
und	und	und	KON	CONJ.Coord.-	no	-	-	-	-	-
der	der	d	ART	ART.Def.Gen.Sg.Fem	no	-	-	-	-	-
Bruderliebe	Bruderliebe	Bruderliebe	NN	N.Reg.Gen.Sg.Fem	no	-	-	-	-	-
.	.	.	$.	SYM.Pun.Sent	no	-	-	-	-	-
Es	Es	es	PPER	PRO.Pers.Subst.3.Nom.Sg.Neut	yes	-	-	-	-	-
ist	ist	sein	VAFIN	VFIN.Sein.3.Sg.Pres.Ind	no	-	-	-	-	-
ja	ja	ja	ADV	ADV	no	-	-	-	-	-
leicht	leicht	leicht	ADJD	ADJD.Pos	no	-	-	-	-	-
erklärlich	erklärlich	erklärlich	ADJD	ADJD.Pos	no	-	-	-	-	-
,	,	,	$,	SYM.Pun.Comma	no	-	-	-	-	-
daß	daß	daß	KOUS	CONJ.SubFin.-	no	-	-	-	-	-
die	die	d	ART	ART.Def.Nom.Sg.Fem	no	-	-	-	-	-
Klasse	Klasse	Klasse	NN	N.Reg.Nom.Sg.Fem	no	-	-	-	-	-
der	der	d	ART	ART.Def.Gen.Sg.Fem	no	-	-	-	-	-
Besitzenden	Besitzenden	Besitzende	NN	N.Reg.Gen.Sg.Fem	no	-	-	-	-	-
theils	teils	teils	ADV	ADV	no	-	-	-	-	-
aus	aus	aus	APPR	APPR.Dat	no	-	-	-	-	-
Unkenntniß	Unkenntnis	Unkenntnis	NN	N.Reg.Dat.Sg.Fem	no	-	-	-	-	-
,	,	,	$,	SYM.Pun.Comma	no	-	-	-	-	-
theils	teils	teils	ADV	ADV	no	-	-	-	-	-
aus	aus	aus	APPR	APPR.Dat	no	-	-	-	-	-
Bosheit	Bosheit	Bosheit	NN	N.Reg.Dat.Sg.Fem	no	-	-	-	-	-
dieses	dieses	diese	PDAT	PRO.Dem.Attr.-.Acc.Sg.Neut	no	-	-	-	-	-
allmählige	allmähliche	allmählich	ADJA	ADJA.Pos.Acc.Sg.Neut	no	-	-	-	-	-
Ueberführen	überführen	überführen	VVINF	VINF.Full.-	no	-	-	-	-	-
für	für	für	APPR	APPR.Acc	no	-	-	-	-	-
eine	eine	eine	ART	ART.Indef.Acc.Sg.Fem	no	-	-	-	-	-
Unmöglichkeit	Unmöglichkeit	Unmöglichkeit	NN	N.Reg.Acc.Sg.Fem	no	-	-	-	-	-
ausgiebt	ausgibt	ausgeben	VVFIN	VFIN.Full.3.Sg.Pres.Ind	no	-	-	-	-	-
--	--	--	$(	N.Name.Nom.Sg.*	no	-	-	-	-	-
es	es	es	PPER	PRO.Pers.Subst.3.Acc.Sg.Neut	no	-	-	-	-	-
streitet	streitet	streiten	VVFIN	VFIN.Full.3.Sg.Pres.Ind	no	-	-	-	-	-
ja	ja	ja	ADV	ADV	no	-	-	-	-	-
immer	immer	immer	ADV	ADV	no	-	-	-	-	-
noch	noch	noch	ADV	ADV	no	-	-	-	-	-
gegen	gegen	gegen	APPR	APPR.Acc	no	-	-	-	-	-
ihr	ihr	ihr	PPOSAT	PRO.Poss.Attr.-.Acc.Sg.Neut	no	-	-	-	-	-
Klasseninteresse	Klasseninteresse	Klasseninteresse	NN	N.Reg.Acc.Sg.Neut	no	-	-	-	-	-
;	;	;	$.	SYM.Pun.Sent	no	-	-	-	-	-
auch	auch	auch	ADV	ADV	no	-	-	-	-	-
ist	ist	sein	VAFIN	VFIN.Sein.3.Sg.Pres.Ind	no	-	-	-	-	-
es	es	es	PPER	PRO.Pers.Subst.3.Nom.Sg.Neut	no	-	-	-	-	-
wiederum	wiederum	wiederum	ADV	ADV	no	-	-	-	-	-
leicht	leicht	leicht	ADJD	ADJD.Pos	no	-	-	-	-	-
erkärlich	erkerlich	erkerlich	ADJD	ADJD.Pos	no	-	-	-	-	-
,	,	,	$,	SYM.Pun.Comma	no	-	-	-	-	-
warum	warum	warum	PWAV	PROADV.Inter	no	-	-	-	-	-
eben	eben	eben	ADV	ADV	no	-	-	-	-	-
diese	diese	diese	PDAT	PRO.Dem.Attr.-.Acc.Sg.Fem	no	-	-	-	-	-
Klasse	Klasse	Klasse	NN	N.Reg.Acc.Sg.Fem	no	-	-	-	-	-
die	die	d	ART	ART.Def.Nom.Pl.Masc	no	-	-	-	-	-
leichtgläubigen	leichtgläubigen	leichtgläubig	ADJA	ADJA.Pos.Nom.Pl.Masc	no	-	-	-	-	-
und	und	und	KON	CONJ.Coord.-	no	-	-	-	-	-
thörichten	törichten	töricht	ADJA	ADJA.Pos.Nom.Pl.Masc	no	-	-	-	-	-
Menschen	Menschen	Mensch	NN	N.Reg.Nom.Pl.Masc	no	-	-	-	-	-
anderer	anderer	ander	ADJA	ADJA.Pos.Gen.Pl.Fem	no	-	-	-	-	-
Klassen	Klassen	Klasse	NN	N.Reg.Gen.Pl.Fem	no	-	-	-	-	-
dadurch	dadurch	dadurch	PAV	PROADV.Dem	no	-	-	-	-	-
zu	zu	zu	PTKZU	PART.Zu	no	-	-	-	-	-
schrecken	schrecken	schrecken	VVFIN	VINF.Full.-	no	-	-	-	-	-
sucht	sucht	suchen	VVFIN	VFIN.Full.3.Sg.Pres.Ind	no	-	-	-	-	-
,	,	,	$,	SYM.Pun.Comma	no	-	-	-	-	-
daß	daß	daß	KOUS	CONJ.SubFin.-	no	reported.speech.2	-	-	-	-
sie	sie	sie	PPER	PRO.Pers.Subst.3.Nom.Sg.Fem	no	reported.speech.2	-	speaker.2	-	-
den	den	d	ART	ART.Def.Acc.Sg.Masc	no	reported.speech.2	-	-	-	-
Socialismus	Sozialismus	Sozialismus	NN	N.Reg.Acc.Sg.Masc	no	reported.speech.2	-	-	-	-
für	für	für	APPR	APPR.Acc	no	reported.speech.2	-	-	-	-
die	die	d	ART	ART.Def.Acc.Sg.Fem	no	reported.speech.2	-	-	-	-
Ausgeburt	Ausgeburt	Ausgeburt	NN	N.Reg.Acc.Sg.Fem	no	reported.speech.2	-	-	-	-
der	der	d	ART	ART.Def.Gen.Sg.Fem	no	reported.speech.2	-	-	-	-
Hölle	Hölle	Hölle	NN	N.Reg.Gen.Sg.Fem	no	reported.speech.2	-	-	-	-
ausschreit	ausschreit	ausschreien	VVFIN	VFIN.Full.3.Sg.Pres.Ind	no	reported.speech.2	-	-	intexpr.2	-
,	,	,	$,	SYM.Pun.Comma	no	reported.speech.2	-	-	-	-
für	für	für	APPR	APPR.Acc	no	reported.speech.2	-	-	-	-
ein	ein	eine	ART	ART.Indef.Acc.Sg.Neut	no	reported.speech.2	-	-	-	-
Ungethüm	Ungetüm	Ungetüm	NN	N.Reg.Acc.Sg.Neut	no	reported.speech.2	-	-	-	-
,	,	,	$,	SYM.Pun.Comma	no	reported.speech.2	-	-	-	-
welches	welches	welches	PWAT	PRO.Rel.Subst.-.Nom.Sg.Neut	no	reported.speech.2	-	-	-	-
Mord	Mord	Mord	NN	N.Reg.Acc.Sg.Masc	no	reported.speech.2	-	-	-	-
,	,	,	$,	SYM.Pun.Comma	no	reported.speech.2	-	-	-	-
Raub	Raub	Raub	NN	N.Reg.Acc.Sg.Masc	no	reported.speech.2	-	-	-	-
,	,	,	$,	SYM.Pun.Comma	no	reported.speech.2	-	-	-	-
Unzucht	Unzucht	Unzucht	NN	N.Reg.Acc.Sg.Fem	no	reported.speech.2	-	-	-	-
,	,	,	$,	SYM.Pun.Comma	no	reported.speech.2	-	-	-	-
Brand	Brand	Brand	NN	N.Reg.Acc.Sg.Masc	no	reported.speech.2	-	-	-	-
und	und	und	KON	CONJ.Coord.-	no	reported.speech.2	-	-	-	-
--	--	--	$(	FM	no	reported.speech.2	-	-	-	-
Petroleum	Petroleum	petroleum	FM	FM	no	reported.speech.2	-	-	-	-
auswirft	auswirft	auswerfen	VVFIN	VFIN.Full.3.Sg.Pres.Ind	no	reported.speech.2	-	-	-	-
--	--	--	$(	FM	no	-	-	-	-	-
dies	dies	diese	PDS	PRO.Dem.Subst.-.Nom.Sg.Neut	no	-	-	-	-	-
liegt	liegt	liegen	VVFIN	VFIN.Full.3.Sg.Pres.Ind	no	-	-	-	-	-
ja	ja	ja	ADV	ADV	no	-	-	-	-	-
wiederum	wiederum	wiederum	ADV	ADV	no	-	-	-	-	-
in	in	in	APPR	APPR.In	no	-	-	-	-	-
ihrem	ihrem	ihr	PPOSAT	PRO.Poss.Attr.-.Dat.Sg.Neut	no	-	-	-	-	-
Jnteresse	Interesse	Interesse	NN	N.Reg.Dat.Sg.Neut	no	-	-	-	-	-
.	.	.	$.	SYM.Pun.Sent	no	-	-	-	-	-
Aber	Aber	aber	KON	CONJ.Coord.Aber	yes	-	-	-	-	-
nicht	nicht	nicht	PTKNEG	PART.Neg	no	-	-	-	-	-
so	so	so	ADV	ADV	no	-	-	-	-	-
leicht	leicht	leicht	ADJD	ADJD.Pos	no	-	-	-	-	-
ist	ist	sein	VAFIN	VFIN.Sein.3.Sg.Pres.Ind	no	-	-	-	-	-
es	es	es	PPER	PRO.Pers.Subst.3.Nom.Sg.Neut	no	-	-	-	-	-
erklärlich	erklärlich	erklärlich	ADJD	ADJD.Pos	no	-	-	-	-	-
,	,	,	$,	SYM.Pun.Comma	no	-	-	-	-	-
weshalb	weshalb	weshalb	PWAV	PROADV.Inter	no	-	-	-	-	-
die	die	d	ART	ART.Def.Nom.Pl.Masc	no	-	-	-	-	-
Arbeiter	Arbeiter	Arbeiter	NN	N.Reg.Nom.Pl.Masc	no	-	-	-	-	-
,	,	,	$,	SYM.Pun.Comma	no	-	-	-	-	-
besonders	besonders	besonders	ADV	ADV	no	-	-	-	-	-
die	die	d	ART	ART.Def.Nom.Pl.Fem	no	-	-	-	-	-
Frauen	Frauen	Frau	NN	N.Reg.Nom.Pl.Fem	no	-	-	-	-	-
derselben	derselben	dieselbe	PDAT	PRO.Dem.Attr.-.Gen.Sg.Fem	no	-	-	-	-	-
,	,	,	$,	SYM.Pun.Comma	no	-	-	-	-	-
weshalb	weshalb	weshalb	PWAV	PROADV.Inter	no	-	-	-	-	-
die	die	d	ART	ART.Def.Nom.Pl.Masc	no	-	-	-	-	-
Handwerksmeister	Handwerksmeister	Handwerksmeister	NN	N.Reg.Nom.Pl.Masc	no	-	-	-	-	-
,	,	,	$,	SYM.Pun.Comma	no	-	-	-	-	-
die	die	d	ART	ART.Def.Nom.Pl.Masc	no	-	-	-	-	-
niedern	niederen	nieder	ADJA	ADJA.Pos.Nom.Pl.Masc	no	-	-	-	-	-
Beamten	Beamten	Beamte	NN	N.Reg.Nom.Pl.Masc	no	-	-	-	-	-
sich	sich	sich	PRF	PRO.Refl.Subst.3.Acc.Pl.*	no	-	-	-	-	-
also	also	also	ADV	ADV	no	-	-	-	-	-
täuschen	täuschen	täuschen	VVINF	VINF.Full.-	no	-	-	-	-	-
lassen	lassen	lassen	VVINF	VINF.Full.-	no	-	-	-	-	-
--	--	--	$(	FM	no	-	-	-	-	-
diese	diese	diese	PDAT	PRO.Dem.Attr.-.Nom.Sg.Fem	no	-	-	-	-	-
Täuschung	Täuschung	Täuschung	NN	N.Reg.Nom.Sg.Fem	no	-	-	-	-	-
ist	ist	sein	VAFIN	VFIN.Sein.3.Sg.Pres.Ind	no	-	-	-	-	-
direkt	direkt	direkt	ADJD	ADJD.Pos	no	-	-	-	-	-
gegen	gegen	gegen	APPR	APPR.Acc	no	-	-	-	-	-
ihr	ihr	ihr	PPOSAT	PRO.Poss.Attr.-.Acc.Sg.Neut	no	-	-	-	-	-
Jnteresse	Interesse	Interesse	NN	N.Reg.Acc.Sg.Neut	no	-	-	-	-	-
gerichtet	gerichtet	richten	VVPP	VPP.Full.Psp	no	-	-	-	-	-
.	.	.	$.	SYM.Pun.Sent	no	-	-	-	-	-
Es	Es	es	PPER	PRO.Pers.Subst.3.Nom.Sg.Neut	yes	-	-	-	-	-
ist	ist	sein	VAFIN	VFIN.Sein.3.Sg.Pres.Ind	no	-	-	-	-	-
nicht	nicht	nicht	PTKNEG	PART.Neg	no	-	-	-	-	-
allein	allein	allein	ADV	ADV	no	-	-	-	-	-
möglich	möglich	möglich	ADJD	ADJD.Pos	yes	-	-	-	-	-
,	,	,	$,	SYM.Pun.Comma	no	-	-	-	-	-
daß	daß	daß	KOUS	CONJ.SubFin.-	yes	-	-	-	-	-
die	die	d	ART	ART.Def.Nom.Sg.Fem	no	-	-	-	-	-
socialistische	sozialistische	sozialistisch	ADJA	ADJA.Pos.Nom.Sg.Fem	no	-	-	-	-	-
Gesellschaft	Gesellschaft	Gesellschaft	NN	N.Reg.Nom.Sg.Fem	no	-	-	-	-	-
an	an	an	APPR	APPR.An	no	-	-	-	-	-
Stelle	Stelle	Stelle	NN	N.Reg.Dat.Sg.Fem	no	-	-	-	-	-
der	der	d	ART	ART.Def.Gen.Sg.Fem	no	-	-	-	-	-
jetzigen	jetzigen	jetzig	ADJA	ADJA.Pos.Gen.Sg.Fem	no	-	-	-	-	-
kapitalistischen	kapitalistischen	kapitalistisch	ADJA	ADJA.Pos.Gen.Sg.Fem	no	-	-	-	-	-
tritt	tritt	treten	VVFIN	VFIN.Full.3.Sg.Pres.Ind	no	-	-	-	-	-
,	,	,	$,	SYM.Pun.Comma	no	-	-	-	-	-
sondern	sondern	sondern	KON	CONJ.Coord.-	no	-	-	-	-	-
dies	dies	diese	PDS	PRO.Dem.Subst.-.Nom.Sg.Neut	no	-	-	-	-	-
ist	ist	sein	VAFIN	VFIN.Sein.3.Sg.Pres.Ind	no	-	-	-	-	-
eine	eine	eine	ART	ART.Indef.Nom.Sg.Fem	no	-	-	-	-	-
kulturhistorische	kulturhistorische	kulturhistorisch	ADJA	ADJA.Pos.Nom.Sg.Fem	yes	-	-	-	-	-
Nothwendigkeit	Notwendigkeit	Notwendigkeit	NN	N.Reg.Nom.Sg.Fem	no	-	-	-	-	-
,	,	,	$,	SYM.Pun.Comma	no	-	-	-	-	-
gegen	gegen	gegen	APPR	APPR.Acc	yes	-	-	-	-	-
welche	welche	welche	PRELS	PRO.Rel.Subst.-.Acc.Sg.Fem	no	-	-	-	-	-
der	der	d	ART	ART.Def.Nom.Sg.Masc	no	-	-	-	-	-
Kampf	Kampf	Kampf	NN	N.Reg.Nom.Sg.Masc	no	-	-	-	-	-
ein	ein	eine	ART	ART.Indef.Acc.Sg.Neut	no	-	-	-	-	-
vollständig	vollständig	vollständig	ADJD	ADJD.Pos	no	-	-	-	-	-
verlorener	verlorener	verlieren	ADJD	ADJD.Comp	no	-	-	-	-	-
ist	ist	sein	VAFIN	VFIN.Sein.3.Sg.Pres.Ind	no	-	-	-	-	-
,	,	,	$,	SYM.Pun.Comma	no	-	-	-	-	-
wenngleich	wenngleich	wenngleich	KOUS	CONJ.SubFin.-	no	-	-	-	-	-
die	die	d	ART	ART.Def.Nom.Sg.Fem	no	-	-	-	-	-
kapitalistische	kapitalistische	kapitalistisch	ADJA	ADJA.Pos.Nom.Sg.Fem	no	-	-	-	-	-
Gesellschaft	Gesellschaft	Gesellschaft	NN	N.Reg.Nom.Sg.Fem	no	-	-	-	-	-
ihre	ihre	ihr	PPOSAT	PRO.Poss.Attr.-.Acc.Sg.Fem	no	-	-	-	-	-
ganze	ganze	ganz	ADJA	ADJA.Pos.Acc.Sg.Fem	no	-	-	-	-	-
Macht	Macht	Macht	NN	N.Reg.Acc.Sg.Fem	no	-	-	-	-	-
in	in	in	APPR	APPR.In	no	-	-	-	-	-
ihrer	ihrer	ihr	PPOSAT	PRO.Poss.Attr.-.Dat.Sg.Fem	no	-	-	-	-	-
Todesangst	Todesangst	Todesangst	NN	N.Reg.Dat.Sg.Fem	no	-	-	-	-	-
in	in	in	APPR	APPR.In	no	-	-	-	-	-
das	das	d	ART	ART.Def.Acc.Sg.Neut	no	-	-	-	-	-
Feld	Feld	Feld	NN	N.Reg.Acc.Sg.Neut	no	-	-	-	-	-
führt	führt	führen	VVFIN	VFIN.Full.3.Sg.Pres.Ind	no	-	-	-	-	-
.	.	.	$.	SYM.Pun.Sent	no	-	-	-	-	-
Man	Man	man	PIS	PRO.Indef.Subst.-.Nom.Sg.*	yes	-	frame.3	speaker.3	-	-
würde	würde	werden	VAFIN	VFIN.Aux.3.Sg.Past.Subj	no	-	frame.3	-	-	-
nun	nun	nun	ADV	ADV	no	-	frame.3	-	-	-
vielleicht	vielleicht	vielleicht	ADV	ADV	no	-	frame.3	-	-	-
noch	noch	noch	ADV	ADV	no	-	frame.3	-	-	-
einwerfen	einwerfen	einwerfen	VVINF	VINF.Full.-	no	-	frame.3	-	intexpr.3	-
,	,	,	$,	SYM.Pun.Comma	no	-	frame.3	-	-	-
daß	daß	daß	KOUS	CONJ.SubFin.-	no	indirect.speech.3.nonfact	-	-	-	-
ein	ein	eine	ART	ART.Indef.Nom.Sg.Neut	no	indirect.speech.3.nonfact	-	-	-	-
Eingreifen	Eingreifen	Eingreifen	NN	N.Reg.Nom.Sg.Neut	no	indirect.speech.3.nonfact	-	-	-	-
in	in	in	APPR	APPR.In	no	indirect.speech.3.nonfact	-	-	-	-
das	das	d	ART	ART.Def.Acc.Sg.Neut	no	indirect.speech.3.nonfact	-	-	-	-
Rad	Rad	Rad	NN	N.Reg.Acc.Sg.Neut	no	indirect.speech.3.nonfact	-	-	-	-
der	der	d	ART	ART.Def.Gen.Sg.Fem	no	indirect.speech.3.nonfact	-	-	-	-
Geschichte	Geschichte	Geschichte	NN	N.Reg.Gen.Sg.Fem	no	indirect.speech.3.nonfact	-	-	-	-
,	,	,	$,	SYM.Pun.Comma	no	indirect.speech.3.nonfact	-	-	-	-
wenn	wenn	wenn	KOUS	CONJ.SubFin.-	no	indirect.speech.3.nonfact	-	-	-	-
die	die	d	ART	ART.Def.Nom.Sg.Fem	no	indirect.speech.3.nonfact	-	-	-	-
Aenderung	Änderung	Änderung	NN	N.Reg.Nom.Sg.Fem	no	indirect.speech.3.nonfact	-	-	-	-
der	der	d	ART	ART.Def.Gen.Sg.Fem	no	indirect.speech.3.nonfact	-	-	-	-
Gesellschaft	Gesellschaft	Gesellschaft	NN	N.Reg.Gen.Sg.Fem	no	indirect.speech.3.nonfact	-	-	-	-
eine	eine	eine	ART	ART.Indef.Nom.Sg.Fem	no	indirect.speech.3.nonfact	-	-	-	-
Nothwendigkeit	Notwendigkeit	Notwendigkeit	NN	N.Reg.Nom.Sg.Fem	no	indirect.speech.3.nonfact	-	-	-	-
geworden	geworden	werden	VAPP	VPP.Aux.Psp	no	indirect.speech.3.nonfact	-	-	-	-
,	,	,	$,	SYM.Pun.Comma	no	indirect.speech.3.nonfact	-	-	-	-
mindestens	mindestens	mindestens	ADV	ADV	no	indirect.speech.3.nonfact	-	-	-	-
überflüssig	überflüssig	überflüssig	ADJD	ADJD.Pos	no	indirect.speech.3.nonfact	-	-	-	-
sei	sei	sein	VAFIN	VFIN.Sein.3.Sg.Pres.Subj	no	indirect.speech.3.nonfact	-	-	-	-
.	.	.	$.	SYM.Pun.Sent	no	indirect.speech.3.nonfact	-	-	-	-
--	--	--	$(	N.Reg.Acc.Sg.Neut	yes	-	-	-	-	-
Nun	Nun	nun	ADV	ADV	no	-	-	-	-	-
,	,	,	$,	SYM.Pun.Comma	no	-	-	-	-	-
überflüssig	überflüssig	überflüssig	ADJD	ADJD.Pos	no	-	-	-	-	-
ist	ist	sein	VAFIN	VFIN.Sein.3.Sg.Pres.Ind	no	-	-	-	-	-
das	das	d	ART	ART.Def.Nom.Sg.Neut	no	-	-	-	-	-
Eingreifen	Eingreifen	Eingreifen	NN	N.Reg.Nom.Sg.Neut	no	-	-	-	-	-
auch	auch	auch	ADV	ADV	no	-	-	-	-	-
insofern	insofern	insofern	ADV	ADV	no	-	-	-	-	-
,	,	,	$,	SYM.Pun.Comma	no	-	-	-	-	-
als	als	als	KOUS	CONJ.SubFin.-	no	-	-	-	-	-
das	das	d	ART	ART.Def.Nom.Sg.Neut	no	-	-	-	-	-
Rad	Rad	Rad	NN	N.Reg.Nom.Sg.Neut	no	-	-	-	-	-
doch	doch	doch	ADV	ADV	no	-	-	-	-	-
zum	zum	zum	APPRART	APPRART.Dat.Sg.Neut	no	-	-	-	-	-
Ziele	Ziele	Ziel	NN	N.Reg.Dat.Sg.Neut	no	-	-	-	-	-
rollt	rollt	rollen	VVFIN	VFIN.Full.3.Sg.Pres.Ind	no	-	-	-	-	-
;	;	;	$.	SYM.Pun.Sent	no	-	-	-	-	-
aber	aber	aber	ADV	CONJ.Coord.Aber	no	-	-	-	-	-
nicht	nicht	nicht	PTKNEG	PART.Neg	yes	-	-	-	-	-
überflüssig	überflüssig	überflüssig	ADJD	ADJD.Pos	yes	-	-	-	-	-
ist	ist	sein	VAFIN	VFIN.Sein.3.Sg.Pres.Ind	no	-	-	-	-	-
das	das	d	ART	ART.Def.Nom.Sg.Neut	no	-	-	-	-	-
Eingreifen	Eingreifen	Eingreifen	NN	N.Reg.Nom.Sg.Neut	no	-	-	-	-	-
,	,	,	$,	SYM.Pun.Comma	no	-	-	-	-	-
weil	weil	weil	KOUS	CONJ.SubFin.-	no	-	-	-	-	-
dadurch	dadurch	dadurch	PAV	PROADV.Dem	no	-	-	-	-	-
das	das	d	ART	ART.Def.Nom.Sg.Neut	no	-	-	-	-	-
Rad	Rad	Rad	NN	N.Reg.Nom.Sg.Neut	no	-	-	-	-	-
nicht	nicht	nicht	PTKNEG	PART.Neg	no	-	-	-	-	-
allein	allein	allein	ADV	ADV	no	-	-	-	-	-
schneller	schneller	schnell	ADJD	ADJD.Comp	yes	-	-	-	-	-
,	,	,	$,	SYM.Pun.Comma	no	-	-	-	-	-
sondern	sondern	sondern	KON	CONJ.Coord.-	yes	-	-	-	-	-
auch	auch	auch	ADV	ADV	no	-	-	-	-	-
geregelter	geregelter	geregelt	ADJA	ADJD.Comp	yes	-	-	-	-	-
das	das	d	ART	ART.Def.Nom.Sg.Neut	yes	-	-	-	-	-
Ziel	Ziel	Ziel	NN	N.Reg.Nom.Sg.Neut	no	-	-	-	-	-
erreicht	erreicht	erreichen	VVPP	VPP.Full.Psp	no	-	-	-	-	-
.	.	.	$.	SYM.Pun.Sent	no	-	-	-	-	-
Schneller	Schneller	schnell	ADJD	ADJD.Comp	yes	-	-	-	-	-
durch	durch	durch	APPR	APPR.Acc	no	-	-	-	-	-
das	das	d	ART	ART.Def.Acc.Sg.Neut	no	-	-	-	-	-
Eingreifen	Eingreifen	Eingreifen	NN	N.Reg.Acc.Sg.Neut	no	-	-	-	-	-
aller	aller	alle	PIAT	PRO.Indef.Attr.-.Gen.Pl.Masc	no	-	-	-	-	-
Menschen	Menschen	Mensch	NN	N.Reg.Gen.Pl.Masc	no	-	-	-	-	-
,	,	,	$,	SYM.Pun.Comma	no	-	-	-	-	-
die	die	die	PRELS	PRO.Rel.Subst.-.Nom.Pl.Masc	no	-	-	-	-	-
nicht	nicht	nicht	PTKNEG	PART.Neg	no	-	-	-	-	-
zur	zur	zur	APPRART	APPRART.Dat.Sg.Fem	no	-	-	-	-	-
Klasse	Klasse	Klasse	NN	N.Reg.Dat.Sg.Fem	no	-	-	-	-	-
der	der	d	ART	ART.Def.Gen.Sg.Fem	no	-	-	-	-	-
kapitalistischen	kapitalistischen	kapitalistisch	ADJA	ADJA.Pos.Gen.Sg.Fem	no	-	-	-	-	-
Ausbeutung	Ausbeutung	Ausbeutung	NN	N.Reg.Gen.Sg.Fem	no	-	-	-	-	-
gehören	gehören	gehören	VVFIN	VFIN.Full.3.Pl.Pres.Ind	no	-	-	-	-	-
,	,	,	$,	SYM.Pun.Comma	no	-	-	-	-	-
geregelter	geregelter	geregelt	ADJA	ADJD.Comp	no	-	-	-	-	-
aber	aber	aber	ADV	ADV	no	-	-	-	-	-
,	,	,	$,	SYM.Pun.Comma	no	-	-	-	-	-
weil	weil	weil	KOUS	CONJ.SubFin.-	no	-	-	-	-	-
durch	durch	durch	APPR	APPR.Acc	no	-	-	-	-	-
die	die	d	ART	ART.Def.Acc.Sg.Fem	no	-	-	-	-	-
Arbeit	Arbeit	Arbeit	NN	N.Reg.Acc.Sg.Fem	no	-	-	-	-	-
zum	zum	zum	APPRART	APPRART.Dat.Sg.Neut	no	-	-	-	-	-
Wohle	Wohle	Wohl	NN	N.Reg.Dat.Sg.Neut	no	-	-	-	-	-
der	der	d	ART	ART.Def.Gen.Sg.Fem	no	-	-	-	-	-
Gesammtheit	Gesamtheit	Gesamtheit	NN	N.Reg.Gen.Sg.Fem	no	-	-	-	-	-
Herz	Herz	Herz	NN	N.Reg.Nom.Sg.Neut	no	-	-	-	-	-
und	und	und	KON	CONJ.Coord.-	no	-	-	-	-	-
Verstand	Verstand	Verstand	NN	N.Reg.Nom.Sg.Masc	no	-	-	-	-	-
geläutert	geläutert	läutern	VVPP	VPP.Full.Psp	no	-	-	-	-	-
werden	werden	werden	VAINF	VINF.Aux.-	no	-	-	-	-	-
,	,	,	$,	SYM.Pun.Comma	no	-	-	-	-	-
und	und	und	KON	CONJ.Coord.-	no	-	-	-	-	-
die	die	d	ART	ART.Def.Nom.Sg.Fem	no	-	-	-	-	-
Menschheit	Menschheit	Menschheit	NN	N.Reg.Nom.Sg.Fem	no	-	-	-	-	-
sich	sich	sich	PRF	PRO.Refl.Subst.3.Acc.Sg.*	yes	-	-	-	-	-
selbst	selbst	selbst	ADV	ADV	no	-	-	-	-	-
nach	nach	nach	APPR	ADV	yes	-	-	-	-	-
und	und	und	KON	CONJ.Coord.-	no	-	-	-	-	-
nach	nach	nach	APPR	ADV	no	-	-	-	-	-
befähigt	befähigt	befähigen	VVPP	VFIN.Full.3.Sg.Pres.Ind	yes	-	-	-	-	-
,	,	,	$,	SYM.Pun.Comma	no	-	-	-	-	-
einem	einem	eine	ART	ART.Indef.Dat.Sg.Masc	yes	-	-	-	-	-
socialistischen	sozialistischen	sozialistisch	ADJA	ADJA.Pos.Dat.Sg.Masc	no	-	-	-	-	-
Staate	Staate	Staat	NN	N.Reg.Dat.Sg.Masc	no	-	-	-	-	-
anzugehören	anzugehören	angehören	VVIZU	VINF.Full.zu	no	-	-	-	-	-
.	.	.	$.	SYM.Pun.Sent	no	-	-	-	-	-
Gerade	Gerade	gerade	ADV	ADV	yes	-	-	-	-	-
durch	durch	durch	APPR	APPR.Acc	no	-	-	-	-	-
den	den	d	ART	ART.Def.Acc.Sg.Masc	no	-	-	-	-	-
langen	langen	lang	ADJA	ADJA.Pos.Acc.Sg.Masc	no	-	-	-	-	-
Kulturkampf	Kulturkampf	Kulturkampf	NN	N.Reg.Acc.Sg.Masc	no	-	-	-	-	-
,	,	,	$,	SYM.Pun.Comma	no	-	-	-	-	-
der	der	die	PRELS	PRO.Rel.Subst.-.Nom.Sg.Masc	no	-	-	-	-	-
in	in	in	APPR	APPR.In	no	-	-	-	-	-
der	der	d	ART	ART.Def.Dat.Sg.Fem	no	-	-	-	-	-
Aenderung	Änderung	Änderung	NN	N.Reg.Dat.Sg.Fem	no	-	-	-	-	-
der	der	d	ART	ART.Def.Gen.Sg.Fem	no	-	-	-	-	-
Produktionsweise	Produktionsweise	Produktionsweise	NN	N.Reg.Gen.Sg.Fem	no	-	-	-	-	-
und	und	und	KON	CONJ.Coord.-	no	-	-	-	-	-
in	in	in	APPR	APPR.In	no	-	-	-	-	-
der	der	d	ART	ART.Def.Dat.Sg.Fem	no	-	-	-	-	-
Errichtung	Errichtung	Errichtung	NN	N.Reg.Dat.Sg.Fem	no	-	-	-	-	-
des	des	d	ART	ART.Def.Gen.Sg.Masc	no	-	-	-	-	-
freien	freien	frei	ADJA	ADJA.Pos.Gen.Sg.Masc	no	-	-	-	-	-
Volksstaates	Volksstaates	Volksstaat	NN	N.Reg.Gen.Sg.Masc	no	-	-	-	-	-
liegt	liegt	liegen	VVFIN	VFIN.Full.3.Sg.Pres.Ind	no	-	-	-	-	-
,	,	,	$,	SYM.Pun.Comma	no	-	-	-	-	-
werden	werden	werden	VAFIN	VFIN.Aux.3.Pl.Pres.Ind	no	-	-	-	-	-
erst	erst	erst	ADV	ADV	no	-	-	-	-	-
Socialisten	Sozialisten	Sozialist	NN	N.Reg.Nom.Pl.Masc	no	-	-	-	-	-
erzeugt	erzeugt	erzeugen	VVPP	VPP.Full.Psp	no	-	-	-	-	-
.	.	.	$.	SYM.Pun.Sent	no	-	-	-	-	-
Wir	Wir	wir	PPER	PRO.Pers.Subst.1.Nom.Pl.*	yes	-	frame.4	speaker.4	-	-
wissen	wissen	wissen	VVFIN	VFIN.Full.1.Pl.Pres.Ind	no	-	frame.4	-	intexpr.4	-
wohl	wohl	wohl	ADV	ADV	no	-	frame.4	-	-	-
,	,	,	$,	SYM.Pun.Comma	no	-	frame.4	-	-	-
daß	daß	daß	KOUS	CONJ.SubFin.-	no	indirect.thought.4.border=state	-	-	-	-
dieser	dieser	diese	PDAT	PRO.Dem.Attr.-.Nom.Sg.Masc	no	indirect.thought.4.border=state	-	-	-	-
Kampf	Kampf	Kampf	NN	N.Reg.Nom.Sg.Masc	no	indirect.thought.4.border=state	-	-	-	-
einen	einen	eine	ART	ART.Indef.Acc.Sg.Masc	no	indirect.thought.4.border=state	-	-	-	-
Opfermuth	Opfermut	Opfermut	NN	N.Reg.Acc.Sg.Masc	no	indirect.thought.4.border=state	-	-	-	-
,	,	,	$,	SYM.Pun.Comma	no	indirect.thought.4.border=state	-	-	-	-
eine	eine	eine	ART	ART.Indef.Acc.Sg.Fem	no	indirect.thought.4.border=state	-	-	-	-
Volkskraft	Volkskraft	Volkskraft	NN	N.Reg.Acc.Sg.Fem	no	indirect.thought.4.border=state	-	-	-	-
erfordert	erfordert	erfordern	VVFIN	VFIN.Full.3.Sg.Pres.Ind	no	indirect.thought.4.border=state	-	-	-	-
,	,	,	$,	SYM.Pun.Comma	no	indirect.thought.4.border=state	-	-	-	-
die	die	die	PRELS	PRO.Dem.Subst.-.Acc.Pl.*	no	indirect.thought.4.border=state	-	-	-	-
ihres	ihres	ihr	PPOSAT	PRO.Poss.Attr.-.Gen.Sg.Neut	no	indirect.thought.4.border=state	-	-	-	-
Gleichen	Gleichen	Gleichen	NN	ADJA.Pos.Gen.Sg.Neut	no	indirect.thought.4.border=state	-	-	-	-
suchen	suchen	suchen	VVINF	VINF.Full.-	no	indirect.thought.4.border=state	-	-	-	-
,	,	,	$,	SYM.Pun.Comma	no	-	-	-	-	-
aber	aber	aber	KON	CONJ.Coord.Aber	no	-	frame.5	-	-	-
wir	wir	wir	PPER	PRO.Pers.Subst.1.Nom.Pl.*	no	-	frame.5	speaker.5	-	-
wissen	wissen	wissen	VVFIN	VFIN.Full.1.Pl.Pres.Ind	no	-	frame.5	-	intexpr.5	-
auch	auch	auch	ADV	ADV	no	-	frame.5	-	-	-
,	,	,	$,	SYM.Pun.Comma	no	-	frame.5	-	-	-
daß	daß	daß	KOUS	CONJ.SubFin.-	no	indirect.thought.5.border=state	-	-	-	-
schon	schon	schon	ADV	ADV	no	indirect.thought.5.border=state	-	-	-	-
während	während	während	APPR	APPR.Gen	yes	indirect.thought.5.border=state	-	-	-	-
des	des	d	ART	ART.Def.Gen.Sg.Masc	yes	indirect.thought.5.border=state	-	-	-	-
Kampfes	Kampfes	Kampf	NN	N.Reg.Gen.Sg.Masc	no	indirect.thought.5.border=state	-	-	-	-
immerfort	immerfort	immerfort	ADV	ADV	no	indirect.thought.5.border=state	-	-	-	-
den	den	d	ART	ART.Def.Dat.Pl.Masc	no	indirect.thought.5.border=state	-	-	-	-
Kämpfern	Kämpfern	Kämpfer	NN	N.Reg.Dat.Pl.Masc	no	indirect.thought.5.border=state	-	-	-	-
neue	neue	neu	ADJA	ADJA.Pos.Acc.Pl.Fem	no	indirect.thought.5.border=state	-	-	-	-
Errungenschaften	Errungenschaften	Errungenschaft	NN	N.Reg.Acc.Pl.Fem	no	indirect.thought.5.border=state	-	-	-	-
zu	zu	zu	APPR	APPR.Dat	no	indirect.thought.5.border=state	-	-	-	-
Theil	Teil	Teil	NN	N.Reg.Dat.Sg.Masc	no	indirect.thought.5.border=state	-	-	-	-
werden	werden	werden	VAINF	VINF.Aux.-	no	indirect.thought.5.border=state	-	-	-	-
,	,	,	$,	SYM.Pun.Comma	no	indirect.thought.5.border=state	-	-	-	-
so	so	so	ADV	ADV	no	indirect.thought.5.border=state	-	-	-	-
daß	daß	daß	KOUS	CONJ.SubFin.-	no	indirect.thought.5.border=state	-	-	-	-
sie	sie	sie	PPER	PRO.Pers.Subst.3.Nom.Pl.*	no	indirect.thought.5.border=state	-	-	-	-
nicht	nicht	nicht	PTKNEG	PART.Neg	no	indirect.thought.5.border=state	-	-	-	-
ermatten	ermatten	ermatten	VVINF	VINF.Full.-	no	indirect.thought.5.border=state	-	-	-	-
und	und	und	KON	CONJ.Coord.-	no	indirect.thought.5.border=state	-	-	-	-
erlahmen	erlahmen	erlahmen	VVINF	VINF.Full.-	no	indirect.thought.5.border=state	-	-	-	-
.	.	.	$.	SYM.Pun.Sent	no	indirect.thought.5.border=state	-	-	-	-
Wenngleich	Wenngleich	wenngleich	KOUS	CONJ.SubFin.-	yes	-	-	-	-	-
nun	nun	nun	ADV	ADV	no	-	-	-	-	-
auch	auch	auch	ADV	ADV	no	-	-	-	-	-
die	die	d	ART	ART.Def.Nom.Pl.*	no	-	-	-	-	-
Reichen	Reichen	Reiche	NN	N.Reg.Nom.Pl.*	no	-	-	-	-	-
und	und	und	KON	CONJ.Coord.-	no	-	-	-	-	-
Mächtigen	Mächtigen	Mächtige	NN	N.Reg.Nom.Pl.*	no	-	-	-	-	-
dieser	dieser	diese	PDAT	PRO.Dem.Attr.-.Gen.Sg.Fem	no	-	-	-	-	-
Welt	Welt	Welt	NN	N.Reg.Gen.Sg.Fem	no	-	-	-	-	-
die	die	d	ART	ART.Def.Acc.Pl.Masc	no	-	-	-	-	-
starren	starren	starr	ADJA	ADJA.Pos.Acc.Pl.Masc	no	-	-	-	-	-
und	und	und	KON	CONJ.Coord.-	no	-	-	-	-	-
entsagungsvollen	entsagungsvollen	entsagungsvoll	ADJA	ADJA.Pos.Gen.Pl.Masc	no	-	-	-	-	-
Kämpfer	Kämpfer	Kämpfer	NN	N.Reg.Gen.Pl.Masc	no	-	-	-	-	-
für	für	für	APPR	APPR.Acc	no	-	-	-	-	-
eine	eine	eine	ART	ART.Indef.Acc.Sg.Fem	no	-	-	-	-	-
so	so	so	ADV	ADV	no	-	-	-	-	-
hohe	hohe	hoch	ADJA	ADJA.Pos.Acc.Sg.Fem	no	-	-	-	-	-
heilige	heilige	heilig	ADJA	ADJA.Pos.Acc.Sg.Fem	no	-	-	-	-	-
Jdee	Idee	Idee	NN	N.Reg.Acc.Sg.Fem	no	-	-	-	-	-
,	,	,	$,	SYM.Pun.Comma	no	-	-	-	-	-
für	für	für	APPR	APPR.Acc	no	-	-	-	-	-
die	die	d	ART	ART.Def.Acc.Sg.Fem	no	-	-	-	-	-
Jdee	Idee	Idee	NN	N.Reg.Acc.Sg.Fem	no	-	-	-	-	-
der	der	d	ART	ART.Def.Gen.Sg.Fem	no	-	-	-	-	-
wahren	wahren	wahr	ADJA	ADJA.Pos.Gen.Sg.Fem	no	-	-	-	-	-
Menschenliebe	Menschenliebe	Menschenliebe	NN	N.Reg.Gen.Sg.Fem	no	-	-	-	-	-
mit	mit	mit	APPR	APPR.Dat	no	-	-	-	-	-
dem	dem	d	ART	ART.Def.Dat.Sg.Masc	no	-	-	-	-	-
Titel	Titel	Titel	NN	N.Reg.Dat.Sg.Masc	no	-	-	-	-	-
:	:	:	$.	SYM.Pun.Colon	no	-	-	-	-	-
Mordbrenner	Mordbrenner	Mordbrenner	NN	N.Reg.Nom.Sg.Masc	no	-	-	-	-	-
!	!	!	$.	SYM.Pun.Sent	no	-	-	-	-	-
belegen	belegen	belegen	VVINF	VFIN.Full.3.Pl.Pres.Ind	no	-	-	-	-	-
,	,	,	$,	SYM.Pun.Comma	no	-	-	-	-	-
so	so	so	ADV	ADV	no	-	-	-	-	-
soll	soll	sollen	VMFIN	VFIN.Mod.3.Sg.Pres.Ind	no	-	-	-	-	-
der	der	d	ART	ART.Def.Nom.Sg.Masc	no	-	-	-	-	-
Kampf	Kampf	Kampf	NN	N.Reg.Nom.Sg.Masc	no	-	-	-	-	-
doch	doch	doch	ADV	ADV	no	-	-	-	-	-
mit	mit	mit	APPR	APPR.Dat	no	-	-	-	-	-
sittlicher	sittlicher	sittlich	ADJA	ADJA.Pos.Dat.Sg.Fem	no	-	-	-	-	-
Kraft	Kraft	Kraft	NN	N.Reg.Dat.Sg.Fem	no	-	-	-	-	-
,	,	,	$,	SYM.Pun.Comma	no	-	-	-	-	-
mit	mit	mit	APPR	APPR.Dat	no	-	-	-	-	-
eiserner	eiserner	eisern	ADJA	ADJA.Pos.Dat.Sg.Fem	no	-	-	-	-	-
Ruhe	Ruhe	Ruhe	NN	N.Reg.Dat.Sg.Fem	no	-	-	-	-	-
fortgeführt	fortgeführt	fortführen	VVPP	VPP.Full.Psp	no	-	-	-	-	-
werden	werden	werden	VAINF	VINF.Aux.-	no	-	-	-	-	-
.	.	.	$.	SYM.Pun.Sent	no	-	-	-	-	-
