sample	annotator	earth	mars	mercury	neptune	pluto	jupiter	saturn	uranus	venus
rwk_digbib_1014-1.tsv	2	x					x			
rwk_digbib_1017-1.tsv	2		x						x	
rwk_digbib_1019-3.tsv	2		x				x			
rwk_digbib_1020-2.tsv	2							x	x	
rwk_digbib_1020-3.tsv	2						x	x		
rwk_digbib_1029-1.tsv	2						x	x		
rwk_digbib_1038-2.tsv	2		x						x	
rwk_digbib_1039-1.tsv	7	x	x		x	x	x	x	x	
rwk_digbib_1040-1.tsv	2						x	x		
rwk_digbib_1041-1.tsv	2			x				x		
rwk_digbib_1042-1.tsv	2						x			x
rwk_digbib_1057-1.tsv	7	x	x		x	x	x	x	x	
rwk_digbib_1133-1.tsv	2						x	x		
rwk_digbib_1134-1.tsv	1						x			
rwk_digbib_1135-1.tsv	2						x			x
rwk_digbib_1135-2.tsv	2						x	x		
rwk_digbib_1135-3.tsv	2		x						x	
rwk_digbib_1136-1.tsv	2						x			x
rwk_digbib_1136-3.tsv	2						x	x		
rwk_digbib_1140-1.tsv	2							x	x	
rwk_digbib_1140-2.tsv	2			x				x		
rwk_digbib_1141-1.tsv	2						x	x		
rwk_digbib_1142-1.tsv	2						x			x
rwk_digbib_1143-2.tsv	2		x						x	
rwk_digbib_1144-1.tsv	2	x					x			
rwk_digbib_1145-2.tsv	2		x					x		
rwk_digbib_1145-3.tsv	2						x	x		
rwk_digbib_1145-4.tsv	2			x				x		
rwk_digbib_1147-1.tsv	2						x			x
rwk_digbib_1147-2.tsv	2		x					x		
rwk_digbib_1148-2.tsv	2						x	x		
rwk_digbib_1148-3.tsv	2		x				x			
rwk_digbib_1149-1.tsv	2	x					x			
rwk_digbib_1150-3.tsv	2		x				x			
rwk_digbib_1152-1.tsv	2		x						x	
rwk_digbib_1153-1.tsv	2			x		x				
rwk_digbib_1153-2.tsv	2						x	x		
rwk_digbib_1153-3.tsv	2		x						x	
rwk_digbib_1159-1.tsv	2			x			x			
rwk_digbib_1159-2.tsv	2		x					x		
rwk_digbib_1160-2.tsv	2		x					x		
rwk_digbib_1160-3.tsv	2		x				x			
rwk_digbib_1162-1.tsv	2			x			x			
rwk_digbib_1165-1.tsv	2	x					x			
rwk_digbib_1165-2.tsv	2		x						x	
rwk_digbib_1166-1.tsv	2		x						x	
rwk_digbib_1167-2.tsv	2		x					x		
rwk_digbib_1168-2.tsv	2		x					x		
rwk_digbib_1168-3.tsv	2		x						x	
rwk_digbib_1170-1.tsv	2	x					x			
rwk_digbib_1170-2.tsv	2		x					x		
rwk_digbib_1171-1.tsv	2		x						x	
rwk_digbib_1176-1.tsv	2			x			x			
rwk_digbib_1179-1.tsv	2		x					x		
rwk_digbib_1181-2.tsv	2		x					x		
rwk_digbib_1181-3.tsv	2		x						x	
rwk_digbib_1184-2.tsv	2		x					x		
rwk_digbib_1185-1.tsv	2		x					x		
rwk_digbib_1186-1.tsv	2		x					x		
rwk_digbib_1191-1.tsv	2		x				x			
rwk_digbib_1191-2.tsv	2		x				x			
rwk_digbib_1194-1.tsv	2			x			x			
rwk_digbib_1194-3.tsv	2		x						x	
rwk_digbib_1196-1.tsv	2			x			x			
rwk_digbib_1196-2.tsv	2		x				x			
rwk_digbib_1197-2.tsv	2		x					x		
rwk_digbib_1198-1.tsv	2		x				x			
rwk_digbib_1199-2.tsv	2		x						x	
rwk_digbib_1199-3.tsv	2		x						x	
rwk_digbib_1201-2.tsv	2		x						x	
rwk_digbib_1201-3.tsv	2		x						x	
rwk_digbib_1202-1.tsv	2		x				x			
rwk_digbib_1202-2.tsv	2		x						x	
rwk_digbib_1204-1.tsv	2		x						x	
rwk_digbib_1205-2.tsv	2		x						x	
rwk_digbib_1205-3.tsv	2		x						x	
rwk_digbib_1207-1.tsv	2	x					x			
rwk_digbib_1209-2.tsv	2							x	x	
rwk_digbib_1211-1.tsv	2		x				x			
rwk_digbib_1211-2.tsv	2		x				x			
rwk_digbib_1217-1.tsv	2		x				x			
rwk_digbib_1217-2.tsv	2		x					x		
rwk_digbib_1217-3.tsv	2		x						x	
rwk_digbib_1218-1.tsv	2		x				x			
rwk_digbib_1218-2.tsv	2						x		x	
rwk_digbib_1220-2.tsv	2		x						x	
rwk_digbib_1221-1.tsv	2						x	x		
rwk_digbib_1221-2.tsv	2		x				x			
rwk_digbib_1221-3.tsv	2		x						x	
rwk_digbib_1223-1.tsv	2		x				x			
rwk_digbib_1223-3.tsv	2		x						x	
rwk_digbib_1225-1.tsv	2		x				x			
rwk_digbib_1225-2.tsv	2		x						x	
rwk_digbib_1226-1.tsv	2		x				x			
rwk_digbib_1230-1.tsv	2		x						x	
rwk_digbib_1290-1.tsv	2			x			x			
rwk_digbib_1299-1.tsv	1	x								
rwk_digbib_1311-1.tsv	2	x					x			
rwk_digbib_1313-1.tsv	2						x		x	
rwk_digbib_1319-1.tsv	2						x	x		
rwk_digbib_1321-1.tsv	2						x		x	
rwk_digbib_1324-1.tsv	2			x			x			
rwk_digbib_1325-1.tsv	2		x				x			
rwk_digbib_1328-1.tsv	2		x				x			
rwk_digbib_1328-2.tsv	2		x				x			
rwk_digbib_1328-3.tsv	2						x		x	
rwk_digbib_1328-4.tsv	2			x				x		
rwk_digbib_1329-1.tsv	2		x				x			
rwk_digbib_1329-2.tsv	2						x	x		
rwk_digbib_1329-3.tsv	2		x						x	
rwk_digbib_1330-1.tsv	2	x					x			
rwk_digbib_1330-2.tsv	2						x	x		
rwk_digbib_1330-3.tsv	2			x				x		
rwk_digbib_1333-1.tsv	2						x	x		
rwk_digbib_1335-1.tsv	2			x			x			
rwk_digbib_1340-1.tsv	2		x						x	
rwk_digbib_1342-1.tsv	2	x					x			
rwk_digbib_1342-2.tsv	2						x		x	
rwk_digbib_1343-1.tsv	2			x			x			
rwk_digbib_1345-1.tsv	2	x					x			
rwk_digbib_1345-2.tsv	2						x	x		
rwk_digbib_1345-3.tsv	2		x						x	
rwk_digbib_1346-1.tsv	2			x				x		
rwk_digbib_1352-1.tsv	2	x					x			
rwk_digbib_1359-1.tsv	2						x	x		
rwk_digbib_1364-1.tsv	2		x					x		
rwk_digbib_1368-1.tsv	2						x		x	
rwk_digbib_1389-1.tsv	2	x					x			
rwk_digbib_1498-1.tsv	2						x		x	
rwk_digbib_1508-1.tsv	2						x	x		
rwk_digbib_1525-1.tsv	2						x		x	
rwk_digbib_1609-1.tsv	2		x				x			
rwk_digbib_1851-1.tsv	2		x					x		
rwk_digbib_1865-1.tsv	2			x			x			
rwk_digbib_1865-2.tsv	2		x	x						
rwk_digbib_1866-1.tsv	2		x					x		
rwk_digbib_1867-1.tsv	2						x		x	
rwk_digbib_1868-1.tsv	2		x					x		
rwk_digbib_1868-2.tsv	2		x					x		
rwk_digbib_1869-1.tsv	2		x					x		
rwk_digbib_1869-2.tsv	2			x			x			
rwk_digbib_1869-3.tsv	2						x		x	
rwk_digbib_1870-1.tsv	2						x		x	
rwk_digbib_1871-1.tsv	2		x					x		
rwk_digbib_1872-1.tsv	2							x	x	
rwk_digbib_1877-1.tsv	2		x				x			
rwk_digbib_1885-1.tsv	2						x		x	
rwk_digbib_1885-2.tsv	2								x	x
rwk_digbib_1886-1.tsv	2		x					x		
rwk_digbib_1887-1.tsv	2						x		x	
rwk_digbib_1888-1.tsv	2	x					x			
rwk_digbib_1890-1.tsv	2		x					x		
rwk_digbib_1891-1.tsv	2		x					x		
rwk_digbib_1892-1.tsv	2						x	x		
rwk_digbib_1892-2.tsv	2						x		x	
rwk_digbib_1897-1.tsv	2		x				x			
rwk_digbib_1966-1.tsv	2			x			x			
rwk_digbib_1966-3.tsv	2		x						x	
rwk_digbib_1967-1.tsv	2						x		x	
rwk_digbib_1967-2.tsv	2			x					x	
rwk_digbib_1968-1.tsv	2			x			x			
rwk_digbib_1968-2.tsv	2			x					x	
rwk_digbib_1992-1.tsv	2						x		x	
rwk_digbib_1995-1.tsv	2		x					x		
rwk_digbib_201-1.tsv	2		x						x	
rwk_digbib_2012-1.tsv	2		x				x			
rwk_digbib_2013-1.tsv	2		x						x	
rwk_digbib_2025-1.tsv	2						x		x	
rwk_digbib_2027-1.tsv	2	x					x			
rwk_digbib_2027-2.tsv	2		x					x		
rwk_digbib_2027-3.tsv	2		x						x	
rwk_digbib_2028-3.tsv	2						x		x	
rwk_digbib_2028-4.tsv	2			x					x	
rwk_digbib_2030-1.tsv	2			x				x		
rwk_digbib_2031-1.tsv	2						x		x	
rwk_digbib_205-1.tsv	2						x			x
rwk_digbib_2387-1.tsv	2		x					x		
rwk_digbib_2392-1.tsv	2			x				x		
rwk_digbib_2396-1.tsv	2		x				x			
rwk_digbib_2444-1.tsv	2		x					x		
rwk_digbib_2444-2.tsv	2		x					x		
rwk_digbib_2444-3.tsv	2							x	x	
rwk_digbib_2445-1.tsv	2							x	x	
rwk_digbib_2450-1.tsv	2	x					x			
rwk_digbib_245-1.tsv	2	x					x			
rwk_digbib_2451-1.tsv	2		x					x		
rwk_digbib_2455-1.tsv	2			x				x		
rwk_digbib_2462-1.tsv	2						x	x		
rwk_digbib_2463-1.tsv	2		x					x		
rwk_digbib_2466-1.tsv	2	x					x			
rwk_digbib_2469-1.tsv	2			x				x		
rwk_digbib_2477-1.tsv	2							x	x	
rwk_digbib_2564-1.tsv	2		x	x						
rwk_digbib_2607-1.tsv	2		x				x			
rwk_digbib_2618-1.tsv	2						x	x		
rwk_digbib_2621-1.tsv	2	x					x			
rwk_digbib_2621-3.tsv	2			x					x	
rwk_digbib_2622-1.tsv	2	x					x			
rwk_digbib_2623-1.tsv	2		x					x		
rwk_digbib_2623-2.tsv	2			x					x	
rwk_digbib_2624-1.tsv	2						x	x		
rwk_digbib_2625-1.tsv	2		x					x		
rwk_digbib_2625-2.tsv	2						x	x		
rwk_digbib_2625-3.tsv	2			x					x	
rwk_digbib_2626-1.tsv	2	x					x			
rwk_digbib_2626-2.tsv	2						x	x		
rwk_digbib_2626-3.tsv	2		x	x						
rwk_digbib_2626-4.tsv	2			x					x	
rwk_digbib_2628-2.tsv	2						x	x		
rwk_digbib_2629-1.tsv	2							x	x	
rwk_digbib_2630-1.tsv	2							x	x	
rwk_digbib_2636-1.tsv	2		x					x		
rwk_digbib_2638-1.tsv	2			x					x	
rwk_digbib_2647-1.tsv	2		x					x		
rwk_digbib_2650-1.tsv	2	x					x			
rwk_digbib_2650-2.tsv	2						x	x		
rwk_digbib_2653-1.tsv	2		x	x						
rwk_digbib_2655-1.tsv	2		x					x		
rwk_digbib_2671-1.tsv	2	x					x			
rwk_digbib_2692-1.tsv	2						x	x		
rwk_digbib_2701-1.tsv	2						x	x		
rwk_digbib_2701-2.tsv	2			x					x	
rwk_digbib_2768-1.tsv	2		x					x		
rwk_digbib_2793-1.tsv	2		x					x		
rwk_digbib_2801-2.tsv	2		x					x		
rwk_digbib_2801-3.tsv	2						x	x		
rwk_digbib_2802-1.tsv	2						x	x		
rwk_digbib_2812-1.tsv	2			x					x	
rwk_digbib_2817-1.tsv	2			x					x	
rwk_digbib_2823-1.tsv	2		x				x			
rwk_digbib_2823-2.tsv	2						x	x		
rwk_digbib_2823-3.tsv	2		x	x						
rwk_digbib_2823-4.tsv	2			x					x	
rwk_digbib_2824-1.tsv	2	x					x			
rwk_digbib_2824-2.tsv	2						x	x		
rwk_digbib_2824-3.tsv	2		x	x						
rwk_digbib_2846-1.tsv	2						x	x		
rwk_digbib_2847-1.tsv	2						x	x		
rwk_digbib_2958-1.tsv	2		x	x						
rwk_digbib_2996-1.tsv	2			x				x		
rwk_digbib_300-1.tsv	6	x	x		x	x	x	x		
rwk_digbib_3002-1.tsv	2						x	x		
rwk_digbib_3003-1.tsv	2							x	x	
rwk_digbib_3005-1.tsv	2		x	x						
rwk_digbib_3006-1.tsv	2		x					x		
rwk_digbib_3012-1.tsv	2						x	x		
rwk_digbib_3015-1.tsv	2	x					x			
rwk_digbib_3016-1.tsv	2		x					x		
rwk_digbib_3018-1.tsv	2	x					x			
rwk_digbib_3018-2.tsv	2		x					x		
rwk_digbib_3020-1.tsv	2		x	x						
rwk_digbib_3021-1.tsv	2		x					x		
rwk_digbib_3027-1.tsv	2		x				x			
rwk_digbib_3027-2.tsv	2		x					x		
rwk_digbib_3030-1.tsv	2						x	x		
rwk_digbib_3034-1.tsv	2		x					x		
rwk_digbib_3038-1.tsv	2			x				x		
rwk_digbib_3039-1.tsv	2		x					x		
rwk_digbib_3039-2.tsv	2		x	x						
rwk_digbib_3056-1.tsv	2			x				x		
rwk_digbib_3076-1.tsv	2		x					x		
rwk_digbib_3090-1.tsv	2							x	x	
rwk_digbib_3101-1.tsv	2		x	x						
rwk_digbib_3104-1.tsv	2						x	x		
rwk_digbib_3109-1.tsv	2						x	x		
rwk_digbib_3111-1.tsv	2							x	x	
rwk_digbib_3117-1.tsv	2		x	x						
rwk_digbib_3125-1.tsv	2		x					x		
rwk_digbib_3126-1.tsv	2						x	x		
rwk_digbib_3130-1.tsv	2						x	x		
rwk_digbib_3130-2.tsv	2		x	x						
rwk_digbib_3131-1.tsv	2						x	x		
rwk_digbib_3131-2.tsv	2		x					x		
rwk_digbib_3132-1.tsv	2		x					x		
rwk_digbib_3132-2.tsv	2			x					x	
rwk_digbib_3136-1.tsv	2						x	x		
rwk_digbib_3137-1.tsv	2							x	x	
rwk_digbib_3143-2.tsv	2		x					x		
rwk_digbib_3145-1.tsv	2						x	x		
rwk_digbib_3146-1.tsv	2		x					x		
rwk_digbib_3147-1.tsv	2						x	x		
rwk_digbib_3151-1.tsv	2		x					x		
rwk_digbib_3153-1.tsv	2		x					x		
rwk_digbib_3159-1.tsv	2		x					x		
rwk_digbib_3161-1.tsv	2			x				x		
rwk_digbib_3163-1.tsv	2						x	x		
rwk_digbib_3164-1.tsv	2		x	x						
rwk_digbib_3166-1.tsv	2	x					x			
rwk_digbib_3167-1.tsv	2	x					x			
rwk_digbib_3167-2.tsv	2						x	x		
rwk_digbib_3168-2.tsv	2		x				x			
rwk_digbib_3173-1.tsv	2			x				x		
rwk_digbib_3183-2.tsv	2		x					x		
rwk_digbib_3183-3.tsv	2			x				x		
rwk_digbib_3185-1.tsv	2							x	x	
rwk_digbib_3186-1.tsv	2		x					x		
rwk_digbib_3186-2.tsv	2						x	x		
rwk_digbib_3187-1.tsv	2		x	x						
rwk_digbib_3188-2.tsv	2							x	x	
rwk_digbib_3198-1.tsv	2		x					x		
rwk_digbib_3199-1.tsv	2			x				x		
rwk_digbib_3202-1.tsv	2						x	x		
rwk_digbib_3208-1.tsv	2		x				x			
rwk_digbib_3211-1.tsv	2						x	x		
rwk_digbib_3212-1.tsv	2						x	x		
rwk_digbib_3212-2.tsv	2			x					x	
rwk_digbib_3213-1.tsv	2						x	x		
rwk_digbib_3213-2.tsv	2			x				x		
rwk_digbib_3215-1.tsv	2			x				x		
rwk_digbib_3216-1.tsv	2						x	x		
rwk_digbib_3219-1.tsv	2						x	x		
rwk_digbib_3219-2.tsv	2		x				x			
rwk_digbib_3220-1.tsv	2						x	x		
rwk_digbib_3220-2.tsv	2		x				x			
rwk_digbib_3220-3.tsv	2			x				x		
rwk_digbib_3230-1.tsv	2		x					x		
rwk_digbib_3242-1.tsv	2	x					x			
rwk_digbib_3244-1.tsv	2		x				x			
rwk_digbib_3247-1.tsv	2						x	x		
rwk_digbib_3251-1.tsv	2		x					x		
rwk_digbib_3252-1.tsv	2			x					x	
rwk_digbib_3269-1.tsv	2						x	x		
rwk_digbib_3280-1.tsv	2	x					x			
rwk_digbib_3286-1.tsv	2			x				x		
rwk_digbib_3303-1.tsv	2	x					x			
rwk_digbib_3304-1.tsv	2			x					x	
rwk_digbib_3338-1.tsv	2						x	x		
rwk_digbib_3343-1.tsv	2		x				x			
rwk_digbib_384-1.tsv	2			x				x		
rwk_digbib_517-1.tsv	2		x						x	
rwk_digbib_622-1.tsv	2	x					x			
rwk_digbib_633-1.tsv	2						x			x
rwk_digbib_660-1.tsv	2	x					x			
rwk_digbib_787-1.tsv	2						x			x
rwk_digbib_855-1.tsv	2		x						x	
rwk_digbib_930-1.tsv	2	x					x			
rwk_digbib_934-2.tsv	2		x						x	
rwk_digbib_935-1.tsv	1						x			
rwk_digbib_936-1.tsv	2						x			x
rwk_digbib_945-1.tsv	2			x					x	
rwk_digbib_946-1.tsv	2	x					x			
rwk_digbib_981-1.tsv	2	x					x			
rwk_grenz_10402-1.tsv	2	x					x			
rwk_grenz_10605-1.tsv	2			x				x		
rwk_grenz_10762-1.tsv	2						x	x		
rwk_grenz_10819-1.tsv	2			x					x	
rwk_grenz_10959-1.tsv	2	x					x			
rwk_grenz_1108-1.tsv	2						x	x		
rwk_grenz_11238-1.tsv	2	x					x			
rwk_grenz_11238-2.tsv	2						x		x	
rwk_grenz_1140-1.tsv	2						x	x		
rwk_grenz_11530-1.tsv	2						x		x	
rwk_grenz_11760-1.tsv	2			x					x	
rwk_grenz_11903-1.tsv	2	x					x			
rwk_grenz_12190-1.tsv	2						x		x	
rwk_grenz_12200-1.tsv	2						x	x		
rwk_grenz_12266-1.tsv	2		x					x		
rwk_grenz_12289-1.tsv	2		x					x		
rwk_grenz_12346-1.tsv	2		x					x		
rwk_grenz_12920-1.tsv	2			x				x		
rwk_grenz_1322-1.tsv	2	x					x			
rwk_grenz_13462-1.tsv	2	x					x			
rwk_grenz_13812-1.tsv	2			x				x		
rwk_grenz_13858-1.tsv	2						x		x	
rwk_grenz_13947-1.tsv	2	x					x			
rwk_grenz_14432-1.tsv	2						x		x	
rwk_grenz_14699-1.tsv	2	x					x			
rwk_grenz_14802-1.tsv	2			x					x	
rwk_grenz_1482-1.tsv	2	x					x			
rwk_grenz_14861-1.tsv	2			x					x	
rwk_grenz_14935-1.tsv	2	x					x			
rwk_grenz_15007-1.tsv	2						x	x		
rwk_grenz_15360-1.tsv	2						x	x		
rwk_grenz_15484-1.tsv	2			x				x		
rwk_grenz_15490-1.tsv	2			x					x	
rwk_grenz_15654-1.tsv	2						x	x		
rwk_grenz_15834-1.tsv	2						x	x		
rwk_grenz_1591-1.tsv	2	x					x			
rwk_grenz_16046-1.tsv	2						x		x	
rwk_grenz_16079-1.tsv	2			x				x		
rwk_grenz_1618-1.tsv	2			x					x	
rwk_grenz_16257-1.tsv	2	x					x			
rwk_grenz_16296-1.tsv	2			x					x	
rwk_grenz_16351-1.tsv	2	x					x			
rwk_grenz_16524-1.tsv	2	x					x			
rwk_grenz_16588-1.tsv	2						x	x		
rwk_grenz_16828-1.tsv	2						x		x	
rwk_grenz_16935-1.tsv	2						x	x		
rwk_grenz_17048-1.tsv	2						x	x		
rwk_grenz_17349-1.tsv	2			x				x		
rwk_grenz_17383-1.tsv	2						x	x		
rwk_grenz_17626-1.tsv	2						x	x		
rwk_grenz_18070-1.tsv	2	x					x			
rwk_grenz_18080-1.tsv	2			x					x	
rwk_grenz_18315-1.tsv	2		x				x			
rwk_grenz_18324-1.tsv	2		x				x			
rwk_grenz_18324-2.tsv	2						x	x		
rwk_grenz_18522-1.tsv	2		x					x		
rwk_grenz_18701-1.tsv	2						x	x		
rwk_grenz_19033-1.tsv	2		x					x		
rwk_grenz_19164-1.tsv	2		x					x		
rwk_grenz_1920-1.tsv	2			x					x	
rwk_grenz_19209-1.tsv	2	x					x			
rwk_grenz_19300-1.tsv	2						x	x		
rwk_grenz_19331-1.tsv	2			x					x	
rwk_grenz_19520-1.tsv	2	x					x			
rwk_grenz_19716-1.tsv	2						x	x		
rwk_grenz_19836-1.tsv	2	x					x			
rwk_grenz_200-1.tsv	2			x					x	
rwk_grenz_20079-1.tsv	2						x	x		
rwk_grenz_20204-1.tsv	2		x					x		
rwk_grenz_20517-1.tsv	2						x	x		
rwk_grenz_20816-1.tsv	2		x					x		
rwk_grenz_20829-1.tsv	2		x					x		
rwk_grenz_20961-1.tsv	2		x					x		
rwk_grenz_20988-1.tsv	2						x	x		
rwk_grenz_21002-1.tsv	2		x					x		
rwk_grenz_21102-1.tsv	2	x					x			
rwk_grenz_21204-1.tsv	2			x				x		
rwk_grenz_21346-1.tsv	2		x					x		
rwk_grenz_21469-1.tsv	2		x				x			
rwk_grenz_21534-1.tsv	2	x					x			
rwk_grenz_21780-1.tsv	2		x					x		
rwk_grenz_21900-1.tsv	2			x				x		
rwk_grenz_21969-1.tsv	2		x				x			
rwk_grenz_21976-1.tsv	2		x				x			
rwk_grenz_22075-1.tsv	2			x				x		
rwk_grenz_22091-1.tsv	2			x					x	
rwk_grenz_22136-1.tsv	2			x					x	
rwk_grenz_22414-1.tsv	2							x	x	
rwk_grenz_22456-1.tsv	2			x				x		
rwk_grenz_22484-1.tsv	2		x				x			
rwk_grenz_2262-1.tsv	2	x					x			
rwk_grenz_22637-1.tsv	2	x					x			
rwk_grenz_23014-1.tsv	2		x				x			
rwk_grenz_23276-1.tsv	2	x					x			
rwk_grenz_23388-1.tsv	2		x					x		
rwk_grenz_23465-1.tsv	2			x				x		
rwk_grenz_23586-1.tsv	2	x					x			
rwk_grenz_24-1.tsv	2	x					x			
rwk_grenz_24-2.tsv	2		x				x			
rwk_grenz_24314-1.tsv	2		x					x		
rwk_grenz_24351-1.tsv	2	x					x			
rwk_grenz_2481-1.tsv	2	x					x			
rwk_grenz_2866-1.tsv	2						x	x		
rwk_grenz_3019-1.tsv	2						x	x		
rwk_grenz_3108-1.tsv	2		x				x			
rwk_grenz_3157-1.tsv	2		x					x		
rwk_grenz_3168-1.tsv	2		x					x		
rwk_grenz_317-1.tsv	2	x					x			
rwk_grenz_3240-1.tsv	2		x					x		
rwk_grenz_337-1.tsv	2							x	x	
rwk_grenz_3493-1.tsv	2		x					x		
rwk_grenz_3633-1.tsv	2	x					x			
rwk_grenz_3633-2.tsv	2		x					x		
rwk_grenz_3732-1.tsv	2	x					x			
rwk_grenz_375-1.tsv	2			x					x	
rwk_grenz_3867-1.tsv	2		x				x			
rwk_grenz_4004-1.tsv	2	x					x			
rwk_grenz_4101-1.tsv	2			x				x		
rwk_grenz_4604-1.tsv	2		x					x		
rwk_grenz_4617-1.tsv	2			x					x	
rwk_grenz_4978-1.tsv	2	x					x			
rwk_grenz_517-1.tsv	2		x				x			
rwk_grenz_5313-1.tsv	2		x					x		
rwk_grenz_5375-1.tsv	2		x					x		
rwk_grenz_5382-1.tsv	2	x					x			
rwk_grenz_5403-1.tsv	2			x				x		
rwk_grenz_5486-1.tsv	2			x				x		
rwk_grenz_5743-1.tsv	2		x					x		
rwk_grenz_5912-1.tsv	2	x	x							
rwk_grenz_5912-2.tsv	2			x				x		
rwk_grenz_6044-1.tsv	2			x				x		
rwk_grenz_6262-1.tsv	2			x					x	
rwk_grenz_630-1.tsv	2			x					x	
rwk_grenz_6303-1.tsv	2		x				x			
rwk_grenz_6510-1.tsv	2	x					x			
rwk_grenz_6628-1.tsv	2		x					x		
rwk_grenz_7064-2.tsv	2			x				x		
rwk_grenz_7127-1.tsv	2	x					x			
rwk_grenz_7127-2.tsv	2		x					x		
rwk_grenz_7249-1.tsv	2			x				x		
rwk_grenz_7378-1.tsv	2			x				x		
rwk_grenz_7700-1.tsv	2			x					x	
rwk_grenz_773-1.tsv	2						x	x		
rwk_grenz_7914-1.tsv	2		x				x			
rwk_grenz_8110-1.tsv	2	x					x			
rwk_grenz_8287-1.tsv	2	x					x			
rwk_grenz_8348-1.tsv	2						x		x	
rwk_grenz_9076-1.tsv	2			x					x	
rwk_grenz_9676-1.tsv	2	x					x			
rwk_grenz_9742-1.tsv	3		x				x	x		
rwk_grenz_9881-1.tsv	2						x	x		
rwk_grenz_9977-1.tsv	2		x					x		
rwk_mkhz_10012-1.tsv	2						x		x	
rwk_mkhz_10015-1.tsv	2						x		x	
rwk_mkhz_10017-1.tsv	2						x		x	
rwk_mkhz_10021-1.tsv	2			x					x	
rwk_mkhz_10027-short.tsv	2		x					x		
rwk_mkhz_10030-1.tsv	2						x		x	
rwk_mkhz_10033-1.tsv	2		x					x		
rwk_mkhz_10036-short.tsv	2						x		x	
rwk_mkhz_10037-1.tsv	2			x					x	
rwk_mkhz_10039-1.tsv	2						x		x	
rwk_mkhz_10042-short.tsv	2						x		x	
rwk_mkhz_10052-1.tsv	2						x		x	
rwk_mkhz_10058-1.tsv	2			x					x	
rwk_mkhz_10070-1.tsv	2						x		x	
rwk_mkhz_10071-short.tsv	2			x				x		
rwk_mkhz_10113-short.tsv	2			x					x	
rwk_mkhz_1012-short.tsv	2		x					x		
rwk_mkhz_10135-1.tsv	2		x					x		
rwk_mkhz_10140-short.tsv	2		x					x		
rwk_mkhz_10146-1.tsv	2		x					x		
rwk_mkhz_10150-short.tsv	2		x	x						
rwk_mkhz_10151-short.tsv	2		x					x		
rwk_mkhz_10169-1.tsv	2			x				x		
rwk_mkhz_10175-short.tsv	2		x	x						
rwk_mkhz_10189-1.tsv	2		x				x			
rwk_mkhz_10200-1.tsv	2			x				x		
rwk_mkhz_10205-1.tsv	2		x				x			
rwk_mkhz_10207-short.tsv	2			x				x		
rwk_mkhz_10215-short.tsv	2		x				x			
rwk_mkhz_10217-short.tsv	2		x				x			
rwk_mkhz_10227-1.tsv	2		x				x			
rwk_mkhz_10233-1.tsv	2			x				x		
rwk_mkhz_10235-1.tsv	2		x				x			
rwk_mkhz_10245-short.tsv	2		x	x						
rwk_mkhz_10246-1.tsv	2		x				x			
rwk_mkhz_10252-short.tsv	2		x				x			
rwk_mkhz_10262-1.tsv	2		x				x			
rwk_mkhz_10267-1.tsv	2						x		x	
rwk_mkhz_10272-1.tsv	2		x	x						
rwk_mkhz_10287-1.tsv	2						x		x	
rwk_mkhz_10290-short.tsv	2		x	x						
rwk_mkhz_10294-1.tsv	2		x	x						
rwk_mkhz_10343-short.tsv	2						x		x	
rwk_mkhz_10346-1.tsv	2						x		x	
rwk_mkhz_10351-short.tsv	2						x		x	
rwk_mkhz_10352-1.tsv	2						x		x	
rwk_mkhz_10357-short.tsv	2						x		x	
rwk_mkhz_1037-1.tsv	2		x						x	
rwk_mkhz_10378-short.tsv	2							x	x	
rwk_mkhz_10379-1.tsv	2		x	x						
rwk_mkhz_10409-1.tsv	2							x	x	
rwk_mkhz_10423-1.tsv	2							x	x	
rwk_mkhz_10471-short.tsv	2							x	x	
rwk_mkhz_10498-1.tsv	2			x				x		
rwk_mkhz_10540-1.tsv	2						x		x	
rwk_mkhz_10554-1.tsv	2						x		x	
rwk_mkhz_10578-1.tsv	2			x					x	
rwk_mkhz_10713-1.tsv	2			x					x	
rwk_mkhz_10776-short.tsv	2		x						x	
rwk_mkhz_107-short.tsv	2	x					x			
rwk_mkhz_10834-1.tsv	2		x						x	
rwk_mkhz_10885-short.tsv	2		x						x	
rwk_mkhz_11021-1.tsv	2							x	x	
rwk_mkhz_11025-1.tsv	2							x	x	
rwk_mkhz_11030-1.tsv	2						x		x	
rwk_mkhz_11030-2.tsv	2			x					x	
rwk_mkhz_11031-1.tsv	2			x					x	
rwk_mkhz_11032-short.tsv	2			x					x	
rwk_mkhz_11034-1.tsv	2			x					x	
rwk_mkhz_11035-short.tsv	2							x	x	
rwk_mkhz_11036-1.tsv	2		x	x						
rwk_mkhz_11037-1.tsv	2							x	x	
rwk_mkhz_11037-2.tsv	2							x	x	
rwk_mkhz_11042-short.tsv	2							x	x	
rwk_mkhz_11060-1.tsv	2							x	x	
rwk_mkhz_11063-short.tsv	2			x					x	
rwk_mkhz_11069-short.tsv	2							x	x	
rwk_mkhz_11087-1.tsv	2							x	x	
rwk_mkhz_11094-1.tsv	2							x	x	
rwk_mkhz_11095-short.tsv	2							x	x	
rwk_mkhz_11096-short.tsv	2							x	x	
rwk_mkhz_11103-short.tsv	2							x	x	
rwk_mkhz_11107-short.tsv	2							x	x	
rwk_mkhz_11110-short.tsv	2							x	x	
rwk_mkhz_11119-short.tsv	2							x	x	
rwk_mkhz_11131-1.tsv	2							x	x	
rwk_mkhz_11144-1.tsv	2							x	x	
rwk_mkhz_11168-1.tsv	2							x	x	
rwk_mkhz_11182-1.tsv	2		x						x	
rwk_mkhz_11205-1.tsv	2		x	x						
rwk_mkhz_128-1.tsv	2	x					x			
rwk_mkhz_1349-1.tsv	2			x				x		
rwk_mkhz_1366-short.tsv	2		x				x			
rwk_mkhz_1374-short.tsv	2		x				x			
rwk_mkhz_140-1.tsv	2							x	x	
rwk_mkhz_1436-1.tsv	3		x					x	x	
rwk_mkhz_1440-short.tsv	2		x				x			
rwk_mkhz_1458-1.tsv	2	x					x			
rwk_mkhz_1536-1.tsv	2	x					x			
rwk_mkhz_154-1.tsv	2		x					x		
rwk_mkhz_1556-1.tsv	2						x	x		
rwk_mkhz_1580-1.tsv	2	x					x			
rwk_mkhz_1640-1.tsv	2		x					x		
rwk_mkhz_17-1.tsv	2						x	x		
rwk_mkhz_1710-1.tsv	2	x					x			
rwk_mkhz_176-1.tsv	2			x		x				
rwk_mkhz_178-1.tsv	2		x					x		
rwk_mkhz_1785-1.tsv	2		x					x		
rwk_mkhz_182-1.tsv	2						x	x		
rwk_mkhz_1832-short.tsv	2		x				x			
rwk_mkhz_20003-1.tsv	2						x		x	
rwk_mkhz_20013-short.tsv	2						x		x	
rwk_mkhz_20020-1.tsv	2		x	x						
rwk_mkhz_20022-short.tsv	2						x		x	
rwk_mkhz_20024-short.tsv	2						x		x	
rwk_mkhz_20036-short.tsv	2						x		x	
rwk_mkhz_20038-short.tsv	2						x		x	
rwk_mkhz_20044-1.tsv	2		x	x						
rwk_mkhz_20049-1.tsv	2						x		x	
rwk_mkhz_20056-1.tsv	2		x	x						
rwk_mkhz_20068-1.tsv	2		x	x						
rwk_mkhz_20069-1.tsv	2			x				x		
rwk_mkhz_20076-1.tsv	2							x	x	
rwk_mkhz_20081-short.tsv	2						x		x	
rwk_mkhz_20082-1.tsv	2						x		x	
rwk_mkhz_20084-short.tsv	2						x		x	
rwk_mkhz_20090-short.tsv	2			x					x	
rwk_mkhz_20094-1.tsv	2			x					x	
rwk_mkhz_20096-short.tsv	2		x						x	
rwk_mkhz_20104-1.tsv	2			x					x	
rwk_mkhz_20107-short.tsv	2							x	x	
rwk_mkhz_20112-1.tsv	2						x		x	
rwk_mkhz_20134-1.tsv	2		x	x						
rwk_mkhz_20137-1.tsv	2		x	x						
rwk_mkhz_20154-1.tsv	2						x		x	
rwk_mkhz_20156-1.tsv	2						x		x	
rwk_mkhz_20165-short.tsv	2		x				x			
rwk_mkhz_20186-1.tsv	2		x						x	
rwk_mkhz_20296-1.tsv	2			x					x	
rwk_mkhz_20433-1.tsv	2			x					x	
rwk_mkhz_20442-short.tsv	2		x						x	
rwk_mkhz_20480-short.tsv	2		x				x			
rwk_mkhz_20485-1.tsv	2		x				x			
rwk_mkhz_20490-1.tsv	2			x					x	
rwk_mkhz_20496-1.tsv	2		x				x			
rwk_mkhz_20508-1.tsv	2		x				x			
rwk_mkhz_20512-short.tsv	2			x					x	
rwk_mkhz_20540-short.tsv	2		x	x						
rwk_mkhz_20557-short.tsv	2		x				x			
rwk_mkhz_20561-short.tsv	2		x				x			
rwk_mkhz_20565-1.tsv	2		x				x			
rwk_mkhz_20567-short.tsv	2			x					x	
rwk_mkhz_20568-1.tsv	2			x					x	
rwk_mkhz_20573-short.tsv	2		x				x			
rwk_mkhz_20584-short.tsv	2		x				x			
rwk_mkhz_20588-1.tsv	2		x				x			
rwk_mkhz_20617-short.tsv	2			x					x	
rwk_mkhz_207-1.tsv	2			x				x		
rwk_mkhz_216-1.tsv	2		x					x		
rwk_mkhz_218-short.tsv	2						x	x		
rwk_mkhz_219-short.tsv	2			x		x				
rwk_mkhz_231-1.tsv	2	x					x			
rwk_mkhz_241-1.tsv	2			x				x		
rwk_mkhz_243-1.tsv	2		x					x		
rwk_mkhz_2460-short.tsv	2		x					x		
rwk_mkhz_2477-1.tsv	2		x				x			
rwk_mkhz_248-1.tsv	2						x	x		
rwk_mkhz_2500-1.tsv	2		x				x			
rwk_mkhz_252-1.tsv	2			x		x				
rwk_mkhz_2557-1.tsv	2		x					x		
rwk_mkhz_255-short.tsv	2		x					x		
rwk_mkhz_2562-1.tsv	2		x					x		
rwk_mkhz_2567-short.tsv	2			x				x		
rwk_mkhz_2735-1.tsv	2	x					x			
rwk_mkhz_2739-1.tsv	2						x		x	
rwk_mkhz_2740-1.tsv	2		x				x			
rwk_mkhz_2754-short.tsv	2						x	x		
rwk_mkhz_2756-1.tsv	2						x	x		
rwk_mkhz_2757-1.tsv	2	x					x			
rwk_mkhz_2767-1.tsv	2						x		x	
rwk_mkhz_2769-short.tsv	2	x					x			
rwk_mkhz_277-1.tsv	2			x		x				
rwk_mkhz_2776-short.tsv	2	x					x			
rwk_mkhz_2778-1.tsv	6	x	x		x	x	x	x		
rwk_mkhz_2781-short.tsv	2		x					x		
rwk_mkhz_2787-1.tsv	2	x						x		
rwk_mkhz_2789-1.tsv	2	x					x			
rwk_mkhz_2799-short.tsv	2		x				x			
rwk_mkhz_2802-1.tsv	2						x	x		
rwk_mkhz_2803-short.tsv	2		x				x			
rwk_mkhz_2804-short.tsv	2		x				x			
rwk_mkhz_2808-short.tsv	2		x				x			
rwk_mkhz_2810-1.tsv	2		x				x			
rwk_mkhz_2812-1.tsv	2						x		x	
rwk_mkhz_2815-1.tsv	2						x	x		
rwk_mkhz_2816-1.tsv	2						x	x		
rwk_mkhz_2843-1.tsv	2	x					x			
rwk_mkhz_2843-2.tsv	2						x		x	
rwk_mkhz_2847-1.tsv	2	x					x			
rwk_mkhz_2848-1.tsv	2		x				x			
rwk_mkhz_2848-2.tsv	2		x					x		
rwk_mkhz_2850-short.tsv	2		x					x		
rwk_mkhz_3132-1.tsv	2						x		x	
rwk_mkhz_3162-short.tsv	2		x				x			
rwk_mkhz_3246-1.tsv	2		x				x			
rwk_mkhz_3284-1.tsv	3		x				x	x		
rwk_mkhz_3297-short.tsv	2						x	x		
rwk_mkhz_3341-short.tsv	2		x					x		
rwk_mkhz_3412-short.tsv	2		x						x	
rwk_mkhz_3419-short.tsv	2			x				x		
rwk_mkhz_3469-short.tsv	2						x	x		
rwk_mkhz_3480-1.tsv	2		x						x	
rwk_mkhz_3537-short.tsv	2		x						x	
rwk_mkhz_3552-1.tsv	2		x					x		
rwk_mkhz_3556-short.tsv	2		x				x			
rwk_mkhz_3602-short.tsv	2						x	x		
rwk_mkhz_362-1.tsv	2	x					x			
rwk_mkhz_3637-short.tsv	2						x	x		
rwk_mkhz_3698-short.tsv	2		x					x		
rwk_mkhz_3702-short.tsv	2			x				x		
rwk_mkhz_372-1.tsv	2	x					x			
rwk_mkhz_3759-1.tsv	2		x					x		
rwk_mkhz_378-1.tsv	2			x		x				
rwk_mkhz_3809-1.tsv	2						x	x		
rwk_mkhz_3813-short.tsv	2		x					x		
rwk_mkhz_3909-short.tsv	2		x					x		
rwk_mkhz_3929-short.tsv	2						x		x	
rwk_mkhz_3952-short.tsv	2		x				x			
rwk_mkhz_4131-short.tsv	2		x					x		
rwk_mkhz_4136-1.tsv	2			x				x		
rwk_mkhz_4142-1.tsv	2						x		x	
rwk_mkhz_4299-1.tsv	2	x					x			
rwk_mkhz_4304-1.tsv	2		x					x		
rwk_mkhz_4375-short.tsv	2		x						x	
rwk_mkhz_4387-1.tsv	2		x				x			
rwk_mkhz_4519-short.tsv	2		x					x		
rwk_mkhz_4544-1.tsv	2		x					x		
rwk_mkhz_4555-1.tsv	2	x					x			
rwk_mkhz_4561-1.tsv	2		x					x		
rwk_mkhz_4565-1.tsv	2			x				x		
rwk_mkhz_5010-1.tsv	2		x				x			
rwk_mkhz_5019-1.tsv	2		x						x	
rwk_mkhz_5024-short.tsv	2		x					x		
rwk_mkhz_5092-1.tsv	2			x				x		
rwk_mkhz_5098-short.tsv	2		x				x			
rwk_mkhz_50-short.tsv	2						x	x		
rwk_mkhz_5102-1.tsv	2		x					x		
rwk_mkhz_5150-1.tsv	2		x					x		
rwk_mkhz_5169-short.tsv	2		x					x		
rwk_mkhz_5182-short.tsv	2		x						x	
rwk_mkhz_5235-short.tsv	2						x	x		
rwk_mkhz_5285-1.tsv	2		x					x		
rwk_mkhz_5402-1.tsv	2		x						x	
rwk_mkhz_5419-short.tsv	2		x						x	
rwk_mkhz_5454-short.tsv	2		x					x		
rwk_mkhz_5510-short.tsv	2		x				x			
rwk_mkhz_5520-1.tsv	2		x				x			
rwk_mkhz_5523-short.tsv	2		x				x			
rwk_mkhz_5544-short.tsv	2		x				x			
rwk_mkhz_5566-short.tsv	2						x	x		
rwk_mkhz_5595-short.tsv	2		x					x		
rwk_mkhz_5790-1.tsv	2							x	x	
rwk_mkhz_58-1.tsv	2			x				x		
rwk_mkhz_582-1.tsv	2		x					x		
rwk_mkhz_5826-short.tsv	2		x				x			
rwk_mkhz_5840-1.tsv	2						x	x		
rwk_mkhz_5848-short.tsv	2		x					x		
rwk_mkhz_5849-short.tsv	2						x	x		
rwk_mkhz_5858-1.tsv	2		x						x	
rwk_mkhz_5862-short.tsv	2		x					x		
rwk_mkhz_5878-short.tsv	2						x	x		
rwk_mkhz_5879-short.tsv	2						x	x		
rwk_mkhz_5885-short.tsv	2		x					x		
rwk_mkhz_5893-1.tsv	2						x	x		
rwk_mkhz_5928-1.tsv	2		x					x		
rwk_mkhz_593-1.tsv	2	x					x			
rwk_mkhz_593-2.tsv	2			x				x		
rwk_mkhz_5958-1.tsv	2							x	x	
rwk_mkhz_5964-short.tsv	2						x	x		
rwk_mkhz_5998-1.tsv	2						x	x		
rwk_mkhz_5-short.tsv	2			x		x				
rwk_mkhz_6008-1.tsv	2			x			x			
rwk_mkhz_6012-short.tsv	2	x					x			
rwk_mkhz_6047-1.tsv	2						x	x		
rwk_mkhz_6052-short.tsv	2		x					x		
rwk_mkhz_6078-short.tsv	2						x	x		
rwk_mkhz_6081-1.tsv	2	x					x			
rwk_mkhz_6109-1.tsv	2						x	x		
rwk_mkhz_6115-1.tsv	2		x					x		
rwk_mkhz_6126-1.tsv	2							x	x	
rwk_mkhz_6127-1.tsv	2			x				x		
rwk_mkhz_6129-1.tsv	2		x						x	
rwk_mkhz_6130-1.tsv	2		x					x		
rwk_mkhz_6131-1.tsv	2		x					x		
rwk_mkhz_6147-1.tsv	6	x	x		x	x	x	x		
rwk_mkhz_6156-1.tsv	2			x				x		
rwk_mkhz_6166-1.tsv	2			x			x			
rwk_mkhz_6177-1.tsv	2							x	x	
rwk_mkhz_6186-1.tsv	2	x					x			
rwk_mkhz_6190-1.tsv	2							x	x	
rwk_mkhz_6205-1.tsv	2							x	x	
rwk_mkhz_62-1.tsv	2	x					x			
rwk_mkhz_6237-short.tsv	2			x			x			
rwk_mkhz_6260-1.tsv	2	x					x			
rwk_mkhz_6260-2.tsv	2			x			x			
rwk_mkhz_6262-1.tsv	2						x	x		
rwk_mkhz_6263-1.tsv	6	x	x		x	x	x	x		
rwk_mkhz_6269-1.tsv	2							x	x	
rwk_mkhz_6274-1.tsv	2						x	x		
rwk_mkhz_6277-short.tsv	2			x			x			
rwk_mkhz_6281-1.tsv	2		x					x		
rwk_mkhz_6281-2.tsv	2			x				x		
rwk_mkhz_6288-2.tsv	2		x						x	
rwk_mkhz_6291-1.tsv	2			x			x			
rwk_mkhz_6294-1.tsv	2							x	x	
rwk_mkhz_6305-1.tsv	2		x					x		
rwk_mkhz_6319-1.tsv	2		x					x		
rwk_mkhz_6322-1.tsv	2			x				x		
rwk_mkhz_6323-short.tsv	2							x	x	
rwk_mkhz_6338-1.tsv	2		x					x		
rwk_mkhz_6347-1.tsv	2							x	x	
rwk_mkhz_6348-1.tsv	2			x			x			
rwk_mkhz_6351-1.tsv	2		x	x						
rwk_mkhz_6351-2.tsv	2			x					x	
rwk_mkhz_6360-1.tsv	3		x				x	x		
rwk_mkhz_6361-1.tsv	2	x					x			
rwk_mkhz_6365-short.tsv	2			x			x			
rwk_mkhz_6367-1.tsv	2	x					x			
rwk_mkhz_6376-1.tsv	2						x	x		
rwk_mkhz_6390-short.tsv	2							x	x	
rwk_mkhz_6396-1.tsv	2		x				x			
rwk_mkhz_6396-2.tsv	2		x	x						
rwk_mkhz_6398-short.tsv	2			x			x			
rwk_mkhz_6563-1.tsv	3		x				x	x		
rwk_mkhz_6646-1.tsv	2		x						x	
rwk_mkhz_6683-short.tsv	2			x			x			
rwk_mkhz_71-1.tsv	2			x		x				
rwk_mkhz_75-1.tsv	2		x					x		
rwk_mkhz_778-short.tsv	2			x		x				
rwk_mkhz_83-1.tsv	2			x		x				
rwk_mkhz_890-1.tsv	2						x	x		
rwk_mkhz_891-short.tsv	2		x					x		
rwk_mkhz_917-1.tsv	2			x		x				
rwk_mkhz_96-1.tsv	2						x	x		
