file	annotator	orig_filename	year	decade	source	title	author	fictional	text_type	periodical	narrative	cabtokens	dialect	perspective	quotes
rwz_sample_digbib_1006-1.xmi	earth	Busch,_Wilhelm_6__Das_harte_Geluebde.tg655_1.xml	1910	1910	digbib	6. Das harte Gelübde	Busch, Wilhelm	yes	Erzähltext		yes	598	NA	NA	NA
rwz_sample_digbib_1008-1.xmi	earth	Busch,_Wilhelm_7__Die_boese_Stiefmutter.tg656_1.xml	1910	1910	digbib	7. Die böse Stiefmutter	Busch, Wilhelm	yes	Erzähltext		yes	592	NA	NA	NA
rwz_sample_digbib_1014-2.xmi	earth	Busch,_Wilhelm_Der_Schmetterling.tg644_1.xml	1895	1890	digbib	Der Schmetterling	Busch, Wilhelm	yes	Erzähltext		yes	626	NA	NA	NA
rwz_sample_digbib_1018-1.xmi	earth	Busch,_Wilhelm_Meiers_Hinnerk.tg645_1.xml	1907	1900	digbib	Meiers Hinnerk	Busch, Wilhelm	yes	Erzähltext		yes	632	NA	NA	NA
rwz_sample_digbib_1018-2.xmi	earth	Busch,_Wilhelm_Meiers_Hinnerk.tg645_1.xml	1907	1900	digbib	Meiers Hinnerk	Busch, Wilhelm	yes	Erzähltext		yes	624	NA	NA	NA
rwz_sample_digbib_1019-1.xmi	earth	Cechov,_Anton_Pavlovic_Die_Dame_mit_dem_Huendchen.tg5_1.xml	1899	1890	digbib	Die Dame mit dem Hündchen	?echov, Anton Pavlovi?	yes	Erzähltext		yes	591	NA	NA	NA
rwz_sample_digbib_1019-2.xmi	earth	Cechov,_Anton_Pavlovic_Die_Dame_mit_dem_Huendchen.tg5_1.xml	1899	1890	digbib	Die Dame mit dem Hündchen	?echov, Anton Pavlovi?	yes	Erzähltext		yes	596	NA	NA	NA
rwz_sample_digbib_1020-1.xmi	neptune	Cechov,_Anton_Pavlovic_Gram.tg4_1.xml	1886	1880	digbib	Gram	?echov, Anton Pavlovi?	yes	Erzähltext		yes	612	NA	NA	NA
rwz_sample_digbib_1028-1.xmi	earth	Christ,_Lena_Die_Erbschaft.tg64_1.xml	1919	1910	digbib	Die Erbschaft	Christ, Lena	yes	Erzähltext		yes	662	NA	NA	NA
rwz_sample_digbib_1028-2.xmi	uranus	Christ,_Lena_Die_Erbschaft.tg64_1.xml	1919	1910	digbib	Die Erbschaft	Christ, Lena	yes	Erzähltext		yes	656	NA	NA	NA
rwz_sample_digbib_1032-1.xmi	earth	Christ,_Lena_Die_Ostereier_der_Reiserbuben.tg69_1.xml	1919	1910	digbib	Die Ostereier der Reiserbuben	Christ, Lena	yes	Erzähltext		yes	625	NA	NA	NA
rwz_sample_digbib_1038-1.xmi	earth	Christen,_Ada_Als_er_heimkehrte.tg330_1.xml	1884	1880	digbib	Als er heimkehrte	Christen, Ada	yes	Erzähltext		yes	613	NA	NA	NA
rwz_sample_digbib_1042-2.xmi	neptune	Christen,_Ada_Rahel.tg327_1.xml	1873	1870	digbib	Rahel	Christen, Ada	yes	Erzähltext		yes	601	NA	NA	NA
rwz_sample_digbib_1068-1.xmi	uranus	Colshorn,_Carl_und_Theodor_34__Der_weisse_Ziegenbock.tg40_1.xml	1854	1850	digbib	34. Der weiße Ziegenbock 	Colshorn, Carl und Theodor	yes	Erzähltext		yes	584	NA	NA	NA
rwz_sample_digbib_1126-1.xmi	earth	Colshorn,_Carl_und_Theodor_89__Der_Schmied_und_der_Teufel.tg98_1.xml	1854	1850	digbib	89. Der Schmied und derTeufel	Colshorn, Carl und Theodor	yes	Erzähltext		yes	640	NA	NA	NA
rwz_sample_digbib_1134-2.xmi	earth	Dohm,_Hedwig_Wie_Frauen_werden.tg10_1.xml	1894	1890	digbib	Wie Frauen werden	Dohm, Hedwig	yes	Erzähltext		yes	607	NA	NA	NA
rwz_sample_digbib_1136-2.xmi	earth	Droste-Huelshoff,_Annette_von_Die_Judenbuche.tg257_1.xml	1842	1840	digbib	Die Judenbuche	Droste-Hülshoff, Annette von	yes	Erzähltext		yes	637	NA	NA	NA
rwz_sample_digbib_1138-1.xmi	uranus	Duncker,_Dora_Fuer_ihr_Kind.tg9_1.xml	1897	1890	digbib	Für ihr Kind	Duncker, Dora	yes	Erzähltext		yes	607	NA	NA	NA
rwz_sample_digbib_1140-3.xmi	neptune	Duncker,_Dora_Jugend.tg11_1.xml	1905	1900	digbib	Jugend	Duncker, Dora	yes	Erzähltext		yes	586	NA	NA	NA
rwz_sample_digbib_1143-1.xmi	neptune	Duncker,_Dora_Sturm.tg8_1.xml	1897	1890	digbib	Sturm	Duncker, Dora	yes	Erzähltext		yes	629	NA	NA	NA
rwz_sample_digbib_1145-1.xmi	earth	Ebner-Eschenbach,_Marie_von_Agave.tg126_1.xml	1903	1900	digbib	Agave	Ebner-Eschenbach, Marie von	yes	Erzähltext		yes	608	NA	NA	NA
rwz_sample_digbib_1145-5.xmi	neptune	Ebner-Eschenbach,_Marie_von_Agave.tg126_1.xml	1903	1900	digbib	Agave	Ebner-Eschenbach, Marie von	yes	Erzähltext		yes	628	NA	NA	NA
rwz_sample_digbib_1148-1.xmi	earth	Ebner-Eschenbach,_Marie_von_Der_Herr_Hofrat.tg132_1.xml	1915	1910	digbib	Der Herr Hofrat	Ebner-Eschenbach, Marie von	yes	Erzähltext		yes	631	NA	NA	NA
rwz_sample_digbib_1150-1.xmi	earth	Ebner-Eschenbach,_Marie_von_Der_Vorzugsschueler.tg125_1.xml	1898	1890	digbib	Der Vorzugsschüler	Ebner-Eschenbach, Marie von	yes	Erzähltext		yes	605	NA	NA	NA
rwz_sample_digbib_1150-2.xmi	saturn	Ebner-Eschenbach,_Marie_von_Der_Vorzugsschueler.tg125_1.xml	1898	1890	digbib	Der Vorzugsschüler	Ebner-Eschenbach, Marie von	yes	Erzähltext		yes	624	NA	NA	NA
rwz_sample_digbib_1160-1.xmi	earth	Essig,_Hermann_Der_Wetterfrosch.tg21_1.xml	1919	1910	digbib	Der Wetterfrosch	Essig, Hermann	yes	Erzähltext		yes	643	NA	NA	NA
rwz_sample_digbib_1167-1.xmi	earth	Fontane,_Theodor_Grete_Minde.tg704_1.xml	1879	1870	digbib	Grete Minde	Fontane, Theodor	yes	Erzähltext		yes	660	NA	NA	NA
rwz_sample_digbib_1168-1.xmi	earth	Fontane,_Theodor_Mathilde_Moehring.tg787_1.xml	1906	1900	digbib	Mathilde Möhring	Fontane, Theodor	yes	Erzähltext		yes	638	NA	NA	NA
rwz_sample_digbib_1175-1.xmi	earth	Franzos,_Karl_Emil_Esterka_Regina.tg52_1.xml	1877	1870	digbib	Esterka Regina	Franzos, Karl Emil	yes	Erzähltext		yes	631	NA	NA	NA
rwz_sample_digbib_1176-2.xmi	earth	Franzos,_Karl_Emil_Leib_Weihnachtskuchen_und_sein_Kind.tg56_1.xml	1896	1890	digbib	Leib Weihnachtskuchen und sein Kind	Franzos, Karl Emil	yes	Erzähltext		yes	704	NA	NA	NA
rwz_sample_digbib_1176-3.xmi	uranus	Franzos,_Karl_Emil_Leib_Weihnachtskuchen_und_sein_Kind.tg56_1.xml	1896	1890	digbib	Leib Weihnachtskuchen und sein Kind	Franzos, Karl Emil	yes	Erzähltext		yes	594	NA	NA	NA
rwz_sample_digbib_1181-1.xmi	earth	François,_Louise_von_Der_Katzenjunker.tg58_1.xml	1879	1870	digbib	Der Katzenjunker	François, Louise von	yes	Erzähltext		yes	633	NA	NA	NA
rwz_sample_digbib_1182-1.xmi	earth	François,_Louise_von_Der_Posten_der_Frau.tg45_1.xml	1857	1850	digbib	Der Posten der Frau	François, Louise von	yes	Erzähltext		yes	720	NA	NA	NA
rwz_sample_digbib_1184-1.xmi	earth	François,_Louise_von_Judith__die_Kluswirtin.tg47_1.xml	1862	1860	digbib	Judith, die Kluswirtin	François, Louise von	yes	Erzähltext		yes	641	NA	NA	NA
rwz_sample_digbib_1184-3.xmi	earth	François,_Louise_von_Judith__die_Kluswirtin.tg47_1.xml	1862	1860	digbib	Judith, die Kluswirtin	François, Louise von	yes	Erzähltext		yes	688	NA	NA	NA
rwz_sample_digbib_1184-4.xmi	uranus	François,_Louise_von_Judith__die_Kluswirtin.tg47_1.xml	1862	1860	digbib	Judith, die Kluswirtin	François, Louise von	yes	Erzähltext		yes	593	NA	NA	NA
rwz_sample_digbib_1190-1.xmi	uranus	Frapan,_Ilse_Die_Liebe_ist_gerettet.tg18_1.xml	1890	1890	digbib	Die Liebe ist gerettet	Frapan, Ilse	yes	Erzähltext		yes	623	NA	NA	NA
rwz_sample_digbib_1194-2.xmi	earth	Gogol,_Nikolaj_Vasilevic_Der_Mantel.tg8_1.xml	1842	1840	digbib	Der Mantel	Gogol, Nikolaj Vasilevi?	yes	Erzähltext		yes	585	NA	NA	NA
rwz_sample_digbib_1195-1.xmi	neptune	Gotthelf,_Jeremias_Barthli_der_Korber.tg66_1.xml	1852	1850	digbib	Barthli der Korber	Gotthelf, Jeremias	yes	Erzähltext		yes	610	NA	NA	NA
rwz_sample_digbib_1197-1.xmi	earth	Gotthelf,_Jeremias_Die_schwarze_Spinne.tg63_1.xml	1842	1840	digbib	Die schwarze Spinne	Gotthelf, Jeremias	yes	Erzähltext		yes	621	NA	NA	NA
rwz_sample_digbib_1198-2.xmi	neptune	Gotthelf,_Jeremias_Elsi__die_seltsame_Magd.tg64_1.xml	1843	1840	digbib	Elsi, die seltsame Magd	Gotthelf, Jeremias	yes	Erzähltext		yes	629	NA	NA	NA
rwz_sample_digbib_1199-1.xmi	neptune	Grillparzer,_Franz_Der_arme_Spielmann.tg1810_1.xml	1847	1840	digbib	Der arme Spielmann	Grillparzer, Franz	yes	Erzähltext		yes	634	NA	NA	NA
rwz_sample_digbib_1201-1.xmi	earth	Hartleben,_Otto_Erich_Vom_Gastfreien_Pastor.tg261_1.xml	1895	1890	digbib	Vom Gastfreien Pastor	Hartleben, Otto Erich	yes	Erzähltext		yes	602	NA	NA	NA
rwz_sample_digbib_1205-1.xmi	earth	Heiseler,_Henry_von_Der_Begleiter.tg21_1.xml	1919	1910	digbib	Der Begleiter	Heiseler, Henry von	yes	Erzähltext		yes	604	NA	NA	NA
rwz_sample_digbib_1206-1.xmi	uranus	Heyking,_Elisabeth_von_Das_Geheimnis_des_Amerikaners.tg77_1.xml	1905	1900	digbib	Das Geheimnis des Amerikaners	Heyking, Elisabeth von	yes	Erzähltext		yes	652	NA	NA	NA
rwz_sample_digbib_121-1.xmi	earth	Altenberg,_Peter_In_einem_Gedenkbuche.tg143_1.xml	1901	1900	digbib	In einem Gedenkbuche	Altenberg, Peter	yes	Erzähltext		yes	681	NA	NA	NA
rwz_sample_digbib_1212-1.xmi	neptune	Heym,_Georg_Der_fuenfte_Oktober.tg146_1.xml	1913	1910	digbib	Der fünfte Oktober	Heym, Georg	yes	Erzähltext		yes	604	NA	NA	NA
rwz_sample_digbib_1216-1.xmi	earth	Heym,_Georg_Jonathan.tg149_1.xml	1913	1910	digbib	Jonathan	Heym, Georg	yes	Erzähltext		yes	591	NA	NA	NA
rwz_sample_digbib_1217-4.xmi	uranus	Heyse,_Paul_Andrea_Delfin.tg565_1.xml	1862	1860	digbib	Andrea Delfin	Heyse, Paul	yes	Erzähltext		yes	583	NA	NA	NA
rwz_sample_digbib_1219-1.xmi	uranus	Hofmannsthal,_Hugo_von_Das_Maerchen_der_672__Nacht.tg360_1.xml	1895	1890	digbib	Das Märchen der 672. Nacht	Hofmannsthal, Hugo von	yes	Erzähltext		yes	579	NA	NA	NA
rwz_sample_digbib_1220-1.xmi	earth	Hofmannsthal,_Hugo_von_Die_Frau_ohne_Schatten.tg364_1.xml	1919	1910	digbib	Die Frau ohne Schatten	Hofmannsthal, Hugo von	yes	Erzähltext		yes	617	NA	NA	NA
rwz_sample_digbib_1220-3.xmi	uranus	Hofmannsthal,_Hugo_von_Die_Frau_ohne_Schatten.tg364_1.xml	1919	1910	digbib	Die Frau ohne Schatten	Hofmannsthal, Hugo von	yes	Erzähltext		yes	588	NA	NA	NA
rwz_sample_digbib_1221-4.xmi	uranus	Hofmannsthal,_Hugo_von_Erlebnis_des_Marschalls_von_Bassompierre.tg362_1.xml	1900	1900	digbib	Erlebnis des Marschalls von Bassompierre	Hofmannsthal, Hugo von	yes	Erzähltext		yes	601	NA	NA	NA
rwz_sample_digbib_1222-1.xmi	earth	Hofmannsthal,_Hugo_von_Lucidor.tg363_1.xml	1910	1910	digbib	Lucidor	Hofmannsthal, Hugo von	yes	Erzähltext		yes	596	NA	NA	NA
rwz_sample_digbib_1223-2.xmi	earth	Hofmannsthal,_Hugo_von_Reitergeschichte.tg361_1.xml	1899	1890	digbib	Reitergeschichte	Hofmannsthal, Hugo von	yes	Erzähltext		yes	575	NA	NA	NA
rwz_sample_digbib_1280-1.xmi	uranus	Jahn,_Ulrich_59__Der_Zauberring_und_das_Zauberschloss.tg85_1.xml	1891	1890	digbib	Der Zauberring und das Zauberschloss	Jahn, Ulrich	yes	Erzähltext		yes	598	NA	NA	NA
rwz_sample_digbib_1308-1.xmi	uranus	Janitschek,_Maria_Darueber_kommt_kein_Weib_hinweg____.tg107_1.xml	1902	1900	digbib	Darüber kommt kein Weib hinweg...	Janitschek, Maria	yes	Erzähltext		yes	616	NA	NA	NA
rwz_sample_digbib_1325-2.xmi	uranus	Janitschek,_Maria_Poverino.tg56_1.xml	1897	1890	digbib	Poverino	Janitschek, Maria	yes	Erzähltext		yes	601	NA	NA	NA
rwz_sample_digbib_1329-4.xmi	neptune	Keller,_Gottfried_Das_Faehnlein_der_sieben_Aufrechten.tg823_1.xml	1860	1860	digbib	Das Fähnlein der sieben Aufrechten	Keller, Gottfried	yes	Erzähltext		yes	607	NA	NA	NA
rwz_sample_digbib_1332-1.xmi	earth	Keller,_Gottfried_Der_Landvogt_von_Greifensee.tg821_1.xml	1877	1870	digbib	Der Landvogt von Greifensee	Keller, Gottfried	yes	Erzähltext		yes	643	NA	NA	NA
rwz_sample_digbib_1343-2.xmi	uranus	Keller,_Gottfried_Spiegel__das_Kaetzchen__Ein_Maerchen.tg806_1.xml	1856	1850	digbib	Spiegel, das Kätzchen. Ein Märchen	Keller, Gottfried	yes	Erzähltext		yes	618	NA	NA	NA
rwz_sample_digbib_1366-1.xmi	uranus	Klabund_Im_Russenlager.tg450_1.xml	1918	1910	digbib	Im Russenlager	Klabund	yes	Erzähltext		yes	595	NA	NA	NA
rwz_sample_digbib_149-1.xmi	neptune	Altenberg,_Peter_Man_braucht_Mehrere.tg171_1.xml	1901	1900	digbib	Man braucht Mehrere	Altenberg, Peter	yes	Erzähltext		yes	721	NA	NA	NA
rwz_sample_digbib_164-1.xmi	earth	Altenberg,_Peter_Newsky_Roussotine_Truppe.tg191_1.xml	1901	1900	digbib	Newsky Roussotine-Truppe	Altenberg, Peter	yes	Erzähltext		yes	648	NA	NA	NA
rwz_sample_digbib_172-1.xmi	earth	Altenberg,_Peter_P_A__und_T_K_.tg12_1.xml	1896	1890	digbib	P. A. und T. K.	Altenberg, Peter	yes	Erzähltext		yes	689	NA	NA	NA
rwz_sample_digbib_1724-1.xmi	earth	Kuhn,_Adalbert_40___Colon_Beckhake_hat_einmal_abends_seine_Angeln_am_Darmssen_aufgestellt_.tg1543_1.xml	1859	1850	digbib	40. [Colon Beckhake hat einmal abends seine Angeln am Darmssen aufgestellt]	Kuhn, Adalbert	yes	Erzähltext		yes	700	NA	NA	NA
rwz_sample_digbib_1869-4.xmi	uranus	Leskov,_Semenovic_Nikolaj_Die_Lady_Makbeth_des_Mzensker_Landkreises.tg27_1.xml	1865	1860	digbib	Die Lady Makbeth des Mzensker Landkreises	Leskov, Semënovi? Nikolaj	yes	Erzähltext		yes	694	NA	NA	NA
rwz_sample_digbib_1875-1.xmi	uranus	Lichtenstein,_Alfred_Die_Jungfrau.tg127_1.xml	1919	1910	digbib	Die Jungfrau	Lichtenstein, Alfred	yes	Erzähltext		yes	615	NA	NA	NA
rwz_sample_digbib_1888-2.xmi	uranus	Ludwig,_Otto_Zwischen_Himmel_und_Erde.tg63_1.xml	1856	1850	digbib	Zwischen Himmel und Erde	Ludwig, Otto	yes	Erzähltext		yes	596	NA	NA	NA
rwz_sample_digbib_1890-2.xmi	uranus	Marlitt,_Eugenie_Amtmanns_Magd.tg123_1.xml	1881	1880	digbib	Amtmanns Magd	Marlitt, Eugenie	yes	Erzähltext		yes	630	NA	NA	NA
rwz_sample_digbib_1892-3.xmi	uranus	Marlitt,_Eugenie_Die_zwoelf_Apostel.tg121_1.xml	1865	1860	digbib	Die zwölf Apostel	Marlitt, Eugenie	yes	Erzähltext		yes	625	NA	NA	NA
rwz_sample_digbib_1893-1.xmi	earth	Marlitt,_Eugenie_Schulmeisters_Marie.tg120_1.xml	1888	1880	digbib	Schulmeisters Marie	Marlitt, Eugenie	yes	Erzähltext		yes	633	NA	NA	NA
rwz_sample_digbib_1905-1.xmi	uranus	Meier,_Ernst_23__Der_arme_Fischer.tg30_1.xml	1852	1850	digbib	23. Der arme Fischer	Meier, Ernst	yes	Erzähltext		yes	625	NA	NA	NA
rwz_sample_digbib_1917-1.xmi	earth	Meier,_Ernst_37__Das_tapfere_Schneiderlein.tg44_1.xml	1852	1850	digbib	37. Das tapfere Schneiderlein	Meier, Ernst	yes	Erzähltext		yes	597	NA	NA	NA
rwz_sample_digbib_1966-2.xmi	earth	Meyer,_Conrad_Ferdinand_Angela_Borgia.tg421_1.xml	1891	1890	digbib	Angela Borgia	Meyer, Conrad Ferdinand	yes	Erzähltext		yes	600	NA	NA	NA
rwz_sample_digbib_1969-1.xmi	earth	Meyer,_Conrad_Ferdinand_Der_Heilige.tg386_1.xml	1879	1870	digbib	Der Heilige	Meyer, Conrad Ferdinand	yes	Erzähltext		yes	589	NA	NA	NA
rwz_sample_digbib_1971-1.xmi	earth	Meyer,_Conrad_Ferdinand_Die_Hochzeit_des_Moenchs.tg407_1.xml	1883	1880	digbib	Die Hochzeit des Mönchs	Meyer, Conrad Ferdinand	yes	Erzähltext		yes	661	NA	NA	NA
rwz_sample_digbib_2028-1.xmi	earth	Moellhausen,_Balduin_Die_Mandanenwaise.tg4_1.xml	1865	1860	digbib	Die Mandanenwaise	Möllhausen, Balduin	yes	Erzähltext		yes	656	NA	NA	NA
rwz_sample_digbib_2028-2.xmi	earth	Moellhausen,_Balduin_Die_Mandanenwaise.tg4_1.xml	1865	1860	digbib	Die Mandanenwaise	Möllhausen, Balduin	yes	Erzähltext		yes	587	NA	NA	NA
rwz_sample_digbib_2029-1.xmi	earth	Moerike,_Eduard_Das_Stuttgarter_Hutzelmaennlein.tg268_1.xml	1853	1850	digbib	Das Stuttgarter Hutzelmännlein	Mörike, Eduard	yes	Erzähltext		yes	615	NA	NA	NA
rwz_sample_digbib_223-1.xmi	earth	Anzengruber,_Ludwig_1__Vom_Hanns_und_der_Gretl.tg225_1.xml	1880	1880	digbib	1. Vom Hanns und der Gretl	Anzengruber, Ludwig	yes	Erzähltext		yes	604	NA	NA	NA
rwz_sample_digbib_225-1.xmi	earth	Anzengruber,_Ludwig_3__Die_Gschicht_von_der_Maschin.tg228_1.xml	1880	1880	digbib	3. Die Gschicht von der Maschin	Anzengruber, Ludwig	yes	Erzähltext		yes	591	NA	NA	NA
rwz_sample_digbib_228-1.xmi	earth	Anzengruber,_Ludwig_6__Eins_vom_Teufel.tg233_1.xml	1880	1880	digbib	6. Eins vom Teufel	Anzengruber, Ludwig	yes	Erzähltext		yes	621	NA	NA	NA
rwz_sample_digbib_229-1.xmi	earth	Anzengruber,_Ludwig_Der_Einsam.tg234_1.xml	1881	1880	digbib	Der Einsam	Anzengruber, Ludwig	yes	Erzähltext		yes	717	NA	NA	NA
rwz_sample_digbib_229-2.xmi	uranus	Anzengruber,_Ludwig_Der_Einsam.tg234_1.xml	1881	1880	digbib	Der Einsam	Anzengruber, Ludwig	yes	Erzähltext		yes	625	NA	NA	NA
rwz_sample_digbib_2340-1.xmi	earth	Muellenhoff,_Karl_529__Die_schwarze_Dorte.tg660_1.xml	1845	1840	digbib	529. Die schwarze Dorte	Müllenhoff, Karl	yes	Erzähltext		yes	569	NA	NA	NA
rwz_sample_digbib_2621-2.xmi	earth	Raabe,_Wilhelm_Das_Odfeld.tg256_1.xml	1889	1880	digbib	Das Odfeld	Raabe, Wilhelm	yes	Erzähltext		yes	594	NA	NA	NA
rwz_sample_digbib_2628-1.xmi	neptune	Reventlow,_Franziska_Graefin_zu_Das_allerjuengste_Gericht.tg86_1.xml	1897	1890	digbib	Das allerjüngste Gericht	Reventlow, Franziska Gräfin zu	yes	Erzähltext		yes	710	NA	NA	NA
rwz_sample_digbib_2644-1.xmi	saturn	Reventlow,_Franziska_Graefin_zu_Tot.tg88_1.xml	1911	1910	digbib	Tot	Reventlow, Franziska Gräfin zu	yes	Erzähltext		yes	688	NA	NA	NA
rwz_sample_digbib_2797-1.xmi	earth	Saar,_Ferdinand_von_Die_Geigerin.tg202_1.xml	1877	1870	digbib	Die Geigerin	Saar, Ferdinand von	yes	Erzähltext		yes	626	NA	NA	NA
rwz_sample_digbib_2801-1.xmi	earth	Saar,_Ferdinand_von_Die_Pfruendner.tg371_1.xml	1906	1900	digbib	Die Pfründner	Saar, Ferdinand von	yes	Erzähltext		yes	675	NA	NA	NA
rwz_sample_digbib_2998-1.xmi	neptune	Schnitzler,_Arthur_Das_Schicksal_des_Freiherrn_von_Leisenbohg.tg289_1.xml	1904	1900	digbib	Das Schicksal des Freiherrn von Leisenbohg	Schnitzler, Arthur	yes	Erzähltext		yes	648	NA	NA	NA
rwz_sample_digbib_301-1.xmi	earth	Bartsch,_Karl_1631___Haus__und_Schutzbrief__Im_Namen_Gottes_.tg2958_1.xml	1879	1870	digbib	1631. [Haus- und Schutzbrief. Im Namen Gottes]	Bartsch, Karl	yes	Erzähltext		yes	580	NA	NA	NA
rwz_sample_digbib_3020-2.xmi	neptune	Schnitzler,_Arthur_Er_wartet_auf_den_vazierenden_Gott.tg231_1.xml	1886	1880	digbib	Erwartet auf den vazierenden Gott	Schnitzler, Arthur	yes	Erzähltext		yes	637	NA	NA	NA
rwz_sample_digbib_3049-1.xmi	earth	Sommer,_Emil_1__Der_Berggeister_Geschenke.tg78_1.xml	1846	1840	digbib	1. Der Berggeister Geschenke	Sommer, Emil	yes	Erzähltext		yes	622	NA	NA	NA
rwz_sample_digbib_3143-1.xmi	earth	Storm,_Theodor_Das_Maerchen_von_den_drei_Spinnfrauen.tg261_1.xml	1919	1910	digbib	Das Märchen von den drei Spinnfrauen	Storm, Theodor	yes	Erzähltext		yes	631	NA	NA	NA
rwz_sample_digbib_3149-1.xmi	neptune	Storm,_Theodor_Die_Soehne_des_Senators.tg248_1.xml	1880	1880	digbib	Die Söhne des Senators	Storm, Theodor	yes	Erzähltext		yes	632	NA	NA	NA
rwz_sample_digbib_3157-1.xmi	neptune	Storm,_Theodor_Ein_stiller_Musikant.tg239_1.xml	1875	1870	digbib	Ein stiller Musikant	Storm, Theodor	yes	Erzähltext		yes	583	NA	NA	NA
rwz_sample_digbib_3165-1.xmi	uranus	Storm,_Theodor_Im_Schloss.tg216_1.xml	1862	1860	digbib	Im Schloß	Storm, Theodor	yes	Erzähltext		yes	606	NA	NA	NA
rwz_sample_digbib_3168-1.xmi	neptune	Storm,_Theodor_Marthe_und_ihre_Uhr.tg198_1.xml	1848	1840	digbib	Marthe und ihre Uhr	Storm, Theodor	yes	Erzähltext		yes	601	NA	NA	NA
rwz_sample_digbib_3174-1.xmi	earth	Storm,_Theodor_Veronika.tg212_1.xml	1861	1860	digbib	Veronika	Storm, Theodor	yes	Erzähltext		yes	575	NA	NA	NA
rwz_sample_digbib_3183-1.xmi	earth	Sudermann,_Hermann_Miks_Bumbullis.tg210_1.xml	1917	1910	digbib	Miks Bumbullis	Sudermann, Hermann	yes	Erzähltext		yes	666	NA	NA	NA
rwz_sample_digbib_3188-1.xmi	earth	Turgenev,_Ivan_Sergeeviç_Faust__Erzaehlung_in_neun_Briefen.tg4_1.xml	1856	1850	digbib	Faust. Erzählung in neun Briefen	Turgenev, Ivan Sergeeviç	yes	Erzähltext		yes	640	NA	NA	NA
rwz_sample_digbib_51-1.xmi	neptune	Altenberg,_Peter_Diese_ist_sein.tg156_1.xml	1901	1900	digbib	Diese ist sein	Altenberg, Peter	yes	Erzähltext		yes	719	NA	NA	NA
rwz_sample_digbib_593-1.xmi	neptune	Bechstein,_Ludwig_Das_Unentbehrlichste.tg163_1.xml	1856	1850	digbib	Das Unentbehrlichste	Bechstein, Ludwig	yes	Erzähltext		yes	696	NA	NA	NA
rwz_sample_digbib_612-1.xmi	earth	Bechstein,_Ludwig_Der_Mueller_und_die_Nixe.tg97_1.xml	1845	1840	digbib	Der Müller und die Nixe	Bechstein, Ludwig	yes	Erzähltext		yes	559	NA	NA	NA
rwz_sample_digbib_618-1.xmi	uranus	Bechstein,_Ludwig_Der_starke_Gottlieb.tg145_1.xml	1856	1850	digbib	Der starke Gottlieb	Bechstein, Ludwig	yes	Erzähltext		yes	646	NA	NA	NA
rwz_sample_digbib_634-1.xmi	earth	Bechstein,_Ludwig_Die_drei_dummen_Teufel.tg127_1.xml	1845	1840	digbib	Die drei dummen Teufel	Bechstein, Ludwig	yes	Erzähltext		yes	620	NA	NA	NA
rwz_sample_digbib_651-1.xmi	earth	Bechstein,_Ludwig_Die_Schlangenamme.tg186_1.xml	1856	1850	digbib	Die Schlangenamme	Bechstein, Ludwig	yes	Erzähltext		yes	612	NA	NA	NA
rwz_sample_digbib_654-1.xmi	uranus	Bechstein,_Ludwig_Die_schoene_junge_Braut.tg79_1.xml	1845	1840	digbib	Die schöne junge Braut	Bechstein, Ludwig	yes	Erzähltext		yes	617	NA	NA	NA
rwz_sample_digbib_753-1.xmi	earth	Birlinger,_Anton_20__Weihnachtsfest_in_Konstanz.tg1302_1.xml	1862	1860	digbib	20. Weihnachtsfest in Konstanz	Birlinger, Anton	yes	Erzähltext		yes	589	NA	NA	NA
rwz_sample_digbib_77-1.xmi	neptune	Altenberg,_Peter_Drei_junge_Damen_vom_Hof_Opern_Balett.tg251_1.xml	1901	1900	digbib	Drei junge Damen vom Hof-Opern-Balett	Altenberg, Peter	yes	Erzähltext		yes	688	NA	NA	NA
rwz_sample_digbib_786-1.xmi	earth	Birlinger,_Anton_2___In_der_Kirche_zu_Ennentach__Enned___ist_.tg893_1.xml	1861	1860	digbib	2. [In der Kirche zu Ennentach (Ennedâ )ist]	Birlinger, Anton	yes	Erzähltext		yes	636	NA	NA	NA
rwz_sample_digbib_84-1.xmi	neptune	Altenberg,_Peter_Ein_Brief_aus_Accra.tg113_1.xml	1896	1890	digbib	Ein Brief aus Accra	Altenberg, Peter	yes	Erzähltext		yes	647	NA	NA	NA
rwz_sample_digbib_9-1.xmi	earth	Altenberg,_Peter_At_Home.tg28_1.xml	1896	1890	digbib	At Home	Altenberg, Peter	yes	Erzähltext		yes	630	NA	NA	NA
rwz_sample_digbib_934-1.xmi	earth	Bjørnson,_Bjørnstjerne_Synnoeve_Solbakken.tg4_1.xml	1857	1850	digbib	Synnöve Solbakken	Bjørnson, Bjørnstjerne	yes	Erzähltext		yes	620	NA	NA	NA
rwz_sample_digbib_936-2.xmi	earth	Buechner,_Luise_2__Erzaehlung__Die_Geschichte_vom_Knecht_Nikolaus.tg109_1.xml	1868	1860	digbib	2. Erzählung. Die Geschichte vom Knecht Nikolaus	Büchner, Luise	yes	Erzähltext		yes	602	NA	NA	NA
rwz_sample_digbib_940-1.xmi	earth	Buechner,_Luise_6__Erzaehlung__Die_Geschichte_vom_Tannenbaeumchen.tg113_1.xml	1868	1860	digbib	6. Erzählung. Die Geschichte vom Tannenbäumchen	Büchner, Luise	yes	Erzähltext		yes	602	NA	NA	NA
rwz_sample_digbib_941-1.xmi	uranus	Buechner,_Luise_7__Erzaehlung__Die_Geschichte_von_dem_kleinen_naseweisen_Maedchen.tg114_1.xml	1868	1860	digbib	7. Erzählung. Die Geschichte von dem kleinen naseweisen Mädchen	Büchner, Luise	yes	Erzähltext		yes	597	NA	NA	NA
rwz_sample_digbib_943-2.xmi	earth	Buechner,_Luise_Der_kleine_Vagabund.tg104_1.xml	1878	1870	digbib	Der kleine Vagabund	Büchner, Luise	yes	Erzähltext		yes	687	NA	NA	NA
rwz_sample_digbib_957-1.xmi	earth	Busch,_Wilhelm_18__Des_Todtengraebers_Sohn.tg668_1.xml	1910	1910	digbib	18. Des Todtengräbers Sohn	Busch, Wilhelm	yes	Erzähltext		yes	595	NA	NA	NA
rwz_sample_digbib_981-2.xmi	neptune	Busch,_Wilhelm_32__Der_Soldat_und_das_Feuerzeug.tg683_1.xml	1910	1910	digbib	32. Der Soldat und das Feuerzeug	Busch, Wilhelm	yes	Erzähltext		yes	638	NA	NA	NA
rwz_sample_grenz_10274-1.xmi	neptune	grenzboten_341829_157663.txt_19.xml	1879	1870	grenz	Politische Briefe. VII. Die Begründung des Zolltarifs.	Undefined	no	Kommentar		no	583	NA	NA	NA
rwz_sample_grenz_10459-1.xmi	neptune	grenzboten_341829_157675.txt_60.xml	1879	1870	grenz	Rückblicke auf die Berliner Generalsynode. 1.	Undefined	no	Reportage		no	628	NA	NA	NA
rwz_sample_grenz_12346-2.xmi	neptune	grenzboten_341841_195390.txt_29.xml	1885	1880	grenz	Otium cum dignitate.	Undefined	no	Biographie		no	575	NA	NA	NA
rwz_sample_grenz_1290-1.xmi	uranus	grenzboten_341563_277987.txt_6.xml	1849	1840	grenz	Von der Ferdinandsbrücke über Oestreichs Organisation?	Undefined	no	Kommentar		no	670	NA	NA	NA
rwz_sample_grenz_13409-1.xmi	venus	grenzboten_341847_202098.txt_27.xml	1888	1880	grenz	Der deutsche Bund.	Pape, R.	no	Reportage		no	584	NA	NA	NA
rwz_sample_grenz_13599-1.xmi	neptune	grenzboten_341847_203434.txt_31.xml	1888	1880	grenz	Die Freihandelslehre in Geschichte und Wissenschaft.	Undefined	no	Reportage		no	574	NA	NA	NA
rwz_sample_grenz_1362-1.xmi	earth	grenzboten_341563_278509.txt_50.xml	1849	1840	grenz	Preußische Briefe. Dreizehnter Brief. Aristoteles und das octroyirte Wahlgesetz.	Undefined	no	Kommentar		no	600	NA	NA	NA
rwz_sample_grenz_13718-1.xmi	earth	grenzboten_341847_289122.txt_53.xml	1888	1880	grenz	Bayreuth. Ober- und Untertöne.	Undefined	no	Reisebericht/Brief		yes	650	NA	NA	NA
rwz_sample_grenz_13751-1.xmi	venus	grenzboten_341847_289122.txt_83.xml	1888	1880	grenz	Die landwirtschaftliche Notlage.	Undefined	no	Reportage		no	595	NA	NA	NA
rwz_sample_grenz_13798-1.xmi	venus	grenzboten_341849_204088.txt_4.xml	1889	1880	grenz	Goethe- und Schillerhetzer	Undefined	no	Rezension		no	621	NA	NA	NA
rwz_sample_grenz_1429-1.xmi	earth	grenzboten_341563_279025.txt_3.xml	1849	1840	grenz	Die Technik des Dramas.	Undefined	no	Reportage		no	574	NA	NA	NA
rwz_sample_grenz_14400-1.xmi	earth	grenzboten_341851_207936.txt_85.xml	1890	1890	grenz	Zum sozialen Frieden.	Schulze-Gaevernitz, Dr. Gerhart v.	no	Reportage		no	568	NA	NA	NA
rwz_sample_grenz_1494-1.xmi	earth	grenzboten_341563_279025.txt_89.xml	1849	1840	grenz	Eine starke Regierung.	Undefined	no	Kommentar		no	608	NA	NA	NA
rwz_sample_grenz_1590-1.xmi	earth	grenzboten_341563_279547.txt_85.xml	1849	1840	grenz	Oestreichische Tröstungen.	Undefined	no	Kommentar		no	607	NA	NA	NA
rwz_sample_grenz_18377-1.xmi	venus	grenzboten_341875_238787.txt_24.xml	1902	1900	grenz	Maßgebliches und Unmaßgebliches	Undefined	no	Kommentar		no	591	NA	NA	NA
rwz_sample_grenz_18522-2.xmi	venus	grenzboten_341877_239555.txt_66.xml	1903	1900	grenz	König Laurin	Undefined	no	Rezension		no	652	NA	NA	NA
rwz_sample_grenz_19199-1.xmi	venus	grenzboten_341879_295218.txt_34.xml	1904	1900	grenz	Kulturbilder von den kleinasiatischen Inseln (Fortsetzung) 3. Samos	Dieterich, Karl	no	Reportage		no	618	NA	NA	NA
rwz_sample_grenz_19228-1.xmi	saturn	grenzboten_341879_295218.txt_60.xml	1904	1900	grenz	Spanisches	Undefined	no	Reportage		yes	597	NA	NA	NA
rwz_sample_grenz_19639-1.xmi	venus	grenzboten_341883_298274.txt_10.xml	1906	1900	grenz	Maßgebliches und Unmaßgebliches	Undefined	no	Kommentar		no	556	NA	NA	NA
rwz_sample_grenz_19775-1.xmi	earth	grenzboten_341883_299040.txt_27.xml	1906	1900	grenz	Die Festungen Europas (Schluß)	Bruhns, B.	no	Reportage		no	555	NA	NA	NA
rwz_sample_grenz_21300-short.xmi	saturn	grenzboten_341891_315638.txt_28.xml	1910	1910	grenz	Gebet für ein wachsendes Feuer	Petrenz, Adolf	yes	Erzähltext		yes	295	NA	NA	NA
rwz_sample_grenz_22869-1.xmi	saturn	grenzboten_341899_328099.txt_5.xml	1914	1910	grenz	Die Hexe von Mayen (Dreizehnte Fortsetzung)	Niese, Charlotte 	yes	Erzähltext		yes	609	NA	NA	NA
rwz_sample_grenz_2419-1.xmi	earth	grenzboten_341573_93902.txt_52.xml	1852	1850	grenz	Wochenbericht.	Undefined	no	Kommentar		no	563	NA	NA	NA
rwz_sample_grenz_2524-1.xmi	earth	grenzboten_341573_94440.txt_89.xml	1852	1850	grenz	Gesundheit und Staat.	Undefined	no	Kommentar		no	610	NA	NA	NA
rwz_sample_grenz_257-1.xmi	earth	grenzboten_341546_180558.txt_33.xml	1844	1840	grenz	Ein Besuch bei Linné.	M. R.	no	Reisebericht/Brief		yes	615	NA	NA	NA
rwz_sample_grenz_3021-1.xmi	uranus	grenzboten_341578_96706.txt_55.xml	1854	1850	grenz	Aus Konstantinopel.	Undefined	no	Kommentar		no	574	NA	NA	NA
rwz_sample_grenz_307-1.xmi	neptune	grenzboten_341546_341790.txt_3.xml	1844	1840	grenz	Ueber die commerciellen Verhältnisse der deutschen Stational-Literatur.	Undefined	no	Rezension		no	564	NA	NA	NA
rwz_sample_grenz_3805-1.xmi	uranus	grenzboten_341586_103132.txt_50.xml	1857	1850	grenz	Französische Geschichtschreiber.	Undefined	no	Rezension		no	580	NA	NA	NA
rwz_sample_grenz_387-1.xmi	neptune	grenzboten_341548_269416.txt_8.xml	1845	1840	grenz	Die deutsche Bühne. Ein trauriges Lustspiel.	Boas, Eduard	yes	Erzähltext		no	619	NA	NA	NA
rwz_sample_grenz_408-1.xmi	neptune	grenzboten_341548_270058.txt_27.xml	1845	1840	grenz	Ein Buchbinder. Handwerkernovelle.	Boas, Eduard 	no	Erzähltext		yes	599	NA	NA	NA
rwz_sample_grenz_4666-1.xmi	earth	grenzboten_341594_108721.txt_57.xml	1860	1860	grenz	Das englische Blaubuch über Italien.	Undefined	no	Reportage		no	644	NA	NA	NA
rwz_sample_grenz_4685-1.xmi	earth	grenzboten_341594_108721.txt_8.xml	1860	1860	grenz	Briefe des Herzogs Friedrich Wilhelm von Braunschweig-Oels aus der Campagne von 1793.	Undefined	no	Reisebericht/Brief		no	587	NA	NA	NA
rwz_sample_grenz_4937-1.xmi	uranus	grenzboten_341793_110893.txt_46.xml	1861	1860	grenz	Alter Waidmannsbrauch.	Undefined	no	Reportage		no	585	NA	NA	NA
rwz_sample_grenz_5068-1.xmi	earth	grenzboten_341793_111969.txt_24.xml	1861	1860	grenz	Die Heuglinsche Expedition nach Mittelafrika.	Undefined	no	Reisebericht/Brief		no	576	NA	NA	NA
rwz_sample_grenz_5230-1.xmi	earth	grenzboten_341795_113241.txt_37.xml	1862	1860	grenz	Berliner Brief.	Undefined	no	Kommentar		no	592	NA	NA	NA
rwz_sample_grenz_5374-1.xmi	earth	grenzboten_341795_114313.txt_45.xml	1862	1860	grenz	Catania.	Undefined	no	Reportage		no	600	NA	NA	NA
rwz_sample_grenz_5391-1.xmi	earth	grenzboten_341795_114313.txt_8.xml	1862	1860	grenz	Die Protestanten in der Diaspora.	Undefined	no	Reportage		no	563	NA	NA	NA
rwz_sample_grenz_5940-1.xmi	earth	grenzboten_341799_360480.txt_28.xml	1864	1860	grenz	Das lauenburgische Annexionsgesuch.	Undefined	no	Kommentar		no	587	NA	NA	NA
rwz_sample_grenz_5996-1.xmi	earth	grenzboten_341801_282240.txt_2.xml	1865	1860	grenz	Die münchener Kunst der Gegenwart. Die bayrischen Könige Ludwig der Erste und Maximilian der Zweite.	Undefined	no	Reportage		no	551	NA	NA	NA
rwz_sample_grenz_6146-1.xmi	neptune	grenzboten_341801_283352.txt_5.xml	1865	1860	grenz	Erlebnisse eines preußischen Kaufmanns während des galizischen Aufstandes im Jahre 1846.	Undefined	no	Reisebericht/Brief		no	594	NA	NA	NA
rwz_sample_grenz_6440-1.xmi	neptune	grenzboten_341803_286147.txt_21.xml	1866	1860	grenz	Hannoveraner und Kurhessen.	Undefined	no	Kommentar		no	595	NA	NA	NA
rwz_sample_grenz_6667-1.xmi	neptune	grenzboten_341805_349917.txt_32.xml	1867	1860	grenz	Aus Schwaben.	Undefined	no	Reportage		no	645	NA	NA	NA
rwz_sample_grenz_7064-1.xmi	neptune	grenzboten_341807_287271.txt_8.xml	1868	1860	grenz	Bestrebungen zur Ausdehnung des weiblichen Wirkungskreises.	Undefined	no	Reportage		no	581	NA	NA	NA
rwz_sample_grenz_7095-1.xmi	neptune	grenzboten_341807_362043.txt_36.xml	1868	1860	grenz	Die Rüstungen des Kaisers Napoleon.	Undefined	no	Reportage		no	591	NA	NA	NA
rwz_sample_grenz_7381-1.xmi	neptune	grenzboten_341809_121754.txt_36.xml	1869	1860	grenz	Aus Mecklenburg.	Undefined	no	Kommentar		no	576	NA	NA	NA
rwz_sample_grenz_7506-1.xmi	uranus	grenzboten_341811_123619.txt_10.xml	1870	1870	grenz	Musikalische Briefe von Moriz Hauptmann.	Undefined	no	Rezension		no	580	NA	NA	NA
rwz_sample_grenz_7555-1.xmi	neptune	grenzboten_341811_123619.txt_55.xml	1870	1870	grenz	Die Reform der Preußischen Verfassung.	Undefined	no	Kommentar		no	563	NA	NA	NA
rwz_sample_grenz_7598-1.xmi	neptune	grenzboten_341811_124151.txt_30.xml	1870	1870	grenz	Ein Wort über die Lage.	Undefined	no	Reportage		no	583	NA	NA	NA
rwz_sample_grenz_7613-1.xmi	earth	grenzboten_341811_124151.txt_44.xml	1870	1870	grenz	Oestreich und der Krieg.	Undefined	no	Kommentar		no	570	NA	NA	NA
rwz_sample_grenz_775-1.xmi	uranus	grenzboten_341559_184763.txt_33.xml	1847	1840	grenz	Tagebuches.	Undefined	no	Rezension		no	610	NA	NA	NA
rwz_sample_grenz_7851-1.xmi	neptune	grenzboten_341813_125781.txt_34.xml	1871	1870	grenz	Straßburgs Bedeutung für den deutschen Humanismus. Ein Vortrag von Prof. Dr. Eckstein.	Undefined	no	Biographie		no	566	NA	NA	NA
rwz_sample_grenz_8120-1.xmi	neptune	grenzboten_341815_126853.txt_44.xml	1872	1870	grenz	Die heroischen Tage der sächsischen Lords.	Undefined	no	Reportage		no	576	NA	NA	NA
rwz_sample_grenz_8328-1.xmi	earth	grenzboten_341815_128453.txt_2.xml	1872	1870	grenz	Deutsche Staatsmänner und Abgeordnete. Präsident Simson.	Undefined	no	Biographie		yes	602	NA	NA	NA
rwz_sample_grenz_9021-1.xmi	venus	grenzboten_341819_359154.txt_54.xml	1874	1870	grenz	Am Silberlaut Nevada. Nach Mark Twain. (Schluß.)	Undefined	no	Reisebericht/Brief		yes	601	NA	NA	NA
rwz_sample_grenz_9435-1.xmi	venus	grenzboten_341823_157638.txt_20.xml	1875	1870	grenz	Literatur.	Duft, Hermann	no	Rezension		no	570	NA	NA	NA
rwz_sample_mkhz_10109-1.xmi	venus	MT_1887_01_10.txt_3.xml	1887	1880	mkhz.maehrisches	Das Schloß im Grünen.	Pflaume, K.	yes	Erzähltext		yes	578	NA	NA	NA
rwz_sample_mkhz_10484-1.xmi	venus	MT_1896_07_20.txt_14.xml	1896	1890	mkhz.maehrisches	Undefined	Undefined	yes	Erzähltext		yes	638	NA	NA	NA
rwz_sample_mkhz_1157-short.xmi	venus	nn_auswandererzeitung048_1852_4.xml	1852	1850	mkhz.auswandererzeitung	Undefined	Undefined	no	Anzeige		no	447	NA	NA	NA
rwz_sample_mkhz_1163-1.xmi	saturn	nn_auswandererzeitung049_1852_1.xml	1852	1850	mkhz.auswandererzeitung	Undefined	Undefined	no	Reisebericht/Brief		no	647	NA	NA	NA
rwz_sample_mkhz_135-short.xmi	uranus	nn_arbeitgeber1049_1877.txt_3.xml	1877	1870	mkhz.arbeitgeber	Erfindungen zu verkaufen:	Undefined	no	Nachrichten		no	586	NA	NA	NA
rwz_sample_mkhz_1417-short.xmi	venus	nn_bayerische085_1850.txt_4.xml	1850	1850	mkhz.bayerische	Fremden	Undefined	no	Anzeige		no	325	NA	NA	NA
rwz_sample_mkhz_1494-short.xmi	saturn	nn_bayerische132_1850.txt_7.xml	1850	1850	mkhz.bayerische	Bekanntmachung. Fremden-Anzeige. Gestorbene.	Undefined	no	Anzeige		no	284	NA	NA	NA
rwz_sample_mkhz_1499-short.xmi	saturn	nn_bayerische133_1850.txt_4.xml	1850	1850	mkhz.bayerische	Schwurgerichtsverhandlung.	Undefined	no	Nachrichten		no	295	NA	NA	NA
rwz_sample_mkhz_154-2.xmi	uranus	nn_arbeitgeber1059_1877.txt_1.xml	1877	1870	mkhz.arbeitgeber	Das 2000 jähr. Jubiläum der Papierfabrikation. I. Neue Erfindungen. Patentliste.	Undefined	no	Nachrichten		no	595	NA	NA	NA
rwz_sample_mkhz_162-short.xmi	earth	nn_arbeitgeber1067_1877.txt_2.xml	1877	1870	mkhz.arbeitgeber	Verschiedenes	Undefined	no	Nachrichten		no	309	NA	NA	NA
rwz_sample_mkhz_202-1.xmi	earth	nn_augsburg68_1871.txt_10.xml	1871	1870	mkhz.augsburg	Telegraphische Berichte.	Undefined	no	Nachrichten		no	756	NA	NA	NA
rwz_sample_mkhz_221-1.xmi	neptune	nn_augsburg69_1871.txt_5.xml	1871	1870	mkhz.augsburg	Undefined	Undefined	no	Nachrichten		no	605	NA	NA	NA
rwz_sample_mkhz_227-short.xmi	neptune	nn_augsburg71_1871.txt_2.xml	1871	1870	mkhz.augsburg	Industrie, Handel und Verkehr.	Undefined	no	Nachrichten		no	573	NA	NA	NA
rwz_sample_mkhz_2472-short.xmi	venus	nn_chronik024_1845_3.xml	1845	1840	mkhz.chronik	Undefined	Undefined	no	Kommentar		no	243	NA	NA	NA
rwz_sample_mkhz_2483-1.xmi	venus	nn_chronik081_1845_5.xml	1845	1840	mkhz.chronik	Undefined	Undefined	no	Anzeige		no	614	NA	NA	NA
rwz_sample_mkhz_2497-1.xmi	neptune	nn_chronik083_1845_5.xml	1845	1840	mkhz.chronik	Undefined	Undefined	no	Anzeige		no	613	NA	NA	NA
rwz_sample_mkhz_2512-short.xmi	neptune	nn_chronik089_1845_2.xml	1845	1840	mkhz.chronik	Hiesiges.	Undefined	no	Kommentar		no	239	NA	NA	NA
rwz_sample_mkhz_2521-1.xmi	venus	nn_chronik091_1845_1.xml	1845	1840	mkhz.chronik	Undefined	Undefined	no	Erzähltext		yes	633	NA	NA	NA
rwz_sample_mkhz_2524-short.xmi	saturn	nn_chronik091_1845_4.xml	1845	1840	mkhz.chronik	Hiesiges	Undefined	no	Kommentar		no	455	NA	NA	NA
rwz_sample_mkhz_2531-short.xmi	venus	nn_chronik092_1845_4.xml	1845	1840	mkhz.chronik	Undefined	Undefined	no	Nachrichten		no	398	NA	NA	NA
rwz_sample_mkhz_2534-short.xmi	earth	nn_chronik092_1845_7.xml	1845	1840	mkhz.chronik	Amtliche Bekanntmachungen.	Undefined	no	Anzeige		no	316	NA	NA	NA
rwz_sample_mkhz_2539-short.xmi	venus	nn_chronik094_1845_3.xml	1845	1840	mkhz.chronik	Jemand der nicht Millionär werden will.	Undefined	no	Nachrichten		no	427	NA	NA	NA
rwz_sample_mkhz_2559-short.xmi	neptune	nn_chronik103_1845_3.xml	1845	1840	mkhz.chronik	Wie sieht's in der Welt aus?	Undefined	no	Nachrichten		yes	514	NA	NA	NA
rwz_sample_mkhz_273-1.xmi	earth	nn_auswanderer01_1848.txt_3.xml	1848	1840	mkhz.auswanderer	Port Natal.	Undefined	no	Reportage		no	581	NA	NA	NA
rwz_sample_mkhz_2737-short.xmi	neptune	nn_europa0106_1905_14.xml	1905	1900	mkhz.europa	Undefined	Undefined	yes	Erzähltext		yes	278	NA	NA	NA
rwz_sample_mkhz_2747-1.xmi	earth	nn_europa0106_1905_6.xml	1905	1900	mkhz.europa	Undefined	Undefined	no	Kommentar		no	588	NA	NA	NA
rwz_sample_mkhz_2758-1.xmi	saturn	nn_europa0108_1905_16.xml	1905	1900	mkhz.europa	Undefined	Undefined	no	Kommentar		yes	620	NA	NA	NA
rwz_sample_mkhz_2764-1.xmi	earth	nn_europa0108_1905_21.xml	1905	1900	mkhz.europa	Undefined	Undefined	no	Reportage		no	608	NA	NA	NA
rwz_sample_mkhz_2779-short.xmi	earth	nn_europa0110_1905_10.xml	1905	1900	mkhz.europa	Undefined	Undefined	no	Reisebericht/Brief		no	576	NA	NA	NA
rwz_sample_mkhz_2786-short.xmi	neptune	nn_europa0110_1905_17.xml	1905	1900	mkhz.europa	Meine teure Freundin	Undefined	no	Reisebericht/Brief		yes	262	NA	NA	NA
rwz_sample_mkhz_2792-1.xmi	venus	nn_europa0110_1905_3.xml	1905	1900	mkhz.europa	Undefined	Undefined	no	Kommentar		no	575	NA	NA	NA
rwz_sample_mkhz_2801-1.xmi	earth	nn_europa0113_1905_11.xml	1905	1900	mkhz.europa	Undefined	Undefined	yes	Erzähltext		yes	629	NA	NA	NA
rwz_sample_mkhz_2806-1.xmi	earth	nn_europa0113_1905_16.xml	1905	1900	mkhz.europa	Undefined	Undefined	no	Reportage		yes	592	NA	NA	NA
rwz_sample_mkhz_2841-1.xmi	neptune	nn_europa0114_1905_30.xml	1905	1900	mkhz.europa	Undefined	Undefined	no	Kommentar		no	609	NA	NA	NA
rwz_sample_mkhz_2845-1.xmi	earth	nn_europa0114_1905_34.xml	1905	1900	mkhz.europa	Undefined	Undefined	no	Rezension		no	589	NA	NA	NA
rwz_sample_mkhz_2847-2.xmi	saturn	nn_europa0114_1905_36.xml	1905	1900	mkhz.europa	Undefined	Undefined	no	Reportage		no	621	NA	NA	NA
rwz_sample_mkhz_3183-short.xmi	earth	nn_maerkische013_1850_5.xml	1850	1850	mkhz.maerkische	Bekanntmachungen.	Undefined	no	Anzeige		no	600	NA	NA	NA
rwz_sample_mkhz_3234-1.xmi	venus	nn_maerkische019_1850_3.xml	1850	1850	mkhz.maerkische	Undefined	Undefined	no	Nachrichten		no	590	NA	NA	NA
rwz_sample_mkhz_3410-1.xmi	neptune	nn_mainzerjournal013_1848_4.xml	1848	1840	mkhz.mainzerjournal	Undefined	Undefined	no	Kommentar		no	652	NA	NA	NA
rwz_sample_mkhz_3428-short.xmi	neptune	nn_mainzerjournal015_1848_7.xml	1848	1840	mkhz.mainzerjournal	Griechenland.	Undefined	no	Nachrichten		no	477	NA	NA	NA
rwz_sample_mkhz_3571-short.xmi	neptune	nn_mainzerjournal043_1848_3.xml	1848	1840	mkhz.mainzerjournal	Oesterreichische Monarchie.	Undefined	no	Nachrichten		no	397	NA	NA	NA
rwz_sample_mkhz_3726-1.xmi	neptune	nn_mainzerjournal064_1848_2.xml	1848	1840	mkhz.mainzerjournal	Undefined	Undefined	no	Nachrichten		no	614	NA	NA	NA
rwz_sample_mkhz_383-1.xmi	uranus	nn_auswanderer24_1848.txt_3.xml	1848	1840	mkhz.auswanderer	Undefined	Undefined	no	Reportage		no	611	NA	NA	NA
rwz_sample_mkhz_387-short.xmi	uranus	nn_auswanderer24_1848.txt_7.xml	1848	1840	mkhz.auswanderer	Das Gesetz zum Schutze der Einwanderer	Undefined	no	Nachrichten		no	320	NA	NA	NA
rwz_sample_mkhz_3999-short.xmi	venus	nn_mainzerjournal165_1848_6.xml	1848	1840	mkhz.mainzerjournal	Undefined	Undefined	no	Reportage		no	269	NA	NA	NA
rwz_sample_mkhz_4096-short.xmi	venus	nn_mainzerjournal240_1849_13.xml	1849	1840	mkhz.mainzerjournal	Undefined	Undefined	no	Reisebericht/Brief		no	370	NA	NA	NA
rwz_sample_mkhz_5007-short.xmi	venus	nn_pfennig010_1843_7.xml	1843	1840	mkhz.pfennig	Undefined	Undefined	no	Nachrichten		no	346	NA	NA	NA
rwz_sample_mkhz_5035-short.xmi	earth	nn_pfennig012_1843_7.xml	1843	1840	mkhz.pfennig	Gasthof in Neuyork	Undefined	no	Anzeige		no	235	NA	NA	NA
rwz_sample_mkhz_5176-1.xmi	neptune	nn_pfennig027_1843_5.xml	1843	1840	mkhz.pfennig	Undefined	Undefined	no	Reportage		no	576	NA	NA	NA
rwz_sample_mkhz_5266-short.xmi	earth	nn_pfennig036_1843_9.xml	1843	1840	mkhz.pfennig	Tugendpreise.	Undefined	no	Reportage		yes	425	NA	NA	NA
rwz_sample_mkhz_5352-1.xmi	neptune	nn_pfennig083_1854_6.xml	1854	1850	mkhz.pfennig	Undefined	Undefined	no	Nachrichten		no	590	NA	NA	NA
rwz_sample_mkhz_5470-1.xmi	neptune	nn_pfennig097_1854_7.xml	1854	1850	mkhz.pfennig	Undefined	Undefined	no	Biographie		no	582	NA	NA	NA
rwz_sample_mkhz_5480-short.xmi	earth	nn_pfennig098_1854_6.xml	1854	1850	mkhz.pfennig	Mandrills.	Undefined	no	Reportage		no	309	NA	NA	NA
rwz_sample_mkhz_564-1.xmi	earth	nn_auswanderer58_1847.txt_7.xml	1847	1840	mkhz.auswanderer	Undefined	Undefined	no	Nachrichten		no	748	NA	NA	NA
rwz_sample_mkhz_583-short.xmi	venus	nn_auswanderer61_1847.txt_3.xml	1847	1840	mkhz.auswanderer	Machtlosigkeit der Censur. (Deutsche Zeitung.)	Undefined	no	Kommentar		no	464	NA	NA	NA
rwz_sample_mkhz_5904-1.xmi	neptune	nn_social04_1873_3.xml	1873	1870	mkhz.social	Undefined	Undefined	yes	Erzähltext		yes	628	NA	NA	NA
rwz_sample_mkhz_5906-1.xmi	venus	nn_social04_1873_4.xml	1873	1870	mkhz.social	Undefined	Undefined	no	Kommentar		no	590	NA	NA	NA
rwz_sample_mkhz_6134-1.xmi	neptune	nn_sonntagsblatt05_1868_2.xml	1868	1860	mkhz.sonntagsblatt	Posthuma. Eine Friesische Novelle.	Jeusen, Wilhelm	yes	Erzähltext		yes	601	NA	NA	NA
rwz_sample_mkhz_6181-1.xmi	venus	nn_sonntagsblatt08_1868_13.xml	1868	1860	mkhz.sonntagsblatt	Undefined	Undefined	no	Reportage		no	563	NA	NA	NA
rwz_sample_mkhz_6202-1.xmi	venus	nn_sonntagsblatt09_1868_11.xml	1868	1860	mkhz.sonntagsblatt	Undefined	Undefined	no	Kommentar		no	571	NA	NA	NA
rwz_sample_mkhz_6256-1.xmi	earth	nn_sonntagsblatt18_1868_1.xml	1868	1860	mkhz.sonntagsblatt	Undefined	Undefined	yes	Erzähltext		yes	596	NA	NA	NA
rwz_sample_mkhz_6288-1.xmi	earth	nn_sonntagsblatt21_1868_7.xml	1868	1860	mkhz.sonntagsblatt	Am Suez-Kanal. (Schluß.)	Undefined	no	Reisebericht/Brief		no	578	NA	NA	NA
rwz_sample_mkhz_6313-1.xmi	earth	nn_sonntagsblatt24_1868_4.xml	1868	1860	mkhz.sonntagsblatt	Undefined	Undefined	no	Biographie		yes	600	NA	NA	NA
rwz_sample_mkhz_6336-1.xmi	earth	nn_sonntagsblatt27_1868_2.xml	1868	1860	mkhz.sonntagsblatt	Ein Vers.	Fürstenberg, James	yes	Erzähltext		yes	628	NA	NA	NA
rwz_sample_mkhz_6355-1.xmi	earth	nn_sonntagsblatt29_1868_5.xml	1868	1860	mkhz.sonntagsblatt	Die neuesten Forschungsreisen und Entdeckungen in Afrika. Mittheilungen über Land und Leute unter dem Aequator und in den Küstenregionen. (Fortsetzung).	Undefined	no	Reisebericht/Brief		no	629	NA	NA	NA
rwz_sample_mkhz_6364-1.xmi	venus	nn_sonntagsblatt32_1868_6.xml	1868	1860	mkhz.sonntagsblatt	Undefined	Undefined	no	Biographie		no	640	NA	NA	NA
rwz_sample_mkhz_6367-2.xmi	venus	nn_sonntagsblatt32_1869_1.xml	1869	1860	mkhz.sonntagsblatt	Undefined	Undefined	no	Erzähltext		yes	641	NA	NA	NA
rwz_sample_mkhz_6368-1.xmi	venus	nn_sonntagsblatt32_1869_2.xml	1869	1860	mkhz.sonntagsblatt	Undefined	Undefined	no	Biographie		no	579	NA	NA	NA
rwz_sample_mkhz_6385-1.xmi	earth	nn_sonntagsblatt44_1868_1.xml	1868	1860	mkhz.sonntagsblatt	Undefined	Undefined	yes	Erzähltext		yes	565	NA	NA	NA
rwz_sample_mkhz_6389-1.xmi	venus	nn_sonntagsblatt44_1868_5.xml	1868	1860	mkhz.sonntagsblatt	Undefined	Undefined	no	Reportage		no	548	NA	NA	NA
rwz_sample_mkhz_6483-1.xmi	earth	nn_wiener244_1850_17.xml	1850	1850	mkhz.wiener	Großbritanien.	Undefined	no	Nachrichten		no	562	NA	NA	NA
rwz_sample_mkhz_6501-1.xmi	earth	nn_wiener248_1850_11.xml	1850	1850	mkhz.wiener	Undefined	Undefined	no	Nachrichten		no	606	NA	NA	NA
rwz_sample_mkhz_6579-short.xmi	earth	nn_wiener260_1850_5.xml	1850	1850	mkhz.wiener	Kronländer	Undefined	no	Nachrichten		no	471	NA	NA	NA
rwz_sample_mkhz_6583-short.xmi	venus	nn_wiener260_1850_9.xml	1850	1850	mkhz.wiener	Undefined	Undefined	no	Nachrichten		no	368	NA	NA	NA
rwz_sample_mkhz_6595-short.xmi	earth	nn_wiener276_1850_7.xml	1850	1850	mkhz.wiener	Telegraphische (Privat-)Depeschen.	Undefined	no	Nachrichten		no	339	NA	NA	NA
rwz_sample_mkhz_85-short.xmi	neptune	nn_arbeitgeber0699_1870.txt_6.xml	1870	1870	mkhz.arbeitgeber	Undefined	Undefined	no	Anzeige		no	228	NA	NA	NA
rwz_sample_mkhz_89-1.xmi	earth	nn_arbeitgeber0701_1870.txt_1.xml	1870	1870	mkhz.arbeitgeber	Arbeitvermittlung. II.	Undefined	no	Kommentar		no	579	NA	NA	NA
rwz_sample_mkhz_98-1.xmi	uranus	nn_arbeitgeber0704_1870.txt_1.xml	1870	1870	mkhz.arbeitgeber	Das Elsaß. I. Nach dem Krieg? II. Handel und Verkehr. Gewerbe. Technik.	Undefined	no	Nachrichten		no	562	NA	NA	NA
rwz_sample_mkhz_993-short.xmi	venus	nn_auswandererzeitung036_1852_9.xml	1852	1850	mkhz.auswandererzeitung	Undefined	Undefined	no	Nachrichten		no	412	NA	NA	NA
